#usda 1.0
(
    defaultPrim = "Table"
    doc = "DrAnmar T1 render-only operating-table overlay; legacy collision remains composed and authoritative."
    metersPerUnit = 1
    upAxis = "Z"
)

def Xform "Table" (
    prepend references = @../../Table/table.usd@</Table>
    assetInfo = {
        string name = "DrAnmarT1OperatingTableVisualOverlay"
        string version = "1.1.0"
    }
    customData = {
        string drAnmarAssetRole = "render_overlay_only"
        string drAnmarBaseAssetSha256 = "78f61603d0605896c9076d0a2b16bc97fd6f0109783a3b1e2dd1cfd86698b7c4"
        bool drAnmarClinicalValidation = false
        bool drAnmarPhysicsAuthority = false
        bool drAnmarPreservesLegacyCollision = true
        string drAnmarRenderGeometry = "independently_generated_uv_authored_table_frame_pad_and_drape"
    }
    kind = "component"
)
{
    def Scope "DrAnmarT1Looks" (
        prepend references = @./materials.usda@</DrAnmarT1VisualMaterials>
    )
    {
    }

    over "Table"
    {
        over "Table"
        {
            token visibility = "invisible"
        }
    }

    def Xform "DrAnmarT1Visual"
    {
        token purpose = "render"

        def Xform "Frame"
        {
            def Mesh "DeckFrame" (
                prepend apiSchemas = ["MaterialBindingAPI"]
            )
            {
                uniform bool doubleSided = false
                float3[] extent = [(-0.87, -0.38, 0.343), (0.87, 0.38, 0.393)]
                int[] faceVertexCounts = [
                    4,
                    4,
                    4,
                    4,
                    4,
                    4
                ]
                int[] faceVertexIndices = [
                    0,
                    1,
                    2,
                    3,
                    4,
                    5,
                    6,
                    7,
                    8,
                    9,
                    10,
                    11,
                    12,
                    13,
                    14,
                    15,
                    16,
                    17,
                    18,
                    19,
                    20,
                    21,
                    22,
                    23
                ]
                normal3f[] normals = [
                    (0, 0, 1),
                    (0, 0, 1),
                    (0, 0, 1),
                    (0, 0, 1),
                    (0, 0, -1),
                    (0, 0, -1),
                    (0, 0, -1),
                    (0, 0, -1),
                    (0, -1, 0),
                    (0, -1, 0),
                    (0, -1, 0),
                    (0, -1, 0),
                    (1, 0, 0),
                    (1, 0, 0),
                    (1, 0, 0),
                    (1, 0, 0),
                    (0, 1, 0),
                    (0, 1, 0),
                    (0, 1, 0),
                    (0, 1, 0),
                    (-1, 0, 0),
                    (-1, 0, 0),
                    (-1, 0, 0),
                    (-1, 0, 0)
                ] (
                    interpolation = "vertex"
                )
                point3f[] points = [
                    (-0.87, -0.38, 0.393),
                    (0.87, -0.38, 0.393),
                    (0.87, 0.38, 0.393),
                    (-0.87, 0.38, 0.393),
                    (-0.87, 0.38, 0.343),
                    (0.87, 0.38, 0.343),
                    (0.87, -0.38, 0.343),
                    (-0.87, -0.38, 0.343),
                    (-0.87, -0.38, 0.343),
                    (0.87, -0.38, 0.343),
                    (0.87, -0.38, 0.393),
                    (-0.87, -0.38, 0.393),
                    (0.87, -0.38, 0.343),
                    (0.87, 0.38, 0.343),
                    (0.87, 0.38, 0.393),
                    (0.87, -0.38, 0.393),
                    (0.87, 0.38, 0.343),
                    (-0.87, 0.38, 0.343),
                    (-0.87, 0.38, 0.393),
                    (0.87, 0.38, 0.393),
                    (-0.87, 0.38, 0.343),
                    (-0.87, -0.38, 0.343),
                    (-0.87, -0.38, 0.393),
                    (-0.87, 0.38, 0.393)
                ]
                texCoord2f[] primvars:st = [
                    (0, 0),
                    (1, 0),
                    (1, 1),
                    (0, 1),
                    (0, 0),
                    (1, 0),
                    (1, 1),
                    (0, 1),
                    (0, 0),
                    (1, 0),
                    (1, 1),
                    (0, 1),
                    (0, 0),
                    (1, 0),
                    (1, 1),
                    (0, 1),
                    (0, 0),
                    (1, 0),
                    (1, 1),
                    (0, 1),
                    (0, 0),
                    (1, 0),
                    (1, 1),
                    (0, 1)
                ] (
                    interpolation = "vertex"
                )
                token purpose = "render"
                rel material:binding = </Table/DrAnmarT1Looks/TableFrameSteel>
                uniform token subdivisionScheme = "none"
            }
            def Mesh "CenterColumn" (
                prepend apiSchemas = ["MaterialBindingAPI"]
            )
            {
                uniform bool doubleSided = false
                float3[] extent = [(-0.11, -0.16, -0.413), (0.11, 0.16, 0.343)]
                int[] faceVertexCounts = [
                    4,
                    4,
                    4,
                    4,
                    4,
                    4
                ]
                int[] faceVertexIndices = [
                    0,
                    1,
                    2,
                    3,
                    4,
                    5,
                    6,
                    7,
                    8,
                    9,
                    10,
                    11,
                    12,
                    13,
                    14,
                    15,
                    16,
                    17,
                    18,
                    19,
                    20,
                    21,
                    22,
                    23
                ]
                normal3f[] normals = [
                    (0, 0, 1),
                    (0, 0, 1),
                    (0, 0, 1),
                    (0, 0, 1),
                    (0, 0, -1),
                    (0, 0, -1),
                    (0, 0, -1),
                    (0, 0, -1),
                    (0, -1, 0),
                    (0, -1, 0),
                    (0, -1, 0),
                    (0, -1, 0),
                    (1, 0, 0),
                    (1, 0, 0),
                    (1, 0, 0),
                    (1, 0, 0),
                    (0, 1, 0),
                    (0, 1, 0),
                    (0, 1, 0),
                    (0, 1, 0),
                    (-1, 0, 0),
                    (-1, 0, 0),
                    (-1, 0, 0),
                    (-1, 0, 0)
                ] (
                    interpolation = "vertex"
                )
                point3f[] points = [
                    (-0.11, -0.16, 0.343),
                    (0.11, -0.16, 0.343),
                    (0.11, 0.16, 0.343),
                    (-0.11, 0.16, 0.343),
                    (-0.11, 0.16, -0.413),
                    (0.11, 0.16, -0.413),
                    (0.11, -0.16, -0.413),
                    (-0.11, -0.16, -0.413),
                    (-0.11, -0.16, -0.413),
                    (0.11, -0.16, -0.413),
                    (0.11, -0.16, 0.343),
                    (-0.11, -0.16, 0.343),
                    (0.11, -0.16, -0.413),
                    (0.11, 0.16, -0.413),
                    (0.11, 0.16, 0.343),
                    (0.11, -0.16, 0.343),
                    (0.11, 0.16, -0.413),
                    (-0.11, 0.16, -0.413),
                    (-0.11, 0.16, 0.343),
                    (0.11, 0.16, 0.343),
                    (-0.11, 0.16, -0.413),
                    (-0.11, -0.16, -0.413),
                    (-0.11, -0.16, 0.343),
                    (-0.11, 0.16, 0.343)
                ]
                texCoord2f[] primvars:st = [
                    (0, 0),
                    (1, 0),
                    (1, 1),
                    (0, 1),
                    (0, 0),
                    (1, 0),
                    (1, 1),
                    (0, 1),
                    (0, 0),
                    (1, 0),
                    (1, 1),
                    (0, 1),
                    (0, 0),
                    (1, 0),
                    (1, 1),
                    (0, 1),
                    (0, 0),
                    (1, 0),
                    (1, 1),
                    (0, 1),
                    (0, 0),
                    (1, 0),
                    (1, 1),
                    (0, 1)
                ] (
                    interpolation = "vertex"
                )
                token purpose = "render"
                rel material:binding = </Table/DrAnmarT1Looks/TableFrameSteel>
                uniform token subdivisionScheme = "none"
            }
            def Mesh "FloorBase" (
                prepend apiSchemas = ["MaterialBindingAPI"]
            )
            {
                uniform bool doubleSided = false
                float3[] extent = [(-0.51, -0.3, -0.454), (0.51, 0.3, -0.396)]
                int[] faceVertexCounts = [
                    4,
                    4,
                    4,
                    4,
                    4,
                    4
                ]
                int[] faceVertexIndices = [
                    0,
                    1,
                    2,
                    3,
                    4,
                    5,
                    6,
                    7,
                    8,
                    9,
                    10,
                    11,
                    12,
                    13,
                    14,
                    15,
                    16,
                    17,
                    18,
                    19,
                    20,
                    21,
                    22,
                    23
                ]
                normal3f[] normals = [
                    (0, 0, 1),
                    (0, 0, 1),
                    (0, 0, 1),
                    (0, 0, 1),
                    (0, 0, -1),
                    (0, 0, -1),
                    (0, 0, -1),
                    (0, 0, -1),
                    (0, -1, 0),
                    (0, -1, 0),
                    (0, -1, 0),
                    (0, -1, 0),
                    (1, 0, 0),
                    (1, 0, 0),
                    (1, 0, 0),
                    (1, 0, 0),
                    (0, 1, 0),
                    (0, 1, 0),
                    (0, 1, 0),
                    (0, 1, 0),
                    (-1, 0, 0),
                    (-1, 0, 0),
                    (-1, 0, 0),
                    (-1, 0, 0)
                ] (
                    interpolation = "vertex"
                )
                point3f[] points = [
                    (-0.51, -0.3, -0.396),
                    (0.51, -0.3, -0.396),
                    (0.51, 0.3, -0.396),
                    (-0.51, 0.3, -0.396),
                    (-0.51, 0.3, -0.454),
                    (0.51, 0.3, -0.454),
                    (0.51, -0.3, -0.454),
                    (-0.51, -0.3, -0.454),
                    (-0.51, -0.3, -0.454),
                    (0.51, -0.3, -0.454),
                    (0.51, -0.3, -0.396),
                    (-0.51, -0.3, -0.396),
                    (0.51, -0.3, -0.454),
                    (0.51, 0.3, -0.454),
                    (0.51, 0.3, -0.396),
                    (0.51, -0.3, -0.396),
                    (0.51, 0.3, -0.454),
                    (-0.51, 0.3, -0.454),
                    (-0.51, 0.3, -0.396),
                    (0.51, 0.3, -0.396),
                    (-0.51, 0.3, -0.454),
                    (-0.51, -0.3, -0.454),
                    (-0.51, -0.3, -0.396),
                    (-0.51, 0.3, -0.396)
                ]
                texCoord2f[] primvars:st = [
                    (0, 0),
                    (1, 0),
                    (1, 1),
                    (0, 1),
                    (0, 0),
                    (1, 0),
                    (1, 1),
                    (0, 1),
                    (0, 0),
                    (1, 0),
                    (1, 1),
                    (0, 1),
                    (0, 0),
                    (1, 0),
                    (1, 1),
                    (0, 1),
                    (0, 0),
                    (1, 0),
                    (1, 1),
                    (0, 1),
                    (0, 0),
                    (1, 0),
                    (1, 1),
                    (0, 1)
                ] (
                    interpolation = "vertex"
                )
                token purpose = "render"
                rel material:binding = </Table/DrAnmarT1Looks/TableFrameSteel>
                uniform token subdivisionScheme = "none"
            }
            def Mesh "LeftFoot" (
                prepend apiSchemas = ["MaterialBindingAPI"]
            )
            {
                uniform bool doubleSided = false
                float3[] extent = [(-0.74, -0.08, -0.454), (-0.48, 0.08, -0.386)]
                int[] faceVertexCounts = [
                    4,
                    4,
                    4,
                    4,
                    4,
                    4
                ]
                int[] faceVertexIndices = [
                    0,
                    1,
                    2,
                    3,
                    4,
                    5,
                    6,
                    7,
                    8,
                    9,
                    10,
                    11,
                    12,
                    13,
                    14,
                    15,
                    16,
                    17,
                    18,
                    19,
                    20,
                    21,
                    22,
                    23
                ]
                normal3f[] normals = [
                    (0, 0, 1),
                    (0, 0, 1),
                    (0, 0, 1),
                    (0, 0, 1),
                    (0, 0, -1),
                    (0, 0, -1),
                    (0, 0, -1),
                    (0, 0, -1),
                    (0, -1, 0),
                    (0, -1, 0),
                    (0, -1, 0),
                    (0, -1, 0),
                    (1, 0, 0),
                    (1, 0, 0),
                    (1, 0, 0),
                    (1, 0, 0),
                    (0, 1, 0),
                    (0, 1, 0),
                    (0, 1, 0),
                    (0, 1, 0),
                    (-1, 0, 0),
                    (-1, 0, 0),
                    (-1, 0, 0),
                    (-1, 0, 0)
                ] (
                    interpolation = "vertex"
                )
                point3f[] points = [
                    (-0.74, -0.08, -0.386),
                    (-0.48, -0.08, -0.386),
                    (-0.48, 0.08, -0.386),
                    (-0.74, 0.08, -0.386),
                    (-0.74, 0.08, -0.454),
                    (-0.48, 0.08, -0.454),
                    (-0.48, -0.08, -0.454),
                    (-0.74, -0.08, -0.454),
                    (-0.74, -0.08, -0.454),
                    (-0.48, -0.08, -0.454),
                    (-0.48, -0.08, -0.386),
                    (-0.74, -0.08, -0.386),
                    (-0.48, -0.08, -0.454),
                    (-0.48, 0.08, -0.454),
                    (-0.48, 0.08, -0.386),
                    (-0.48, -0.08, -0.386),
                    (-0.48, 0.08, -0.454),
                    (-0.74, 0.08, -0.454),
                    (-0.74, 0.08, -0.386),
                    (-0.48, 0.08, -0.386),
                    (-0.74, 0.08, -0.454),
                    (-0.74, -0.08, -0.454),
                    (-0.74, -0.08, -0.386),
                    (-0.74, 0.08, -0.386)
                ]
                texCoord2f[] primvars:st = [
                    (0, 0),
                    (1, 0),
                    (1, 1),
                    (0, 1),
                    (0, 0),
                    (1, 0),
                    (1, 1),
                    (0, 1),
                    (0, 0),
                    (1, 0),
                    (1, 1),
                    (0, 1),
                    (0, 0),
                    (1, 0),
                    (1, 1),
                    (0, 1),
                    (0, 0),
                    (1, 0),
                    (1, 1),
                    (0, 1),
                    (0, 0),
                    (1, 0),
                    (1, 1),
                    (0, 1)
                ] (
                    interpolation = "vertex"
                )
                token purpose = "render"
                rel material:binding = </Table/DrAnmarT1Looks/TableFrameSteel>
                uniform token subdivisionScheme = "none"
            }
            def Mesh "RightFoot" (
                prepend apiSchemas = ["MaterialBindingAPI"]
            )
            {
                uniform bool doubleSided = false
                float3[] extent = [(0.48, -0.08, -0.454), (0.74, 0.08, -0.386)]
                int[] faceVertexCounts = [
                    4,
                    4,
                    4,
                    4,
                    4,
                    4
                ]
                int[] faceVertexIndices = [
                    0,
                    1,
                    2,
                    3,
                    4,
                    5,
                    6,
                    7,
                    8,
                    9,
                    10,
                    11,
                    12,
                    13,
                    14,
                    15,
                    16,
                    17,
                    18,
                    19,
                    20,
                    21,
                    22,
                    23
                ]
                normal3f[] normals = [
                    (0, 0, 1),
                    (0, 0, 1),
                    (0, 0, 1),
                    (0, 0, 1),
                    (0, 0, -1),
                    (0, 0, -1),
                    (0, 0, -1),
                    (0, 0, -1),
                    (0, -1, 0),
                    (0, -1, 0),
                    (0, -1, 0),
                    (0, -1, 0),
                    (1, 0, 0),
                    (1, 0, 0),
                    (1, 0, 0),
                    (1, 0, 0),
                    (0, 1, 0),
                    (0, 1, 0),
                    (0, 1, 0),
                    (0, 1, 0),
                    (-1, 0, 0),
                    (-1, 0, 0),
                    (-1, 0, 0),
                    (-1, 0, 0)
                ] (
                    interpolation = "vertex"
                )
                point3f[] points = [
                    (0.48, -0.08, -0.386),
                    (0.74, -0.08, -0.386),
                    (0.74, 0.08, -0.386),
                    (0.48, 0.08, -0.386),
                    (0.48, 0.08, -0.454),
                    (0.74, 0.08, -0.454),
                    (0.74, -0.08, -0.454),
                    (0.48, -0.08, -0.454),
                    (0.48, -0.08, -0.454),
                    (0.74, -0.08, -0.454),
                    (0.74, -0.08, -0.386),
                    (0.48, -0.08, -0.386),
                    (0.74, -0.08, -0.454),
                    (0.74, 0.08, -0.454),
                    (0.74, 0.08, -0.386),
                    (0.74, -0.08, -0.386),
                    (0.74, 0.08, -0.454),
                    (0.48, 0.08, -0.454),
                    (0.48, 0.08, -0.386),
                    (0.74, 0.08, -0.386),
                    (0.48, 0.08, -0.454),
                    (0.48, -0.08, -0.454),
                    (0.48, -0.08, -0.386),
                    (0.48, 0.08, -0.386)
                ]
                texCoord2f[] primvars:st = [
                    (0, 0),
                    (1, 0),
                    (1, 1),
                    (0, 1),
                    (0, 0),
                    (1, 0),
                    (1, 1),
                    (0, 1),
                    (0, 0),
                    (1, 0),
                    (1, 1),
                    (0, 1),
                    (0, 0),
                    (1, 0),
                    (1, 1),
                    (0, 1),
                    (0, 0),
                    (1, 0),
                    (1, 1),
                    (0, 1),
                    (0, 0),
                    (1, 0),
                    (1, 1),
                    (0, 1)
                ] (
                    interpolation = "vertex"
                )
                token purpose = "render"
                rel material:binding = </Table/DrAnmarT1Looks/TableFrameSteel>
                uniform token subdivisionScheme = "none"
            }
        }

        def Mesh "RoundedPad" (
            prepend apiSchemas = ["MaterialBindingAPI"]
        )
        {
            uniform bool doubleSided = false
            float3[] extent = [(-0.83, -0.35, 0.3915), (0.83, 0.35, 0.4565)]
            int[] faceVertexCounts = [
                3,
                3,
                3,
                3,
                3,
                3,
                3,
                3,
                3,
                3,
                3,
                3,
                3,
                3,
                3,
                3,
                3,
                3,
                3,
                3,
                3,
                3,
                3,
                3,
                3,
                3,
                3,
                3,
                3,
                3,
                3,
                3,
                3,
                3,
                3,
                3,
                3,
                3,
                3,
                3,
                3,
                3,
                3,
                3,
                3,
                3,
                3,
                3,
                4,
                4,
                4,
                4,
                4,
                4,
                4,
                4,
                4,
                4,
                4,
                4,
                4,
                4,
                4,
                4,
                4,
                4,
                4,
                4,
                4,
                4,
                4,
                4,
                4,
                4,
                4,
                4,
                4,
                4,
                4,
                4,
                4,
                4,
                4,
                4,
                4,
                4,
                4,
                4,
                4,
                4,
                4,
                4,
                4,
                4,
                4,
                4,
                4,
                4,
                4,
                4,
                4,
                4,
                4,
                4,
                4,
                4,
                4,
                4,
                4,
                4,
                4,
                4,
                4,
                4,
                4,
                4,
                4,
                4,
                4,
                4,
                4,
                4,
                4,
                4,
                4,
                4,
                4,
                4,
                4,
                4,
                4,
                4,
                4,
                4,
                4,
                4,
                4,
                4,
                4,
                4,
                4,
                4,
                4,
                4,
                4,
                4,
                4,
                4,
                4,
                4,
                4,
                4,
                4,
                4,
                4,
                4,
                4,
                4,
                4,
                4,
                4,
                4,
                4,
                4,
                4,
                4,
                4,
                4,
                4,
                4,
                4,
                4,
                4,
                4,
                4,
                4,
                4,
                4,
                4,
                4,
                4,
                4,
                4,
                4,
                4,
                4,
                4,
                4,
                4,
                4,
                4,
                4,
                3,
                3,
                3,
                3,
                3,
                3,
                3,
                3,
                3,
                3,
                3,
                3,
                3,
                3,
                3,
                3,
                3,
                3,
                3,
                3,
                3,
                3,
                3,
                3,
                3,
                3,
                3,
                3,
                3,
                3,
                3,
                3,
                3,
                3,
                3,
                3,
                3,
                3,
                3,
                3,
                3,
                3,
                3,
                3,
                3,
                3,
                3,
                3
            ]
            int[] faceVertexIndices = [
                0,
                1,
                2,
                0,
                2,
                3,
                0,
                3,
                4,
                0,
                4,
                5,
                0,
                5,
                6,
                0,
                6,
                7,
                0,
                7,
                8,
                0,
                8,
                9,
                0,
                9,
                10,
                0,
                10,
                11,
                0,
                11,
                12,
                0,
                12,
                13,
                0,
                13,
                14,
                0,
                14,
                15,
                0,
                15,
                16,
                0,
                16,
                17,
                0,
                17,
                18,
                0,
                18,
                19,
                0,
                19,
                20,
                0,
                20,
                21,
                0,
                21,
                22,
                0,
                22,
                23,
                0,
                23,
                24,
                0,
                24,
                25,
                0,
                25,
                26,
                0,
                26,
                27,
                0,
                27,
                28,
                0,
                28,
                29,
                0,
                29,
                30,
                0,
                30,
                31,
                0,
                31,
                32,
                0,
                32,
                33,
                0,
                33,
                34,
                0,
                34,
                35,
                0,
                35,
                36,
                0,
                36,
                37,
                0,
                37,
                38,
                0,
                38,
                39,
                0,
                39,
                40,
                0,
                40,
                41,
                0,
                41,
                42,
                0,
                42,
                43,
                0,
                43,
                44,
                0,
                44,
                45,
                0,
                45,
                46,
                0,
                46,
                47,
                0,
                47,
                48,
                0,
                48,
                1,
                1,
                49,
                50,
                2,
                2,
                50,
                51,
                3,
                3,
                51,
                52,
                4,
                4,
                52,
                53,
                5,
                5,
                53,
                54,
                6,
                6,
                54,
                55,
                7,
                7,
                55,
                56,
                8,
                8,
                56,
                57,
                9,
                9,
                57,
                58,
                10,
                10,
                58,
                59,
                11,
                11,
                59,
                60,
                12,
                12,
                60,
                61,
                13,
                13,
                61,
                62,
                14,
                14,
                62,
                63,
                15,
                15,
                63,
                64,
                16,
                16,
                64,
                65,
                17,
                17,
                65,
                66,
                18,
                18,
                66,
                67,
                19,
                19,
                67,
                68,
                20,
                20,
                68,
                69,
                21,
                21,
                69,
                70,
                22,
                22,
                70,
                71,
                23,
                23,
                71,
                72,
                24,
                24,
                72,
                73,
                25,
                25,
                73,
                74,
                26,
                26,
                74,
                75,
                27,
                27,
                75,
                76,
                28,
                28,
                76,
                77,
                29,
                29,
                77,
                78,
                30,
                30,
                78,
                79,
                31,
                31,
                79,
                80,
                32,
                32,
                80,
                81,
                33,
                33,
                81,
                82,
                34,
                34,
                82,
                83,
                35,
                35,
                83,
                84,
                36,
                36,
                84,
                85,
                37,
                37,
                85,
                86,
                38,
                38,
                86,
                87,
                39,
                39,
                87,
                88,
                40,
                40,
                88,
                89,
                41,
                41,
                89,
                90,
                42,
                42,
                90,
                91,
                43,
                43,
                91,
                92,
                44,
                44,
                92,
                93,
                45,
                45,
                93,
                94,
                46,
                46,
                94,
                95,
                47,
                47,
                95,
                96,
                48,
                48,
                96,
                49,
                1,
                49,
                97,
                98,
                50,
                50,
                98,
                99,
                51,
                51,
                99,
                100,
                52,
                52,
                100,
                101,
                53,
                53,
                101,
                102,
                54,
                54,
                102,
                103,
                55,
                55,
                103,
                104,
                56,
                56,
                104,
                105,
                57,
                57,
                105,
                106,
                58,
                58,
                106,
                107,
                59,
                59,
                107,
                108,
                60,
                60,
                108,
                109,
                61,
                61,
                109,
                110,
                62,
                62,
                110,
                111,
                63,
                63,
                111,
                112,
                64,
                64,
                112,
                113,
                65,
                65,
                113,
                114,
                66,
                66,
                114,
                115,
                67,
                67,
                115,
                116,
                68,
                68,
                116,
                117,
                69,
                69,
                117,
                118,
                70,
                70,
                118,
                119,
                71,
                71,
                119,
                120,
                72,
                72,
                120,
                121,
                73,
                73,
                121,
                122,
                74,
                74,
                122,
                123,
                75,
                75,
                123,
                124,
                76,
                76,
                124,
                125,
                77,
                77,
                125,
                126,
                78,
                78,
                126,
                127,
                79,
                79,
                127,
                128,
                80,
                80,
                128,
                129,
                81,
                81,
                129,
                130,
                82,
                82,
                130,
                131,
                83,
                83,
                131,
                132,
                84,
                84,
                132,
                133,
                85,
                85,
                133,
                134,
                86,
                86,
                134,
                135,
                87,
                87,
                135,
                136,
                88,
                88,
                136,
                137,
                89,
                89,
                137,
                138,
                90,
                90,
                138,
                139,
                91,
                91,
                139,
                140,
                92,
                92,
                140,
                141,
                93,
                93,
                141,
                142,
                94,
                94,
                142,
                143,
                95,
                95,
                143,
                144,
                96,
                96,
                144,
                97,
                49,
                97,
                145,
                146,
                98,
                98,
                146,
                147,
                99,
                99,
                147,
                148,
                100,
                100,
                148,
                149,
                101,
                101,
                149,
                150,
                102,
                102,
                150,
                151,
                103,
                103,
                151,
                152,
                104,
                104,
                152,
                153,
                105,
                105,
                153,
                154,
                106,
                106,
                154,
                155,
                107,
                107,
                155,
                156,
                108,
                108,
                156,
                157,
                109,
                109,
                157,
                158,
                110,
                110,
                158,
                159,
                111,
                111,
                159,
                160,
                112,
                112,
                160,
                161,
                113,
                113,
                161,
                162,
                114,
                114,
                162,
                163,
                115,
                115,
                163,
                164,
                116,
                116,
                164,
                165,
                117,
                117,
                165,
                166,
                118,
                118,
                166,
                167,
                119,
                119,
                167,
                168,
                120,
                120,
                168,
                169,
                121,
                121,
                169,
                170,
                122,
                122,
                170,
                171,
                123,
                123,
                171,
                172,
                124,
                124,
                172,
                173,
                125,
                125,
                173,
                174,
                126,
                126,
                174,
                175,
                127,
                127,
                175,
                176,
                128,
                128,
                176,
                177,
                129,
                129,
                177,
                178,
                130,
                130,
                178,
                179,
                131,
                131,
                179,
                180,
                132,
                132,
                180,
                181,
                133,
                133,
                181,
                182,
                134,
                134,
                182,
                183,
                135,
                135,
                183,
                184,
                136,
                136,
                184,
                185,
                137,
                137,
                185,
                186,
                138,
                138,
                186,
                187,
                139,
                139,
                187,
                188,
                140,
                140,
                188,
                189,
                141,
                141,
                189,
                190,
                142,
                142,
                190,
                191,
                143,
                143,
                191,
                192,
                144,
                144,
                192,
                145,
                97,
                193,
                146,
                145,
                193,
                147,
                146,
                193,
                148,
                147,
                193,
                149,
                148,
                193,
                150,
                149,
                193,
                151,
                150,
                193,
                152,
                151,
                193,
                153,
                152,
                193,
                154,
                153,
                193,
                155,
                154,
                193,
                156,
                155,
                193,
                157,
                156,
                193,
                158,
                157,
                193,
                159,
                158,
                193,
                160,
                159,
                193,
                161,
                160,
                193,
                162,
                161,
                193,
                163,
                162,
                193,
                164,
                163,
                193,
                165,
                164,
                193,
                166,
                165,
                193,
                167,
                166,
                193,
                168,
                167,
                193,
                169,
                168,
                193,
                170,
                169,
                193,
                171,
                170,
                193,
                172,
                171,
                193,
                173,
                172,
                193,
                174,
                173,
                193,
                175,
                174,
                193,
                176,
                175,
                193,
                177,
                176,
                193,
                178,
                177,
                193,
                179,
                178,
                193,
                180,
                179,
                193,
                181,
                180,
                193,
                182,
                181,
                193,
                183,
                182,
                193,
                184,
                183,
                193,
                185,
                184,
                193,
                186,
                185,
                193,
                187,
                186,
                193,
                188,
                187,
                193,
                189,
                188,
                193,
                190,
                189,
                193,
                191,
                190,
                193,
                192,
                191,
                193,
                145,
                192
            ]
            normal3f[] normals = [
                (0, 0, 1),
                (0, 0, 1),
                (0, 0, 1),
                (0, 0, 1),
                (0, 0, 1),
                (0, 0, 1),
                (0, 0, 1),
                (0, 0, 1),
                (0, 0, 1),
                (0, 0, 1),
                (0, 0, 1),
                (0, 0, 1),
                (0, 0, 1),
                (0, 0, 1),
                (0, 0, 1),
                (0, 0, 1),
                (0, 0, 1),
                (0, 0, 1),
                (0, 0, 1),
                (0, 0, 1),
                (0, 0, 1),
                (0, 0, 1),
                (0, 0, 1),
                (0, 0, 1),
                (0, 0, 1),
                (0, 0, 1),
                (0, 0, 1),
                (0, 0, 1),
                (0, 0, 1),
                (0, 0, 1),
                (0, 0, 1),
                (0, 0, 1),
                (0, 0, 1),
                (0, 0, 1),
                (0, 0, 1),
                (0, 0, 1),
                (0, 0, 1),
                (0, 0, 1),
                (0, 0, 1),
                (0, 0, 1),
                (0, 0, 1),
                (0, 0, 1),
                (0, 0, 1),
                (0, 0, 1),
                (0, 0, 1),
                (0, 0, 1),
                (0, 0, 1),
                (0, 0, 1),
                (0, 0, 1),
                (0.548315955, 0.446485849, 0.707106781),
                (0.541678198, 0.454515929, 0.707106781),
                (0.534883896, 0.462492398, 0.707106781),
                (0.528032259, 0.470299833, 0.707106781),
                (0.521222068, 0.477836328, 0.707106781),
                (0.514550572, 0.485013102, 0.707106781),
                (0.508112565, 0.491753619, 0.707106781),
                (0.50199963, 0.497992341, 0.707106781),
                (0.496299548, 0.503673266, 0.707106781),
                (0.491095836, 0.508748347, 0.707106781),
                (0.486467363, 0.5131759, 0.707106781),
                (0.482487975, 0.516919098, 0.707106781),
                (-0.479226051, 0.519944605, 0.707106781),
                (-0.482487975, 0.516919098, 0.707106781),
                (-0.486467363, 0.5131759, 0.707106781),
                (-0.491095836, 0.508748347, 0.707106781),
                (-0.496299548, 0.503673266, 0.707106781),
                (-0.50199963, 0.497992341, 0.707106781),
                (-0.508112565, 0.491753619, 0.707106781),
                (-0.514550572, 0.485013102, 0.707106781),
                (-0.521222068, 0.477836328, 0.707106781),
                (-0.528032259, 0.470299833, 0.707106781),
                (-0.534883896, 0.462492398, 0.707106781),
                (-0.541678198, 0.454515929, 0.707106781),
                (-0.548315955, -0.446485849, 0.707106781),
                (-0.541678198, -0.454515929, 0.707106781),
                (-0.534883896, -0.462492398, 0.707106781),
                (-0.528032259, -0.470299833, 0.707106781),
                (-0.521222068, -0.477836328, 0.707106781),
                (-0.514550572, -0.485013102, 0.707106781),
                (-0.508112565, -0.491753619, 0.707106781),
                (-0.50199963, -0.497992341, 0.707106781),
                (-0.496299548, -0.503673266, 0.707106781),
                (-0.491095836, -0.508748347, 0.707106781),
                (-0.486467363, -0.5131759, 0.707106781),
                (-0.482487975, -0.516919098, 0.707106781),
                (0.479226051, -0.519944605, 0.707106781),
                (0.482487975, -0.516919098, 0.707106781),
                (0.486467363, -0.5131759, 0.707106781),
                (0.491095836, -0.508748347, 0.707106781),
                (0.496299548, -0.503673266, 0.707106781),
                (0.50199963, -0.497992341, 0.707106781),
                (0.508112565, -0.491753619, 0.707106781),
                (0.514550572, -0.485013102, 0.707106781),
                (0.521222068, -0.477836328, 0.707106781),
                (0.528032259, -0.470299833, 0.707106781),
                (0.534883896, -0.462492398, 0.707106781),
                (0.541678198, -0.454515929, 0.707106781),
                (0.548315955, 0.446485849, -0.707106781),
                (0.541678198, 0.454515929, -0.707106781),
                (0.534883896, 0.462492398, -0.707106781),
                (0.528032259, 0.470299833, -0.707106781),
                (0.521222068, 0.477836328, -0.707106781),
                (0.514550572, 0.485013102, -0.707106781),
                (0.508112565, 0.491753619, -0.707106781),
                (0.50199963, 0.497992341, -0.707106781),
                (0.496299548, 0.503673266, -0.707106781),
                (0.491095836, 0.508748347, -0.707106781),
                (0.486467363, 0.5131759, -0.707106781),
                (0.482487975, 0.516919098, -0.707106781),
                (-0.479226051, 0.519944605, -0.707106781),
                (-0.482487975, 0.516919098, -0.707106781),
                (-0.486467363, 0.5131759, -0.707106781),
                (-0.491095836, 0.508748347, -0.707106781),
                (-0.496299548, 0.503673266, -0.707106781),
                (-0.50199963, 0.497992341, -0.707106781),
                (-0.508112565, 0.491753619, -0.707106781),
                (-0.514550572, 0.485013102, -0.707106781),
                (-0.521222068, 0.477836328, -0.707106781),
                (-0.528032259, 0.470299833, -0.707106781),
                (-0.534883896, 0.462492398, -0.707106781),
                (-0.541678198, 0.454515929, -0.707106781),
                (-0.548315955, -0.446485849, -0.707106781),
                (-0.541678198, -0.454515929, -0.707106781),
                (-0.534883896, -0.462492398, -0.707106781),
                (-0.528032259, -0.470299833, -0.707106781),
                (-0.521222068, -0.477836328, -0.707106781),
                (-0.514550572, -0.485013102, -0.707106781),
                (-0.508112565, -0.491753619, -0.707106781),
                (-0.50199963, -0.497992341, -0.707106781),
                (-0.496299548, -0.503673266, -0.707106781),
                (-0.491095836, -0.508748347, -0.707106781),
                (-0.486467363, -0.5131759, -0.707106781),
                (-0.482487975, -0.516919098, -0.707106781),
                (0.479226051, -0.519944605, -0.707106781),
                (0.482487975, -0.516919098, -0.707106781),
                (0.486467363, -0.5131759, -0.707106781),
                (0.491095836, -0.508748347, -0.707106781),
                (0.496299548, -0.503673266, -0.707106781),
                (0.50199963, -0.497992341, -0.707106781),
                (0.508112565, -0.491753619, -0.707106781),
                (0.514550572, -0.485013102, -0.707106781),
                (0.521222068, -0.477836328, -0.707106781),
                (0.528032259, -0.470299833, -0.707106781),
                (0.534883896, -0.462492398, -0.707106781),
                (0.541678198, -0.454515929, -0.707106781),
                (0, 0, -1),
                (0, 0, -1),
                (0, 0, -1),
                (0, 0, -1),
                (0, 0, -1),
                (0, 0, -1),
                (0, 0, -1),
                (0, 0, -1),
                (0, 0, -1),
                (0, 0, -1),
                (0, 0, -1),
                (0, 0, -1),
                (0, 0, -1),
                (0, 0, -1),
                (0, 0, -1),
                (0, 0, -1),
                (0, 0, -1),
                (0, 0, -1),
                (0, 0, -1),
                (0, 0, -1),
                (0, 0, -1),
                (0, 0, -1),
                (0, 0, -1),
                (0, 0, -1),
                (0, 0, -1),
                (0, 0, -1),
                (0, 0, -1),
                (0, 0, -1),
                (0, 0, -1),
                (0, 0, -1),
                (0, 0, -1),
                (0, 0, -1),
                (0, 0, -1),
                (0, 0, -1),
                (0, 0, -1),
                (0, 0, -1),
                (0, 0, -1),
                (0, 0, -1),
                (0, 0, -1),
                (0, 0, -1),
                (0, 0, -1),
                (0, 0, -1),
                (0, 0, -1),
                (0, 0, -1),
                (0, 0, -1),
                (0, 0, -1),
                (0, 0, -1),
                (0, 0, -1),
                (0, 0, -1)
            ] (
                interpolation = "vertex"
            )
            point3f[] points = [
                (0, 0, 0.4565),
                (0.821, 0.285, 0.4565),
                (0.820520912, 0.292309467, 0.4565),
                (0.819091846, 0.299493867, 0.4565),
                (0.816737254, 0.306430272, 0.4565),
                (0.813497423, 0.313, 0.4565),
                (0.809427787, 0.31909064, 0.4565),
                (0.80459798, 0.32459798, 0.4565),
                (0.79909064, 0.329427787, 0.4565),
                (0.793, 0.333497423, 0.4565),
                (0.786430272, 0.336737254, 0.4565),
                (0.779493867, 0.339091846, 0.4565),
                (0.772309467, 0.340520912, 0.4565),
                (-0.765, 0.341, 0.4565),
                (-0.772309467, 0.340520912, 0.4565),
                (-0.779493867, 0.339091846, 0.4565),
                (-0.786430272, 0.336737254, 0.4565),
                (-0.793, 0.333497423, 0.4565),
                (-0.79909064, 0.329427787, 0.4565),
                (-0.80459798, 0.32459798, 0.4565),
                (-0.809427787, 0.31909064, 0.4565),
                (-0.813497423, 0.313, 0.4565),
                (-0.816737254, 0.306430272, 0.4565),
                (-0.819091846, 0.299493867, 0.4565),
                (-0.820520912, 0.292309467, 0.4565),
                (-0.821, -0.285, 0.4565),
                (-0.820520912, -0.292309467, 0.4565),
                (-0.819091846, -0.299493867, 0.4565),
                (-0.816737254, -0.306430272, 0.4565),
                (-0.813497423, -0.313, 0.4565),
                (-0.809427787, -0.31909064, 0.4565),
                (-0.80459798, -0.32459798, 0.4565),
                (-0.79909064, -0.329427787, 0.4565),
                (-0.793, -0.333497423, 0.4565),
                (-0.786430272, -0.336737254, 0.4565),
                (-0.779493867, -0.339091846, 0.4565),
                (-0.772309467, -0.340520912, 0.4565),
                (0.765, -0.341, 0.4565),
                (0.772309467, -0.340520912, 0.4565),
                (0.779493867, -0.339091846, 0.4565),
                (0.786430272, -0.336737254, 0.4565),
                (0.793, -0.333497423, 0.4565),
                (0.79909064, -0.329427787, 0.4565),
                (0.80459798, -0.32459798, 0.4565),
                (0.809427787, -0.31909064, 0.4565),
                (0.813497423, -0.313, 0.4565),
                (0.816737254, -0.306430272, 0.4565),
                (0.819091846, -0.299493867, 0.4565),
                (0.820520912, -0.292309467, 0.4565),
                (0.83, 0.285, 0.4475),
                (0.829443916, 0.293484202, 0.4475),
                (0.827785179, 0.301823238, 0.4475),
                (0.82505217, 0.309874423, 0.4475),
                (0.821291651, 0.3175, 0.4475),
                (0.816567967, 0.324569493, 0.4475),
                (0.810961941, 0.330961941, 0.4475),
                (0.804569493, 0.336567967, 0.4475),
                (0.7975, 0.341291651, 0.4475),
                (0.789874423, 0.34505217, 0.4475),
                (0.781823238, 0.347785179, 0.4475),
                (0.773484202, 0.349443916, 0.4475),
                (-0.765, 0.35, 0.4475),
                (-0.773484202, 0.349443916, 0.4475),
                (-0.781823238, 0.347785179, 0.4475),
                (-0.789874423, 0.34505217, 0.4475),
                (-0.7975, 0.341291651, 0.4475),
                (-0.804569493, 0.336567967, 0.4475),
                (-0.810961941, 0.330961941, 0.4475),
                (-0.816567967, 0.324569493, 0.4475),
                (-0.821291651, 0.3175, 0.4475),
                (-0.82505217, 0.309874423, 0.4475),
                (-0.827785179, 0.301823238, 0.4475),
                (-0.829443916, 0.293484202, 0.4475),
                (-0.83, -0.285, 0.4475),
                (-0.829443916, -0.293484202, 0.4475),
                (-0.827785179, -0.301823238, 0.4475),
                (-0.82505217, -0.309874423, 0.4475),
                (-0.821291651, -0.3175, 0.4475),
                (-0.816567967, -0.324569493, 0.4475),
                (-0.810961941, -0.330961941, 0.4475),
                (-0.804569493, -0.336567967, 0.4475),
                (-0.7975, -0.341291651, 0.4475),
                (-0.789874423, -0.34505217, 0.4475),
                (-0.781823238, -0.347785179, 0.4475),
                (-0.773484202, -0.349443916, 0.4475),
                (0.765, -0.35, 0.4475),
                (0.773484202, -0.349443916, 0.4475),
                (0.781823238, -0.347785179, 0.4475),
                (0.789874423, -0.34505217, 0.4475),
                (0.7975, -0.341291651, 0.4475),
                (0.804569493, -0.336567967, 0.4475),
                (0.810961941, -0.330961941, 0.4475),
                (0.816567967, -0.324569493, 0.4475),
                (0.821291651, -0.3175, 0.4475),
                (0.82505217, -0.309874423, 0.4475),
                (0.827785179, -0.301823238, 0.4475),
                (0.829443916, -0.293484202, 0.4475),
                (0.83, 0.285, 0.4005),
                (0.829443916, 0.293484202, 0.4005),
                (0.827785179, 0.301823238, 0.4005),
                (0.82505217, 0.309874423, 0.4005),
                (0.821291651, 0.3175, 0.4005),
                (0.816567967, 0.324569493, 0.4005),
                (0.810961941, 0.330961941, 0.4005),
                (0.804569493, 0.336567967, 0.4005),
                (0.7975, 0.341291651, 0.4005),
                (0.789874423, 0.34505217, 0.4005),
                (0.781823238, 0.347785179, 0.4005),
                (0.773484202, 0.349443916, 0.4005),
                (-0.765, 0.35, 0.4005),
                (-0.773484202, 0.349443916, 0.4005),
                (-0.781823238, 0.347785179, 0.4005),
                (-0.789874423, 0.34505217, 0.4005),
                (-0.7975, 0.341291651, 0.4005),
                (-0.804569493, 0.336567967, 0.4005),
                (-0.810961941, 0.330961941, 0.4005),
                (-0.816567967, 0.324569493, 0.4005),
                (-0.821291651, 0.3175, 0.4005),
                (-0.82505217, 0.309874423, 0.4005),
                (-0.827785179, 0.301823238, 0.4005),
                (-0.829443916, 0.293484202, 0.4005),
                (-0.83, -0.285, 0.4005),
                (-0.829443916, -0.293484202, 0.4005),
                (-0.827785179, -0.301823238, 0.4005),
                (-0.82505217, -0.309874423, 0.4005),
                (-0.821291651, -0.3175, 0.4005),
                (-0.816567967, -0.324569493, 0.4005),
                (-0.810961941, -0.330961941, 0.4005),
                (-0.804569493, -0.336567967, 0.4005),
                (-0.7975, -0.341291651, 0.4005),
                (-0.789874423, -0.34505217, 0.4005),
                (-0.781823238, -0.347785179, 0.4005),
                (-0.773484202, -0.349443916, 0.4005),
                (0.765, -0.35, 0.4005),
                (0.773484202, -0.349443916, 0.4005),
                (0.781823238, -0.347785179, 0.4005),
                (0.789874423, -0.34505217, 0.4005),
                (0.7975, -0.341291651, 0.4005),
                (0.804569493, -0.336567967, 0.4005),
                (0.810961941, -0.330961941, 0.4005),
                (0.816567967, -0.324569493, 0.4005),
                (0.821291651, -0.3175, 0.4005),
                (0.82505217, -0.309874423, 0.4005),
                (0.827785179, -0.301823238, 0.4005),
                (0.829443916, -0.293484202, 0.4005),
                (0.821, 0.285, 0.3915),
                (0.820520912, 0.292309467, 0.3915),
                (0.819091846, 0.299493867, 0.3915),
                (0.816737254, 0.306430272, 0.3915),
                (0.813497423, 0.313, 0.3915),
                (0.809427787, 0.31909064, 0.3915),
                (0.80459798, 0.32459798, 0.3915),
                (0.79909064, 0.329427787, 0.3915),
                (0.793, 0.333497423, 0.3915),
                (0.786430272, 0.336737254, 0.3915),
                (0.779493867, 0.339091846, 0.3915),
                (0.772309467, 0.340520912, 0.3915),
                (-0.765, 0.341, 0.3915),
                (-0.772309467, 0.340520912, 0.3915),
                (-0.779493867, 0.339091846, 0.3915),
                (-0.786430272, 0.336737254, 0.3915),
                (-0.793, 0.333497423, 0.3915),
                (-0.79909064, 0.329427787, 0.3915),
                (-0.80459798, 0.32459798, 0.3915),
                (-0.809427787, 0.31909064, 0.3915),
                (-0.813497423, 0.313, 0.3915),
                (-0.816737254, 0.306430272, 0.3915),
                (-0.819091846, 0.299493867, 0.3915),
                (-0.820520912, 0.292309467, 0.3915),
                (-0.821, -0.285, 0.3915),
                (-0.820520912, -0.292309467, 0.3915),
                (-0.819091846, -0.299493867, 0.3915),
                (-0.816737254, -0.306430272, 0.3915),
                (-0.813497423, -0.313, 0.3915),
                (-0.809427787, -0.31909064, 0.3915),
                (-0.80459798, -0.32459798, 0.3915),
                (-0.79909064, -0.329427787, 0.3915),
                (-0.793, -0.333497423, 0.3915),
                (-0.786430272, -0.336737254, 0.3915),
                (-0.779493867, -0.339091846, 0.3915),
                (-0.772309467, -0.340520912, 0.3915),
                (0.765, -0.341, 0.3915),
                (0.772309467, -0.340520912, 0.3915),
                (0.779493867, -0.339091846, 0.3915),
                (0.786430272, -0.336737254, 0.3915),
                (0.793, -0.333497423, 0.3915),
                (0.79909064, -0.329427787, 0.3915),
                (0.80459798, -0.32459798, 0.3915),
                (0.809427787, -0.31909064, 0.3915),
                (0.813497423, -0.313, 0.3915),
                (0.816737254, -0.306430272, 0.3915),
                (0.819091846, -0.299493867, 0.3915),
                (0.820520912, -0.292309467, 0.3915),
                (0, 0, 0.3915)
            ]
            texCoord2f[] primvars:st = [
                (0.5, 0.5),
                (0.994578313, 0.907142857),
                (0.994289706, 0.917584953),
                (0.5, 0.5),
                (0.994289706, 0.917584953),
                (0.993428823, 0.927848381),
                (0.5, 0.5),
                (0.993428823, 0.927848381),
                (0.992010394, 0.937757532),
                (0.5, 0.5),
                (0.992010394, 0.937757532),
                (0.990058688, 0.947142857),
                (0.5, 0.5),
                (0.990058688, 0.947142857),
                (0.987607101, 0.955843771),
                (0.5, 0.5),
                (0.987607101, 0.955843771),
                (0.984697578, 0.9637114),
                (0.5, 0.5),
                (0.984697578, 0.9637114),
                (0.981379904, 0.970611124),
                (0.5, 0.5),
                (0.981379904, 0.970611124),
                (0.977710843, 0.976424889),
                (0.5, 0.5),
                (0.977710843, 0.976424889),
                (0.973753176, 0.98105322),
                (0.5, 0.5),
                (0.973753176, 0.98105322),
                (0.969574618, 0.984416923),
                (0.5, 0.5),
                (0.969574618, 0.984416923),
                (0.965246667, 0.986458446),
                (0.5, 0.5),
                (0.965246667, 0.986458446),
                (0.0391566265, 0.987142857),
                (0.5, 0.5),
                (0.0391566265, 0.987142857),
                (0.0347533333, 0.986458446),
                (0.5, 0.5),
                (0.0347533333, 0.986458446),
                (0.0304253816, 0.984416923),
                (0.5, 0.5),
                (0.0304253816, 0.984416923),
                (0.026246824, 0.98105322),
                (0.5, 0.5),
                (0.026246824, 0.98105322),
                (0.0222891566, 0.976424889),
                (0.5, 0.5),
                (0.0222891566, 0.976424889),
                (0.0186200964, 0.970611124),
                (0.5, 0.5),
                (0.0186200964, 0.970611124),
                (0.0153024218, 0.9637114),
                (0.5, 0.5),
                (0.0153024218, 0.9637114),
                (0.0123928994, 0.955843771),
                (0.5, 0.5),
                (0.0123928994, 0.955843771),
                (0.00994131168, 0.947142857),
                (0.5, 0.5),
                (0.00994131168, 0.947142857),
                (0.00798960613, 0.937757532),
                (0.5, 0.5),
                (0.00798960613, 0.937757532),
                (0.00657117694, 0.927848381),
                (0.5, 0.5),
                (0.00657117694, 0.927848381),
                (0.00571029383, 0.917584953),
                (0.5, 0.5),
                (0.00571029383, 0.917584953),
                (0.00542168675, 0.0928571429),
                (0.5, 0.5),
                (0.00542168675, 0.0928571429),
                (0.00571029383, 0.0824150475),
                (0.5, 0.5),
                (0.00571029383, 0.0824150475),
                (0.00657117694, 0.0721516192),
                (0.5, 0.5),
                (0.00657117694, 0.0721516192),
                (0.00798960613, 0.0622424683),
                (0.5, 0.5),
                (0.00798960613, 0.0622424683),
                (0.00994131168, 0.0528571429),
                (0.5, 0.5),
                (0.00994131168, 0.0528571429),
                (0.0123928994, 0.0441562285),
                (0.5, 0.5),
                (0.0123928994, 0.0441562285),
                (0.0153024218, 0.0362886004),
                (0.5, 0.5),
                (0.0153024218, 0.0362886004),
                (0.0186200964, 0.0293888756),
                (0.5, 0.5),
                (0.0186200964, 0.0293888756),
                (0.0222891566, 0.0235751106),
                (0.5, 0.5),
                (0.0222891566, 0.0235751106),
                (0.026246824, 0.0189467803),
                (0.5, 0.5),
                (0.026246824, 0.0189467803),
                (0.0304253816, 0.0155830768),
                (0.5, 0.5),
                (0.0304253816, 0.0155830768),
                (0.0347533333, 0.0135415539),
                (0.5, 0.5),
                (0.0347533333, 0.0135415539),
                (0.960843373, 0.0128571429),
                (0.5, 0.5),
                (0.960843373, 0.0128571429),
                (0.965246667, 0.0135415539),
                (0.5, 0.5),
                (0.965246667, 0.0135415539),
                (0.969574618, 0.0155830768),
                (0.5, 0.5),
                (0.969574618, 0.0155830768),
                (0.973753176, 0.0189467803),
                (0.5, 0.5),
                (0.973753176, 0.0189467803),
                (0.977710843, 0.0235751106),
                (0.5, 0.5),
                (0.977710843, 0.0235751106),
                (0.981379904, 0.0293888756),
                (0.5, 0.5),
                (0.981379904, 0.0293888756),
                (0.984697578, 0.0362886004),
                (0.5, 0.5),
                (0.984697578, 0.0362886004),
                (0.987607101, 0.0441562285),
                (0.5, 0.5),
                (0.987607101, 0.0441562285),
                (0.990058688, 0.0528571429),
                (0.5, 0.5),
                (0.990058688, 0.0528571429),
                (0.992010394, 0.0622424683),
                (0.5, 0.5),
                (0.992010394, 0.0622424683),
                (0.993428823, 0.0721516192),
                (0.5, 0.5),
                (0.993428823, 0.0721516192),
                (0.994289706, 0.0824150475),
                (0.5, 0.5),
                (0.994289706, 0.0824150475),
                (0.994578313, 0.907142857),
                (0.994578313, 0.907142857),
                (0.608765095, 0.861538462),
                (0.611110068, 0.861538462),
                (0.994289706, 0.917584953),
                (0.994289706, 0.917584953),
                (0.611110068, 0.861538462),
                (0.613468448, 0.861538462),
                (0.993428823, 0.927848381),
                (0.993428823, 0.927848381),
                (0.613468448, 0.861538462),
                (0.615806487, 0.861538462),
                (0.992010394, 0.937757532),
                (0.992010394, 0.937757532),
                (0.615806487, 0.861538462),
                (0.618092777, 0.861538462),
                (0.990058688, 0.947142857),
                (0.990058688, 0.947142857),
                (0.618092777, 0.861538462),
                (0.620298282, 0.861538462),
                (0.987607101, 0.955843771),
                (0.987607101, 0.955843771),
                (0.620298282, 0.861538462),
                (0.622396277, 0.861538462),
                (0.984697578, 0.9637114),
                (0.984697578, 0.9637114),
                (0.622396277, 0.861538462),
                (0.624362218, 0.861538462),
                (0.981379904, 0.970611124),
                (0.981379904, 0.970611124),
                (0.624362218, 0.861538462),
                (0.626173574, 0.861538462),
                (0.977710843, 0.976424889),
                (0.977710843, 0.976424889),
                (0.626173574, 0.861538462),
                (0.62780963, 0.861538462),
                (0.973753176, 0.98105322),
                (0.973753176, 0.98105322),
                (0.62780963, 0.861538462),
                (0.629251301, 0.861538462),
                (0.969574618, 0.984416923),
                (0.969574618, 0.984416923),
                (0.629251301, 0.861538462),
                (0.630480967, 0.861538462),
                (0.965246667, 0.986458446),
                (0.965246667, 0.986458446),
                (0.630480967, 0.861538462),
                (0.868517649, 0.861538462),
                (0.0391566265, 0.987142857),
                (0.0391566265, 0.987142857),
                (0.868517649, 0.861538462),
                (0.869519033, 0.861538462),
                (0.0347533333, 0.986458446),
                (0.0347533333, 0.986458446),
                (0.869519033, 0.861538462),
                (0.870748699, 0.861538462),
                (0.0304253816, 0.984416923),
                (0.0304253816, 0.984416923),
                (0.870748699, 0.861538462),
                (0.87219037, 0.861538462),
                (0.026246824, 0.98105322),
                (0.026246824, 0.98105322),
                (0.87219037, 0.861538462),
                (0.873826426, 0.861538462),
                (0.0222891566, 0.976424889),
                (0.0222891566, 0.976424889),
                (0.873826426, 0.861538462),
                (0.875637782, 0.861538462),
                (0.0186200964, 0.970611124),
                (0.0186200964, 0.970611124),
                (0.875637782, 0.861538462),
                (0.877603723, 0.861538462),
                (0.0153024218, 0.9637114),
                (0.0153024218, 0.9637114),
                (0.877603723, 0.861538462),
                (0.879701718, 0.861538462),
                (0.0123928994, 0.955843771),
                (0.0123928994, 0.955843771),
                (0.879701718, 0.861538462),
                (0.881907223, 0.861538462),
                (0.00994131168, 0.947142857),
                (0.00994131168, 0.947142857),
                (0.881907223, 0.861538462),
                (0.884193513, 0.861538462),
                (0.00798960613, 0.937757532),
                (0.00798960613, 0.937757532),
                (0.884193513, 0.861538462),
                (0.886531552, 0.861538462),
                (0.00657117694, 0.927848381),
                (0.00657117694, 0.927848381),
                (0.886531552, 0.861538462),
                (0.888889932, 0.861538462),
                (0.00571029383, 0.917584953),
                (0.00571029383, 0.917584953),
                (0.888889932, 0.861538462),
                (0.108765095, 0.861538462),
                (0.00542168675, 0.0928571429),
                (0.00542168675, 0.0928571429),
                (0.108765095, 0.861538462),
                (0.111110068, 0.861538462),
                (0.00571029383, 0.0824150475),
                (0.00571029383, 0.0824150475),
                (0.111110068, 0.861538462),
                (0.113468448, 0.861538462),
                (0.00657117694, 0.0721516192),
                (0.00657117694, 0.0721516192),
                (0.113468448, 0.861538462),
                (0.115806487, 0.861538462),
                (0.00798960613, 0.0622424683),
                (0.00798960613, 0.0622424683),
                (0.115806487, 0.861538462),
                (0.118092777, 0.861538462),
                (0.00994131168, 0.0528571429),
                (0.00994131168, 0.0528571429),
                (0.118092777, 0.861538462),
                (0.120298282, 0.861538462),
                (0.0123928994, 0.0441562285),
                (0.0123928994, 0.0441562285),
                (0.120298282, 0.861538462),
                (0.122396277, 0.861538462),
                (0.0153024218, 0.0362886004),
                (0.0153024218, 0.0362886004),
                (0.122396277, 0.861538462),
                (0.124362218, 0.861538462),
                (0.0186200964, 0.0293888756),
                (0.0186200964, 0.0293888756),
                (0.124362218, 0.861538462),
                (0.126173574, 0.861538462),
                (0.0222891566, 0.0235751106),
                (0.0222891566, 0.0235751106),
                (0.126173574, 0.861538462),
                (0.12780963, 0.861538462),
                (0.026246824, 0.0189467803),
                (0.026246824, 0.0189467803),
                (0.12780963, 0.861538462),
                (0.129251301, 0.861538462),
                (0.0304253816, 0.0155830768),
                (0.0304253816, 0.0155830768),
                (0.129251301, 0.861538462),
                (0.130480967, 0.861538462),
                (0.0347533333, 0.0135415539),
                (0.0347533333, 0.0135415539),
                (0.130480967, 0.861538462),
                (0.368517649, 0.861538462),
                (0.960843373, 0.0128571429),
                (0.960843373, 0.0128571429),
                (0.368517649, 0.861538462),
                (0.369519033, 0.861538462),
                (0.965246667, 0.0135415539),
                (0.965246667, 0.0135415539),
                (0.369519033, 0.861538462),
                (0.370748699, 0.861538462),
                (0.969574618, 0.0155830768),
                (0.969574618, 0.0155830768),
                (0.370748699, 0.861538462),
                (0.37219037, 0.861538462),
                (0.973753176, 0.0189467803),
                (0.973753176, 0.0189467803),
                (0.37219037, 0.861538462),
                (0.373826426, 0.861538462),
                (0.977710843, 0.0235751106),
                (0.977710843, 0.0235751106),
                (0.373826426, 0.861538462),
                (0.375637782, 0.861538462),
                (0.981379904, 0.0293888756),
                (0.981379904, 0.0293888756),
                (0.375637782, 0.861538462),
                (0.377603723, 0.861538462),
                (0.984697578, 0.0362886004),
                (0.984697578, 0.0362886004),
                (0.377603723, 0.861538462),
                (0.379701718, 0.861538462),
                (0.987607101, 0.0441562285),
                (0.987607101, 0.0441562285),
                (0.379701718, 0.861538462),
                (0.381907223, 0.861538462),
                (0.990058688, 0.0528571429),
                (0.990058688, 0.0528571429),
                (0.381907223, 0.861538462),
                (0.384193513, 0.861538462),
                (0.992010394, 0.0622424683),
                (0.992010394, 0.0622424683),
                (0.384193513, 0.861538462),
                (0.386531552, 0.861538462),
                (0.993428823, 0.0721516192),
                (0.993428823, 0.0721516192),
                (0.386531552, 0.861538462),
                (0.388889932, 0.861538462),
                (0.994289706, 0.0824150475),
                (0.994289706, 0.0824150475),
                (0.388889932, 0.861538462),
                (0.608765095, 0.861538462),
                (0.994578313, 0.907142857),
                (0.608765095, 0.861538462),
                (0.608765095, 0.138461538),
                (0.611110068, 0.138461538),
                (0.611110068, 0.861538462),
                (0.611110068, 0.861538462),
                (0.611110068, 0.138461538),
                (0.613468448, 0.138461538),
                (0.613468448, 0.861538462),
                (0.613468448, 0.861538462),
                (0.613468448, 0.138461538),
                (0.615806487, 0.138461538),
                (0.615806487, 0.861538462),
                (0.615806487, 0.861538462),
                (0.615806487, 0.138461538),
                (0.618092777, 0.138461538),
                (0.618092777, 0.861538462),
                (0.618092777, 0.861538462),
                (0.618092777, 0.138461538),
                (0.620298282, 0.138461538),
                (0.620298282, 0.861538462),
                (0.620298282, 0.861538462),
                (0.620298282, 0.138461538),
                (0.622396277, 0.138461538),
                (0.622396277, 0.861538462),
                (0.622396277, 0.861538462),
                (0.622396277, 0.138461538),
                (0.624362218, 0.138461538),
                (0.624362218, 0.861538462),
                (0.624362218, 0.861538462),
                (0.624362218, 0.138461538),
                (0.626173574, 0.138461538),
                (0.626173574, 0.861538462),
                (0.626173574, 0.861538462),
                (0.626173574, 0.138461538),
                (0.62780963, 0.138461538),
                (0.62780963, 0.861538462),
                (0.62780963, 0.861538462),
                (0.62780963, 0.138461538),
                (0.629251301, 0.138461538),
                (0.629251301, 0.861538462),
                (0.629251301, 0.861538462),
                (0.629251301, 0.138461538),
                (0.630480967, 0.138461538),
                (0.630480967, 0.861538462),
                (0.630480967, 0.861538462),
                (0.630480967, 0.138461538),
                (0.868517649, 0.138461538),
                (0.868517649, 0.861538462),
                (0.868517649, 0.861538462),
                (0.868517649, 0.138461538),
                (0.869519033, 0.138461538),
                (0.869519033, 0.861538462),
                (0.869519033, 0.861538462),
                (0.869519033, 0.138461538),
                (0.870748699, 0.138461538),
                (0.870748699, 0.861538462),
                (0.870748699, 0.861538462),
                (0.870748699, 0.138461538),
                (0.87219037, 0.138461538),
                (0.87219037, 0.861538462),
                (0.87219037, 0.861538462),
                (0.87219037, 0.138461538),
                (0.873826426, 0.138461538),
                (0.873826426, 0.861538462),
                (0.873826426, 0.861538462),
                (0.873826426, 0.138461538),
                (0.875637782, 0.138461538),
                (0.875637782, 0.861538462),
                (0.875637782, 0.861538462),
                (0.875637782, 0.138461538),
                (0.877603723, 0.138461538),
                (0.877603723, 0.861538462),
                (0.877603723, 0.861538462),
                (0.877603723, 0.138461538),
                (0.879701718, 0.138461538),
                (0.879701718, 0.861538462),
                (0.879701718, 0.861538462),
                (0.879701718, 0.138461538),
                (0.881907223, 0.138461538),
                (0.881907223, 0.861538462),
                (0.881907223, 0.861538462),
                (0.881907223, 0.138461538),
                (0.884193513, 0.138461538),
                (0.884193513, 0.861538462),
                (0.884193513, 0.861538462),
                (0.884193513, 0.138461538),
                (0.886531552, 0.138461538),
                (0.886531552, 0.861538462),
                (0.886531552, 0.861538462),
                (0.886531552, 0.138461538),
                (0.888889932, 0.138461538),
                (0.888889932, 0.861538462),
                (0.888889932, 0.861538462),
                (0.888889932, 0.138461538),
                (0.108765095, 0.138461538),
                (0.108765095, 0.861538462),
                (0.108765095, 0.861538462),
                (0.108765095, 0.138461538),
                (0.111110068, 0.138461538),
                (0.111110068, 0.861538462),
                (0.111110068, 0.861538462),
                (0.111110068, 0.138461538),
                (0.113468448, 0.138461538),
                (0.113468448, 0.861538462),
                (0.113468448, 0.861538462),
                (0.113468448, 0.138461538),
                (0.115806487, 0.138461538),
                (0.115806487, 0.861538462),
                (0.115806487, 0.861538462),
                (0.115806487, 0.138461538),
                (0.118092777, 0.138461538),
                (0.118092777, 0.861538462),
                (0.118092777, 0.861538462),
                (0.118092777, 0.138461538),
                (0.120298282, 0.138461538),
                (0.120298282, 0.861538462),
                (0.120298282, 0.861538462),
                (0.120298282, 0.138461538),
                (0.122396277, 0.138461538),
                (0.122396277, 0.861538462),
                (0.122396277, 0.861538462),
                (0.122396277, 0.138461538),
                (0.124362218, 0.138461538),
                (0.124362218, 0.861538462),
                (0.124362218, 0.861538462),
                (0.124362218, 0.138461538),
                (0.126173574, 0.138461538),
                (0.126173574, 0.861538462),
                (0.126173574, 0.861538462),
                (0.126173574, 0.138461538),
                (0.12780963, 0.138461538),
                (0.12780963, 0.861538462),
                (0.12780963, 0.861538462),
                (0.12780963, 0.138461538),
                (0.129251301, 0.138461538),
                (0.129251301, 0.861538462),
                (0.129251301, 0.861538462),
                (0.129251301, 0.138461538),
                (0.130480967, 0.138461538),
                (0.130480967, 0.861538462),
                (0.130480967, 0.861538462),
                (0.130480967, 0.138461538),
                (0.368517649, 0.138461538),
                (0.368517649, 0.861538462),
                (0.368517649, 0.861538462),
                (0.368517649, 0.138461538),
                (0.369519033, 0.138461538),
                (0.369519033, 0.861538462),
                (0.369519033, 0.861538462),
                (0.369519033, 0.138461538),
                (0.370748699, 0.138461538),
                (0.370748699, 0.861538462),
                (0.370748699, 0.861538462),
                (0.370748699, 0.138461538),
                (0.37219037, 0.138461538),
                (0.37219037, 0.861538462),
                (0.37219037, 0.861538462),
                (0.37219037, 0.138461538),
                (0.373826426, 0.138461538),
                (0.373826426, 0.861538462),
                (0.373826426, 0.861538462),
                (0.373826426, 0.138461538),
                (0.375637782, 0.138461538),
                (0.375637782, 0.861538462),
                (0.375637782, 0.861538462),
                (0.375637782, 0.138461538),
                (0.377603723, 0.138461538),
                (0.377603723, 0.861538462),
                (0.377603723, 0.861538462),
                (0.377603723, 0.138461538),
                (0.379701718, 0.138461538),
                (0.379701718, 0.861538462),
                (0.379701718, 0.861538462),
                (0.379701718, 0.138461538),
                (0.381907223, 0.138461538),
                (0.381907223, 0.861538462),
                (0.381907223, 0.861538462),
                (0.381907223, 0.138461538),
                (0.384193513, 0.138461538),
                (0.384193513, 0.861538462),
                (0.384193513, 0.861538462),
                (0.384193513, 0.138461538),
                (0.386531552, 0.138461538),
                (0.386531552, 0.861538462),
                (0.386531552, 0.861538462),
                (0.386531552, 0.138461538),
                (0.388889932, 0.138461538),
                (0.388889932, 0.861538462),
                (0.388889932, 0.861538462),
                (0.388889932, 0.138461538),
                (0.608765095, 0.138461538),
                (0.608765095, 0.861538462),
                (0.608765095, 0.138461538),
                (0.994578313, 0.907142857),
                (0.994289706, 0.917584953),
                (0.611110068, 0.138461538),
                (0.611110068, 0.138461538),
                (0.994289706, 0.917584953),
                (0.993428823, 0.927848381),
                (0.613468448, 0.138461538),
                (0.613468448, 0.138461538),
                (0.993428823, 0.927848381),
                (0.992010394, 0.937757532),
                (0.615806487, 0.138461538),
                (0.615806487, 0.138461538),
                (0.992010394, 0.937757532),
                (0.990058688, 0.947142857),
                (0.618092777, 0.138461538),
                (0.618092777, 0.138461538),
                (0.990058688, 0.947142857),
                (0.987607101, 0.955843771),
                (0.620298282, 0.138461538),
                (0.620298282, 0.138461538),
                (0.987607101, 0.955843771),
                (0.984697578, 0.9637114),
                (0.622396277, 0.138461538),
                (0.622396277, 0.138461538),
                (0.984697578, 0.9637114),
                (0.981379904, 0.970611124),
                (0.624362218, 0.138461538),
                (0.624362218, 0.138461538),
                (0.981379904, 0.970611124),
                (0.977710843, 0.976424889),
                (0.626173574, 0.138461538),
                (0.626173574, 0.138461538),
                (0.977710843, 0.976424889),
                (0.973753176, 0.98105322),
                (0.62780963, 0.138461538),
                (0.62780963, 0.138461538),
                (0.973753176, 0.98105322),
                (0.969574618, 0.984416923),
                (0.629251301, 0.138461538),
                (0.629251301, 0.138461538),
                (0.969574618, 0.984416923),
                (0.965246667, 0.986458446),
                (0.630480967, 0.138461538),
                (0.630480967, 0.138461538),
                (0.965246667, 0.986458446),
                (0.0391566265, 0.987142857),
                (0.868517649, 0.138461538),
                (0.868517649, 0.138461538),
                (0.0391566265, 0.987142857),
                (0.0347533333, 0.986458446),
                (0.869519033, 0.138461538),
                (0.869519033, 0.138461538),
                (0.0347533333, 0.986458446),
                (0.0304253816, 0.984416923),
                (0.870748699, 0.138461538),
                (0.870748699, 0.138461538),
                (0.0304253816, 0.984416923),
                (0.026246824, 0.98105322),
                (0.87219037, 0.138461538),
                (0.87219037, 0.138461538),
                (0.026246824, 0.98105322),
                (0.0222891566, 0.976424889),
                (0.873826426, 0.138461538),
                (0.873826426, 0.138461538),
                (0.0222891566, 0.976424889),
                (0.0186200964, 0.970611124),
                (0.875637782, 0.138461538),
                (0.875637782, 0.138461538),
                (0.0186200964, 0.970611124),
                (0.0153024218, 0.9637114),
                (0.877603723, 0.138461538),
                (0.877603723, 0.138461538),
                (0.0153024218, 0.9637114),
                (0.0123928994, 0.955843771),
                (0.879701718, 0.138461538),
                (0.879701718, 0.138461538),
                (0.0123928994, 0.955843771),
                (0.00994131168, 0.947142857),
                (0.881907223, 0.138461538),
                (0.881907223, 0.138461538),
                (0.00994131168, 0.947142857),
                (0.00798960613, 0.937757532),
                (0.884193513, 0.138461538),
                (0.884193513, 0.138461538),
                (0.00798960613, 0.937757532),
                (0.00657117694, 0.927848381),
                (0.886531552, 0.138461538),
                (0.886531552, 0.138461538),
                (0.00657117694, 0.927848381),
                (0.00571029383, 0.917584953),
                (0.888889932, 0.138461538),
                (0.888889932, 0.138461538),
                (0.00571029383, 0.917584953),
                (0.00542168675, 0.0928571429),
                (0.108765095, 0.138461538),
                (0.108765095, 0.138461538),
                (0.00542168675, 0.0928571429),
                (0.00571029383, 0.0824150475),
                (0.111110068, 0.138461538),
                (0.111110068, 0.138461538),
                (0.00571029383, 0.0824150475),
                (0.00657117694, 0.0721516192),
                (0.113468448, 0.138461538),
                (0.113468448, 0.138461538),
                (0.00657117694, 0.0721516192),
                (0.00798960613, 0.0622424683),
                (0.115806487, 0.138461538),
                (0.115806487, 0.138461538),
                (0.00798960613, 0.0622424683),
                (0.00994131168, 0.0528571429),
                (0.118092777, 0.138461538),
                (0.118092777, 0.138461538),
                (0.00994131168, 0.0528571429),
                (0.0123928994, 0.0441562285),
                (0.120298282, 0.138461538),
                (0.120298282, 0.138461538),
                (0.0123928994, 0.0441562285),
                (0.0153024218, 0.0362886004),
                (0.122396277, 0.138461538),
                (0.122396277, 0.138461538),
                (0.0153024218, 0.0362886004),
                (0.0186200964, 0.0293888756),
                (0.124362218, 0.138461538),
                (0.124362218, 0.138461538),
                (0.0186200964, 0.0293888756),
                (0.0222891566, 0.0235751106),
                (0.126173574, 0.138461538),
                (0.126173574, 0.138461538),
                (0.0222891566, 0.0235751106),
                (0.026246824, 0.0189467803),
                (0.12780963, 0.138461538),
                (0.12780963, 0.138461538),
                (0.026246824, 0.0189467803),
                (0.0304253816, 0.0155830768),
                (0.129251301, 0.138461538),
                (0.129251301, 0.138461538),
                (0.0304253816, 0.0155830768),
                (0.0347533333, 0.0135415539),
                (0.130480967, 0.138461538),
                (0.130480967, 0.138461538),
                (0.0347533333, 0.0135415539),
                (0.960843373, 0.0128571429),
                (0.368517649, 0.138461538),
                (0.368517649, 0.138461538),
                (0.960843373, 0.0128571429),
                (0.965246667, 0.0135415539),
                (0.369519033, 0.138461538),
                (0.369519033, 0.138461538),
                (0.965246667, 0.0135415539),
                (0.969574618, 0.0155830768),
                (0.370748699, 0.138461538),
                (0.370748699, 0.138461538),
                (0.969574618, 0.0155830768),
                (0.973753176, 0.0189467803),
                (0.37219037, 0.138461538),
                (0.37219037, 0.138461538),
                (0.973753176, 0.0189467803),
                (0.977710843, 0.0235751106),
                (0.373826426, 0.138461538),
                (0.373826426, 0.138461538),
                (0.977710843, 0.0235751106),
                (0.981379904, 0.0293888756),
                (0.375637782, 0.138461538),
                (0.375637782, 0.138461538),
                (0.981379904, 0.0293888756),
                (0.984697578, 0.0362886004),
                (0.377603723, 0.138461538),
                (0.377603723, 0.138461538),
                (0.984697578, 0.0362886004),
                (0.987607101, 0.0441562285),
                (0.379701718, 0.138461538),
                (0.379701718, 0.138461538),
                (0.987607101, 0.0441562285),
                (0.990058688, 0.0528571429),
                (0.381907223, 0.138461538),
                (0.381907223, 0.138461538),
                (0.990058688, 0.0528571429),
                (0.992010394, 0.0622424683),
                (0.384193513, 0.138461538),
                (0.384193513, 0.138461538),
                (0.992010394, 0.0622424683),
                (0.993428823, 0.0721516192),
                (0.386531552, 0.138461538),
                (0.386531552, 0.138461538),
                (0.993428823, 0.0721516192),
                (0.994289706, 0.0824150475),
                (0.388889932, 0.138461538),
                (0.388889932, 0.138461538),
                (0.994289706, 0.0824150475),
                (0.994578313, 0.907142857),
                (0.608765095, 0.138461538),
                (0.5, 0.5),
                (0.994289706, 0.917584953),
                (0.994578313, 0.907142857),
                (0.5, 0.5),
                (0.993428823, 0.927848381),
                (0.994289706, 0.917584953),
                (0.5, 0.5),
                (0.992010394, 0.937757532),
                (0.993428823, 0.927848381),
                (0.5, 0.5),
                (0.990058688, 0.947142857),
                (0.992010394, 0.937757532),
                (0.5, 0.5),
                (0.987607101, 0.955843771),
                (0.990058688, 0.947142857),
                (0.5, 0.5),
                (0.984697578, 0.9637114),
                (0.987607101, 0.955843771),
                (0.5, 0.5),
                (0.981379904, 0.970611124),
                (0.984697578, 0.9637114),
                (0.5, 0.5),
                (0.977710843, 0.976424889),
                (0.981379904, 0.970611124),
                (0.5, 0.5),
                (0.973753176, 0.98105322),
                (0.977710843, 0.976424889),
                (0.5, 0.5),
                (0.969574618, 0.984416923),
                (0.973753176, 0.98105322),
                (0.5, 0.5),
                (0.965246667, 0.986458446),
                (0.969574618, 0.984416923),
                (0.5, 0.5),
                (0.0391566265, 0.987142857),
                (0.965246667, 0.986458446),
                (0.5, 0.5),
                (0.0347533333, 0.986458446),
                (0.0391566265, 0.987142857),
                (0.5, 0.5),
                (0.0304253816, 0.984416923),
                (0.0347533333, 0.986458446),
                (0.5, 0.5),
                (0.026246824, 0.98105322),
                (0.0304253816, 0.984416923),
                (0.5, 0.5),
                (0.0222891566, 0.976424889),
                (0.026246824, 0.98105322),
                (0.5, 0.5),
                (0.0186200964, 0.970611124),
                (0.0222891566, 0.976424889),
                (0.5, 0.5),
                (0.0153024218, 0.9637114),
                (0.0186200964, 0.970611124),
                (0.5, 0.5),
                (0.0123928994, 0.955843771),
                (0.0153024218, 0.9637114),
                (0.5, 0.5),
                (0.00994131168, 0.947142857),
                (0.0123928994, 0.955843771),
                (0.5, 0.5),
                (0.00798960613, 0.937757532),
                (0.00994131168, 0.947142857),
                (0.5, 0.5),
                (0.00657117694, 0.927848381),
                (0.00798960613, 0.937757532),
                (0.5, 0.5),
                (0.00571029383, 0.917584953),
                (0.00657117694, 0.927848381),
                (0.5, 0.5),
                (0.00542168675, 0.0928571429),
                (0.00571029383, 0.917584953),
                (0.5, 0.5),
                (0.00571029383, 0.0824150475),
                (0.00542168675, 0.0928571429),
                (0.5, 0.5),
                (0.00657117694, 0.0721516192),
                (0.00571029383, 0.0824150475),
                (0.5, 0.5),
                (0.00798960613, 0.0622424683),
                (0.00657117694, 0.0721516192),
                (0.5, 0.5),
                (0.00994131168, 0.0528571429),
                (0.00798960613, 0.0622424683),
                (0.5, 0.5),
                (0.0123928994, 0.0441562285),
                (0.00994131168, 0.0528571429),
                (0.5, 0.5),
                (0.0153024218, 0.0362886004),
                (0.0123928994, 0.0441562285),
                (0.5, 0.5),
                (0.0186200964, 0.0293888756),
                (0.0153024218, 0.0362886004),
                (0.5, 0.5),
                (0.0222891566, 0.0235751106),
                (0.0186200964, 0.0293888756),
                (0.5, 0.5),
                (0.026246824, 0.0189467803),
                (0.0222891566, 0.0235751106),
                (0.5, 0.5),
                (0.0304253816, 0.0155830768),
                (0.026246824, 0.0189467803),
                (0.5, 0.5),
                (0.0347533333, 0.0135415539),
                (0.0304253816, 0.0155830768),
                (0.5, 0.5),
                (0.960843373, 0.0128571429),
                (0.0347533333, 0.0135415539),
                (0.5, 0.5),
                (0.965246667, 0.0135415539),
                (0.960843373, 0.0128571429),
                (0.5, 0.5),
                (0.969574618, 0.0155830768),
                (0.965246667, 0.0135415539),
                (0.5, 0.5),
                (0.973753176, 0.0189467803),
                (0.969574618, 0.0155830768),
                (0.5, 0.5),
                (0.977710843, 0.0235751106),
                (0.973753176, 0.0189467803),
                (0.5, 0.5),
                (0.981379904, 0.0293888756),
                (0.977710843, 0.0235751106),
                (0.5, 0.5),
                (0.984697578, 0.0362886004),
                (0.981379904, 0.0293888756),
                (0.5, 0.5),
                (0.987607101, 0.0441562285),
                (0.984697578, 0.0362886004),
                (0.5, 0.5),
                (0.990058688, 0.0528571429),
                (0.987607101, 0.0441562285),
                (0.5, 0.5),
                (0.992010394, 0.0622424683),
                (0.990058688, 0.0528571429),
                (0.5, 0.5),
                (0.993428823, 0.0721516192),
                (0.992010394, 0.0622424683),
                (0.5, 0.5),
                (0.994289706, 0.0824150475),
                (0.993428823, 0.0721516192),
                (0.5, 0.5),
                (0.994578313, 0.907142857),
                (0.994289706, 0.0824150475)
            ] (
                interpolation = "faceVarying"
            )
            token purpose = "render"
            rel material:binding = </Table/DrAnmarT1Looks/TablePad>
            uniform token subdivisionScheme = "none"
        }

        def Mesh "SterileDrape" (
            prepend apiSchemas = ["MaterialBindingAPI"]
        )
        {
            uniform bool doubleSided = true
            float3[] extent = [(-0.89, -0.44, 0.360018317), (0.89, 0.44, 0.459881078)]
            int[] faceVertexCounts = [
                4,
                4,
                4,
                4,
                4,
                4,
                4,
                4,
                4,
                4,
                4,
                4,
                4,
                4,
                4,
                4,
                4,
                4,
                4,
                4,
                4,
                4,
                4,
                4,
                4,
                4,
                4,
                4,
                4,
                4,
                4,
                4,
                4,
                4,
                4,
                4,
                4,
                4,
                4,
                4,
                4,
                4,
                4,
                4,
                4,
                4,
                4,
                4,
                4,
                4,
                4,
                4,
                4,
                4,
                4,
                4,
                4,
                4,
                4,
                4,
                4,
                4,
                4,
                4,
                4,
                4,
                4,
                4,
                4,
                4,
                4,
                4,
                4,
                4,
                4,
                4,
                4,
                4,
                4,
                4,
                4,
                4,
                4,
                4,
                4,
                4,
                4,
                4,
                4,
                4,
                4,
                4,
                4,
                4,
                4,
                4,
                4,
                4,
                4,
                4,
                4,
                4,
                4,
                4,
                4,
                4,
                4,
                4,
                4,
                4,
                4,
                4,
                4,
                4,
                4,
                4,
                4,
                4,
                4,
                4,
                4,
                4,
                4,
                4,
                4,
                4,
                4,
                4,
                4,
                4,
                4,
                4,
                4,
                4,
                4,
                4,
                4,
                4,
                4,
                4,
                4,
                4,
                4,
                4,
                4,
                4,
                4,
                4,
                4,
                4,
                4,
                4,
                4,
                4,
                4,
                4,
                4,
                4,
                4,
                4,
                4,
                4,
                4,
                4,
                4,
                4,
                4,
                4,
                4,
                4,
                4,
                4,
                4,
                4,
                4,
                4,
                4,
                4,
                4,
                4,
                4,
                4,
                4,
                4,
                4,
                4,
                4,
                4,
                4,
                4,
                4,
                4,
                4,
                4,
                4,
                4,
                4,
                4,
                4,
                4,
                4,
                4,
                4,
                4,
                4,
                4,
                4,
                4,
                4,
                4,
                4,
                4,
                4,
                4,
                4,
                4,
                4,
                4,
                4,
                4,
                4,
                4,
                4,
                4,
                4,
                4,
                4,
                4,
                4,
                4,
                4,
                4,
                4,
                4,
                4,
                4,
                4,
                4,
                4,
                4,
                4,
                4,
                4,
                4,
                4,
                4,
                4,
                4,
                4,
                4,
                4,
                4,
                4,
                4,
                4,
                4,
                4,
                4,
                4,
                4,
                4,
                4,
                4,
                4,
                4,
                4,
                4,
                4,
                4,
                4,
                4,
                4,
                4,
                4,
                4,
                4,
                4,
                4,
                4,
                4,
                4,
                4,
                4,
                4,
                4,
                4,
                4,
                4,
                4,
                4,
                4,
                4,
                4,
                4,
                4,
                4,
                4,
                4,
                4,
                4,
                4,
                4,
                4,
                4,
                4,
                4,
                4,
                4,
                4,
                4,
                4,
                4,
                4,
                4,
                4,
                4,
                4,
                4,
                4,
                4,
                4,
                4,
                4,
                4,
                4,
                4,
                4,
                4,
                4,
                4,
                4,
                4,
                4,
                4,
                4,
                4,
                4,
                4,
                4,
                4,
                4,
                4,
                4,
                4,
                4,
                4,
                4,
                4,
                4,
                4,
                4,
                4,
                4,
                4,
                4,
                4,
                4,
                4,
                4,
                4,
                4,
                4,
                4,
                4,
                4,
                4,
                4,
                4,
                4,
                4,
                4,
                4,
                4,
                4,
                4,
                4,
                4,
                4,
                4,
                4,
                4,
                4,
                4,
                4,
                4,
                4,
                4,
                4,
                4,
                4,
                4,
                4,
                4,
                4,
                4,
                4,
                4,
                4,
                4,
                4,
                4,
                4,
                4,
                4,
                4,
                4,
                4,
                4,
                4,
                4,
                4,
                4,
                4,
                4,
                4,
                4,
                4,
                4,
                4,
                4,
                4,
                4,
                4,
                4,
                4,
                4,
                4,
                4,
                4,
                4,
                4,
                4,
                4,
                4,
                4,
                4,
                4,
                4,
                4,
                4,
                4,
                4,
                4,
                4,
                4,
                4,
                4,
                4,
                4,
                4,
                4,
                4,
                4,
                4,
                4,
                4,
                4,
                4,
                4,
                4,
                4,
                4,
                4,
                4,
                4,
                4,
                4,
                4,
                4,
                4,
                4,
                4,
                4,
                4,
                4,
                4,
                4,
                4,
                4,
                4,
                4,
                4,
                4,
                4,
                4,
                4,
                4,
                4,
                4,
                4,
                4,
                4,
                4,
                4,
                4,
                4,
                4,
                4,
                4,
                4,
                4,
                4,
                4,
                4,
                4,
                4,
                4,
                4,
                4,
                4,
                4,
                4,
                4,
                4,
                4,
                4,
                4,
                4,
                4,
                4,
                4,
                4,
                4,
                4,
                4,
                4,
                4,
                4,
                4,
                4,
                4,
                4,
                4,
                4,
                4,
                4,
                4,
                4,
                4,
                4,
                4,
                4,
                4,
                4,
                4,
                4,
                4,
                4,
                4,
                4,
                4,
                4,
                4,
                4,
                4,
                4,
                4,
                4,
                4,
                4,
                4,
                4,
                4,
                4,
                4,
                4,
                4,
                4,
                4,
                4,
                4,
                4,
                4,
                4,
                4,
                4,
                4,
                4,
                4,
                4,
                4,
                4,
                4,
                4,
                4,
                4,
                4,
                4,
                4,
                4,
                4,
                4,
                4,
                4,
                4,
                4,
                4,
                4,
                4,
                4,
                4,
                4,
                4,
                4,
                4,
                4,
                4,
                4,
                4,
                4,
                4,
                4,
                4,
                4,
                4,
                4,
                4,
                4,
                4,
                4,
                4,
                4,
                4,
                4,
                4,
                4,
                4,
                4,
                4,
                4,
                4,
                4,
                4,
                4,
                4,
                4,
                4,
                4,
                4,
                4,
                4,
                4,
                4,
                4,
                4,
                4,
                4,
                4,
                4,
                4,
                4,
                4,
                4,
                4,
                4,
                4,
                4,
                4,
                4,
                4,
                4,
                4,
                4,
                4,
                4,
                4,
                4,
                4,
                4,
                4,
                4,
                4,
                4,
                4,
                4,
                4,
                4,
                4,
                4,
                4,
                4,
                4,
                4,
                4,
                4,
                4,
                4,
                4,
                4,
                4,
                4,
                4,
                4,
                4,
                4,
                4,
                4,
                4,
                4,
                4,
                4,
                4,
                4,
                4,
                4,
                4,
                4,
                4,
                4,
                4,
                4,
                4,
                4,
                4,
                4,
                4,
                4,
                4,
                4,
                4,
                4,
                4,
                4,
                4,
                4,
                4,
                4,
                4,
                4,
                4,
                4,
                4,
                4,
                4,
                4,
                4,
                4,
                4,
                4,
                4,
                4,
                4,
                4,
                4,
                4,
                4,
                4,
                4,
                4,
                4,
                4,
                4,
                4,
                4,
                4,
                4,
                4,
                4,
                4,
                4,
                4,
                4,
                4,
                4,
                4,
                4,
                4,
                4,
                4,
                4,
                4,
                4,
                4,
                4,
                4,
                4,
                4,
                4,
                4,
                4,
                4,
                4,
                4,
                4,
                4,
                4,
                4,
                4,
                4,
                4,
                4,
                4,
                4,
                4,
                4,
                4,
                4,
                4,
                4,
                4,
                4,
                4,
                4,
                4,
                4,
                4,
                4,
                4,
                4,
                4,
                4,
                4,
                4,
                4,
                4,
                4,
                4,
                4,
                4,
                4,
                4,
                4,
                4,
                4,
                4,
                4,
                4,
                4,
                4,
                4,
                4,
                4,
                4,
                4,
                4,
                4,
                4,
                4,
                4,
                4,
                4,
                4,
                4,
                4,
                4,
                4,
                4,
                4,
                4,
                4,
                4,
                4,
                4,
                4,
                4,
                4,
                4,
                4,
                4,
                4,
                4,
                4,
                4,
                4,
                4,
                4,
                4,
                4,
                4,
                4,
                4,
                4,
                4,
                4,
                4,
                4,
                4,
                4,
                4,
                4,
                4,
                4,
                4,
                4,
                4,
                4,
                4,
                4,
                4,
                4,
                4,
                4,
                4,
                4,
                4,
                4,
                4,
                4,
                4,
                4,
                4,
                4,
                4,
                4,
                4,
                4,
                4,
                4,
                4,
                4,
                4,
                4,
                4,
                4,
                4,
                4,
                4,
                4,
                4,
                4,
                4,
                4,
                4,
                4,
                4,
                4,
                4,
                4,
                4,
                4,
                4,
                4,
                4,
                4,
                4,
                4,
                4,
                4,
                4,
                4,
                4,
                4,
                4,
                4,
                4,
                4,
                4,
                4,
                4,
                4,
                4,
                4,
                4,
                4,
                4,
                4,
                4,
                4,
                4,
                4,
                4,
                4,
                4,
                4,
                4,
                4,
                4,
                4,
                4,
                4,
                4,
                4,
                4,
                4,
                4,
                4,
                4,
                4,
                4,
                4,
                4,
                4,
                4,
                4,
                4,
                4,
                4,
                4,
                4,
                4,
                4,
                4,
                4,
                4,
                4,
                4,
                4,
                4,
                4,
                4,
                4,
                4,
                4,
                4,
                4,
                4,
                4,
                4,
                4,
                4,
                4,
                4,
                4,
                4,
                4,
                4,
                4,
                4,
                4,
                4,
                4,
                4,
                4,
                4,
                4,
                4,
                4,
                4,
                4,
                4,
                4,
                4,
                4,
                4,
                4,
                4,
                4,
                4,
                4,
                4,
                4,
                4,
                4,
                4,
                4,
                4,
                4,
                4,
                4,
                4,
                4,
                4,
                4,
                4,
                4,
                4,
                4,
                4,
                4,
                4,
                4,
                4,
                4,
                4,
                4,
                4,
                4,
                4,
                4,
                4,
                4,
                4,
                4,
                4,
                4,
                4,
                4,
                4,
                4,
                4,
                4,
                4,
                4,
                4,
                4,
                4,
                4,
                4,
                4,
                4,
                4,
                4,
                4,
                4,
                4,
                4,
                4,
                4,
                4,
                4,
                4,
                4,
                4,
                4,
                4,
                4,
                4,
                4,
                4,
                4,
                4,
                4,
                4,
                4,
                4,
                4,
                4,
                4,
                4,
                4,
                4,
                4,
                4,
                4,
                4,
                4,
                4,
                4,
                4,
                4,
                4,
                4,
                4,
                4,
                4,
                4,
                4,
                4,
                4,
                4,
                4,
                4,
                4,
                4,
                4,
                4,
                4,
                4,
                4,
                4,
                4,
                4,
                4,
                4,
                4,
                4,
                4,
                4,
                4,
                4,
                4,
                4,
                4,
                4,
                4,
                4,
                4,
                4,
                4,
                4,
                4,
                4,
                4,
                4,
                4,
                4,
                4,
                4,
                4,
                4,
                4,
                4,
                4,
                4,
                4,
                4,
                4,
                4,
                4,
                4,
                4,
                4,
                4,
                4,
                4,
                4,
                4,
                4,
                4,
                4,
                4,
                4,
                4,
                4,
                4,
                4,
                4,
                4,
                4,
                4,
                4,
                4,
                4,
                4,
                4,
                4,
                4,
                4,
                4,
                4,
                4,
                4,
                4,
                4,
                4,
                4,
                4,
                4,
                4,
                4,
                4,
                4,
                4,
                4,
                4,
                4,
                4,
                4,
                4,
                4,
                4,
                4,
                4,
                4,
                4,
                4,
                4,
                4,
                4,
                4,
                4,
                4,
                4,
                4,
                4,
                4,
                4,
                4,
                4,
                4,
                4,
                4,
                4,
                4,
                4,
                4,
                4,
                4,
                4,
                4,
                4,
                4,
                4,
                4,
                4,
                4,
                4,
                4,
                4,
                4,
                4,
                4,
                4,
                4,
                4,
                4,
                4,
                4,
                4,
                4,
                4,
                4,
                4,
                4,
                4,
                4,
                4,
                4,
                4,
                4,
                4,
                4,
                4,
                4,
                4,
                4,
                4,
                4,
                4,
                4,
                4,
                4,
                4,
                4,
                4,
                4,
                4,
                4,
                4,
                4,
                4,
                4,
                4,
                4,
                4,
                4,
                4,
                4,
                4,
                4,
                4,
                4,
                4,
                4,
                4,
                4,
                4,
                4,
                4,
                4,
                4,
                4,
                4,
                4,
                4,
                4,
                4,
                4,
                4,
                4,
                4,
                4,
                4,
                4,
                4,
                4,
                4,
                4,
                4,
                4,
                4,
                4,
                4,
                4,
                4,
                4,
                4,
                4,
                4,
                4,
                4,
                4,
                4,
                4,
                4,
                4,
                4,
                4,
                4,
                4,
                4,
                4,
                4,
                4,
                4,
                4,
                4,
                4,
                4,
                4,
                4,
                4,
                4,
                4,
                4,
                4,
                4,
                4,
                4,
                4,
                4,
                4,
                4,
                4,
                4,
                4,
                4,
                4,
                4,
                4,
                4,
                4,
                4,
                4,
                4,
                4,
                4,
                4,
                4,
                4,
                4,
                4,
                4,
                4,
                4,
                4,
                4,
                4,
                4,
                4,
                4,
                4,
                4,
                4,
                4,
                4,
                4,
                4,
                4,
                4,
                4,
                4,
                4,
                4,
                4,
                4,
                4,
                4,
                4,
                4,
                4,
                4,
                4,
                4,
                4,
                4,
                4,
                4,
                4,
                4,
                4,
                4,
                4,
                4,
                4,
                4,
                4,
                4,
                4,
                4,
                4,
                4,
                4,
                4,
                4,
                4,
                4,
                4,
                4,
                4,
                4,
                4,
                4,
                4,
                4,
                4,
                4,
                4,
                4,
                4,
                4,
                4,
                4,
                4,
                4,
                4,
                4,
                4,
                4,
                4,
                4,
                4,
                4,
                4,
                4,
                4,
                4,
                4,
                4,
                4,
                4,
                4,
                4,
                4,
                4,
                4,
                4,
                4,
                4,
                4,
                4,
                4,
                4,
                4,
                4,
                4,
                4,
                4,
                4,
                4,
                4,
                4,
                4,
                4,
                4,
                4,
                4,
                4,
                4,
                4,
                4,
                4,
                4,
                4,
                4,
                4,
                4,
                4,
                4,
                4,
                4,
                4,
                4,
                4,
                4,
                4,
                4,
                4,
                4,
                4,
                4,
                4,
                4,
                4,
                4,
                4,
                4,
                4,
                4,
                4,
                4,
                4,
                4,
                4,
                4,
                4,
                4,
                4,
                4,
                4,
                4,
                4,
                4,
                4,
                4,
                4,
                4,
                4,
                4,
                4,
                4,
                4,
                4,
                4,
                4,
                4,
                4,
                4,
                4,
                4,
                4,
                4,
                4,
                4,
                4,
                4,
                4,
                4,
                4,
                4,
                4,
                4,
                4,
                4,
                4,
                4,
                4,
                4,
                4,
                4,
                4,
                4,
                4,
                4,
                4,
                4,
                4,
                4,
                4,
                4,
                4,
                4,
                4,
                4,
                4,
                4,
                4,
                4,
                4,
                4,
                4,
                4,
                4,
                4,
                4,
                4,
                4,
                4,
                4,
                4,
                4,
                4,
                4,
                4,
                4,
                4,
                4,
                4,
                4,
                4,
                4,
                4,
                4,
                4,
                4,
                4,
                4,
                4,
                4,
                4,
                4,
                4,
                4,
                4,
                4,
                4,
                4,
                4,
                4,
                4,
                4,
                4,
                4,
                4,
                4,
                4,
                4,
                4,
                4,
                4,
                4,
                4,
                4,
                4,
                4,
                4,
                4,
                4,
                4,
                4,
                4,
                4,
                4,
                4,
                4,
                4,
                4,
                4,
                4,
                4,
                4,
                4,
                4,
                4,
                4,
                4,
                4,
                4,
                4,
                4,
                4,
                4,
                4,
                4,
                4,
                4,
                4,
                4,
                4,
                4,
                4,
                4,
                4,
                4,
                4,
                4,
                4,
                4,
                4,
                4,
                4,
                4,
                4,
                4,
                4,
                4,
                4,
                4,
                4,
                4,
                4,
                4,
                4,
                4,
                4,
                4,
                4,
                4,
                4,
                4,
                4,
                4,
                4,
                4,
                4,
                4,
                4,
                4,
                4,
                4,
                4,
                4,
                4,
                4,
                4,
                4,
                4,
                4,
                4,
                4,
                4,
                4,
                4,
                4,
                4,
                4,
                4,
                4,
                4,
                4,
                4,
                4,
                4,
                4,
                4,
                4,
                4,
                4,
                4,
                4,
                4,
                4,
                4,
                4,
                4,
                4,
                4,
                4,
                4,
                4,
                4,
                4,
                4,
                4,
                4,
                4,
                4,
                4,
                4,
                4,
                4,
                4,
                4,
                4,
                4,
                4,
                4,
                4,
                4,
                4,
                4,
                4,
                4,
                4,
                4,
                4,
                4,
                4,
                4,
                4,
                4,
                4,
                4,
                4,
                4,
                4,
                4,
                4,
                4,
                4,
                4,
                4,
                4,
                4,
                4,
                4,
                4,
                4,
                4,
                4,
                4,
                4,
                4,
                4,
                4,
                4,
                4,
                4,
                4,
                4,
                4,
                4,
                4,
                4,
                4,
                4,
                4,
                4,
                4,
                4,
                4,
                4,
                4,
                4,
                4,
                4,
                4,
                4,
                4,
                4,
                4,
                4,
                4,
                4,
                4,
                4,
                4,
                4,
                4,
                4,
                4,
                4,
                4,
                4,
                4,
                4,
                4,
                4,
                4,
                4,
                4,
                4,
                4,
                4,
                4,
                4,
                4,
                4,
                4,
                4,
                4,
                4,
                4,
                4,
                4,
                4,
                4,
                4,
                4,
                4,
                4,
                4,
                4,
                4,
                4,
                4,
                4,
                4,
                4,
                4,
                4,
                4,
                4,
                4,
                4,
                4,
                4,
                4,
                4,
                4,
                4,
                4,
                4,
                4,
                4,
                4,
                4,
                4,
                4,
                4,
                4,
                4,
                4,
                4,
                4,
                4,
                4,
                4,
                4,
                4,
                4,
                4,
                4,
                4,
                4,
                4,
                4,
                4,
                4,
                4,
                4,
                4,
                4,
                4,
                4,
                4,
                4,
                4,
                4,
                4,
                4,
                4,
                4,
                4,
                4,
                4,
                4,
                4,
                4,
                4,
                4,
                4,
                4,
                4,
                4,
                4,
                4,
                4,
                4,
                4,
                4,
                4,
                4,
                4,
                4,
                4,
                4,
                4,
                4,
                4,
                4,
                4,
                4,
                4,
                4,
                4,
                4,
                4,
                4,
                4,
                4,
                4,
                4,
                4,
                4,
                4,
                4,
                4,
                4,
                4,
                4,
                4,
                4,
                4,
                4,
                4,
                4,
                4,
                4,
                4,
                4,
                4,
                4,
                4,
                4,
                4,
                4,
                4,
                4,
                4,
                4,
                4,
                4,
                4,
                4,
                4,
                4,
                4,
                4,
                4,
                4,
                4,
                4,
                4,
                4,
                4,
                4,
                4,
                4,
                4,
                4,
                4,
                4,
                4,
                4,
                4,
                4,
                4,
                4,
                4,
                4,
                4,
                4,
                4,
                4,
                4,
                4,
                4,
                4,
                4,
                4,
                4,
                4,
                4,
                4,
                4,
                4,
                4,
                4,
                4,
                4,
                4,
                4,
                4,
                4,
                4,
                4,
                4,
                4,
                4,
                4,
                4,
                4,
                4,
                4,
                4,
                4,
                4,
                4,
                4,
                4,
                4,
                4,
                4,
                4,
                4,
                4,
                4,
                4,
                4,
                4,
                4,
                4,
                4,
                4,
                4,
                4,
                4,
                4,
                4,
                4,
                4,
                4,
                4,
                4,
                4,
                4,
                4,
                4,
                4,
                4,
                4,
                4,
                4,
                4,
                4,
                4,
                4,
                4,
                4,
                4,
                4,
                4,
                4,
                4,
                4,
                4,
                4,
                4,
                4,
                4,
                4,
                4,
                4,
                4,
                4,
                4,
                4,
                4,
                4,
                4,
                4,
                4,
                4,
                4,
                4,
                4,
                4,
                4,
                4,
                4,
                4,
                4,
                4,
                4,
                4,
                4,
                4,
                4,
                4,
                4,
                4,
                4,
                4,
                4,
                4,
                4,
                4,
                4,
                4,
                4,
                4,
                4,
                4,
                4,
                4,
                4,
                4,
                4,
                4,
                4,
                4,
                4,
                4,
                4,
                4,
                4,
                4,
                4,
                4,
                4,
                4,
                4,
                4,
                4,
                4,
                4,
                4,
                4,
                4,
                4,
                4,
                4,
                4,
                4,
                4,
                4,
                4,
                4,
                4,
                4,
                4,
                4,
                4,
                4,
                4,
                4,
                4,
                4,
                4,
                4,
                4,
                4,
                4,
                4,
                4,
                4,
                4,
                4,
                4,
                4,
                4,
                4,
                4,
                4,
                4,
                4,
                4,
                4,
                4,
                4,
                4,
                4,
                4,
                4,
                4,
                4,
                4,
                4,
                4,
                4,
                4,
                4,
                4,
                4,
                4,
                4,
                4,
                4,
                4,
                4,
                4,
                4,
                4,
                4,
                4,
                4,
                4,
                4,
                4,
                4,
                4,
                4,
                4,
                4,
                4,
                4,
                4,
                4,
                4,
                4,
                4,
                4,
                4,
                4,
                4,
                4,
                4,
                4,
                4,
                4,
                4,
                4,
                4,
                4,
                4,
                4,
                4,
                4,
                4,
                4,
                4,
                4,
                4,
                4,
                4,
                4,
                4,
                4,
                4,
                4,
                4,
                4,
                4,
                4,
                4,
                4,
                4,
                4,
                4,
                4,
                4,
                4,
                4,
                4,
                4,
                4,
                4,
                4,
                4,
                4,
                4,
                4,
                4,
                4,
                4,
                4,
                4,
                4,
                4,
                4,
                4,
                4,
                4,
                4,
                4,
                4,
                4,
                4,
                4,
                4,
                4,
                4,
                4,
                4,
                4,
                4,
                4,
                4,
                4,
                4,
                4,
                4,
                4,
                4,
                4,
                4,
                4,
                4,
                4,
                4,
                4,
                4,
                4,
                4,
                4,
                4,
                4,
                4,
                4,
                4,
                4,
                4,
                4,
                4,
                4,
                4,
                4,
                4,
                4,
                4,
                4,
                4,
                4,
                4,
                4,
                4,
                4,
                4,
                4,
                4,
                4,
                4,
                4,
                4,
                4,
                4,
                4,
                4,
                4,
                4,
                4,
                4,
                4,
                4,
                4,
                4,
                4,
                4,
                4,
                4,
                4,
                4,
                4,
                4,
                4,
                4,
                4,
                4,
                4,
                4,
                4,
                4,
                4,
                4,
                4,
                4,
                4,
                4,
                4,
                4,
                4,
                4,
                4,
                4,
                4,
                4,
                4,
                4,
                4,
                4,
                4,
                4,
                4,
                4,
                4,
                4,
                4,
                4,
                4,
                4,
                4,
                4,
                4,
                4,
                4,
                4,
                4,
                4,
                4,
                4,
                4,
                4,
                4,
                4,
                4,
                4,
                4,
                4,
                4,
                4,
                4,
                4,
                4,
                4,
                4,
                4,
                4,
                4,
                4,
                4,
                4,
                4,
                4,
                4,
                4,
                4,
                4,
                4,
                4,
                4,
                4,
                4,
                4,
                4,
                4,
                4,
                4,
                4,
                4
            ]
            int[] faceVertexIndices = [
                0,
                1,
                66,
                65,
                1,
                2,
                67,
                66,
                2,
                3,
                68,
                67,
                3,
                4,
                69,
                68,
                4,
                5,
                70,
                69,
                5,
                6,
                71,
                70,
                6,
                7,
                72,
                71,
                7,
                8,
                73,
                72,
                8,
                9,
                74,
                73,
                9,
                10,
                75,
                74,
                10,
                11,
                76,
                75,
                11,
                12,
                77,
                76,
                12,
                13,
                78,
                77,
                13,
                14,
                79,
                78,
                14,
                15,
                80,
                79,
                15,
                16,
                81,
                80,
                16,
                17,
                82,
                81,
                17,
                18,
                83,
                82,
                18,
                19,
                84,
                83,
                19,
                20,
                85,
                84,
                20,
                21,
                86,
                85,
                21,
                22,
                87,
                86,
                22,
                23,
                88,
                87,
                23,
                24,
                89,
                88,
                24,
                25,
                90,
                89,
                25,
                26,
                91,
                90,
                26,
                27,
                92,
                91,
                27,
                28,
                93,
                92,
                28,
                29,
                94,
                93,
                29,
                30,
                95,
                94,
                30,
                31,
                96,
                95,
                31,
                32,
                97,
                96,
                32,
                33,
                98,
                97,
                33,
                34,
                99,
                98,
                34,
                35,
                100,
                99,
                35,
                36,
                101,
                100,
                36,
                37,
                102,
                101,
                37,
                38,
                103,
                102,
                38,
                39,
                104,
                103,
                39,
                40,
                105,
                104,
                40,
                41,
                106,
                105,
                41,
                42,
                107,
                106,
                42,
                43,
                108,
                107,
                43,
                44,
                109,
                108,
                44,
                45,
                110,
                109,
                45,
                46,
                111,
                110,
                46,
                47,
                112,
                111,
                47,
                48,
                113,
                112,
                48,
                49,
                114,
                113,
                49,
                50,
                115,
                114,
                50,
                51,
                116,
                115,
                51,
                52,
                117,
                116,
                52,
                53,
                118,
                117,
                53,
                54,
                119,
                118,
                54,
                55,
                120,
                119,
                55,
                56,
                121,
                120,
                56,
                57,
                122,
                121,
                57,
                58,
                123,
                122,
                58,
                59,
                124,
                123,
                59,
                60,
                125,
                124,
                60,
                61,
                126,
                125,
                61,
                62,
                127,
                126,
                62,
                63,
                128,
                127,
                63,
                64,
                129,
                128,
                65,
                66,
                131,
                130,
                66,
                67,
                132,
                131,
                67,
                68,
                133,
                132,
                68,
                69,
                134,
                133,
                69,
                70,
                135,
                134,
                70,
                71,
                136,
                135,
                71,
                72,
                137,
                136,
                72,
                73,
                138,
                137,
                73,
                74,
                139,
                138,
                74,
                75,
                140,
                139,
                75,
                76,
                141,
                140,
                76,
                77,
                142,
                141,
                77,
                78,
                143,
                142,
                78,
                79,
                144,
                143,
                79,
                80,
                145,
                144,
                80,
                81,
                146,
                145,
                81,
                82,
                147,
                146,
                82,
                83,
                148,
                147,
                83,
                84,
                149,
                148,
                84,
                85,
                150,
                149,
                85,
                86,
                151,
                150,
                86,
                87,
                152,
                151,
                87,
                88,
                153,
                152,
                88,
                89,
                154,
                153,
                89,
                90,
                155,
                154,
                90,
                91,
                156,
                155,
                91,
                92,
                157,
                156,
                92,
                93,
                158,
                157,
                93,
                94,
                159,
                158,
                94,
                95,
                160,
                159,
                95,
                96,
                161,
                160,
                96,
                97,
                162,
                161,
                97,
                98,
                163,
                162,
                98,
                99,
                164,
                163,
                99,
                100,
                165,
                164,
                100,
                101,
                166,
                165,
                101,
                102,
                167,
                166,
                102,
                103,
                168,
                167,
                103,
                104,
                169,
                168,
                104,
                105,
                170,
                169,
                105,
                106,
                171,
                170,
                106,
                107,
                172,
                171,
                107,
                108,
                173,
                172,
                108,
                109,
                174,
                173,
                109,
                110,
                175,
                174,
                110,
                111,
                176,
                175,
                111,
                112,
                177,
                176,
                112,
                113,
                178,
                177,
                113,
                114,
                179,
                178,
                114,
                115,
                180,
                179,
                115,
                116,
                181,
                180,
                116,
                117,
                182,
                181,
                117,
                118,
                183,
                182,
                118,
                119,
                184,
                183,
                119,
                120,
                185,
                184,
                120,
                121,
                186,
                185,
                121,
                122,
                187,
                186,
                122,
                123,
                188,
                187,
                123,
                124,
                189,
                188,
                124,
                125,
                190,
                189,
                125,
                126,
                191,
                190,
                126,
                127,
                192,
                191,
                127,
                128,
                193,
                192,
                128,
                129,
                194,
                193,
                130,
                131,
                196,
                195,
                131,
                132,
                197,
                196,
                132,
                133,
                198,
                197,
                133,
                134,
                199,
                198,
                134,
                135,
                200,
                199,
                135,
                136,
                201,
                200,
                136,
                137,
                202,
                201,
                137,
                138,
                203,
                202,
                138,
                139,
                204,
                203,
                139,
                140,
                205,
                204,
                140,
                141,
                206,
                205,
                141,
                142,
                207,
                206,
                142,
                143,
                208,
                207,
                143,
                144,
                209,
                208,
                144,
                145,
                210,
                209,
                145,
                146,
                211,
                210,
                146,
                147,
                212,
                211,
                147,
                148,
                213,
                212,
                148,
                149,
                214,
                213,
                149,
                150,
                215,
                214,
                150,
                151,
                216,
                215,
                151,
                152,
                217,
                216,
                152,
                153,
                218,
                217,
                153,
                154,
                219,
                218,
                154,
                155,
                220,
                219,
                155,
                156,
                221,
                220,
                156,
                157,
                222,
                221,
                157,
                158,
                223,
                222,
                158,
                159,
                224,
                223,
                159,
                160,
                225,
                224,
                160,
                161,
                226,
                225,
                161,
                162,
                227,
                226,
                162,
                163,
                228,
                227,
                163,
                164,
                229,
                228,
                164,
                165,
                230,
                229,
                165,
                166,
                231,
                230,
                166,
                167,
                232,
                231,
                167,
                168,
                233,
                232,
                168,
                169,
                234,
                233,
                169,
                170,
                235,
                234,
                170,
                171,
                236,
                235,
                171,
                172,
                237,
                236,
                172,
                173,
                238,
                237,
                173,
                174,
                239,
                238,
                174,
                175,
                240,
                239,
                175,
                176,
                241,
                240,
                176,
                177,
                242,
                241,
                177,
                178,
                243,
                242,
                178,
                179,
                244,
                243,
                179,
                180,
                245,
                244,
                180,
                181,
                246,
                245,
                181,
                182,
                247,
                246,
                182,
                183,
                248,
                247,
                183,
                184,
                249,
                248,
                184,
                185,
                250,
                249,
                185,
                186,
                251,
                250,
                186,
                187,
                252,
                251,
                187,
                188,
                253,
                252,
                188,
                189,
                254,
                253,
                189,
                190,
                255,
                254,
                190,
                191,
                256,
                255,
                191,
                192,
                257,
                256,
                192,
                193,
                258,
                257,
                193,
                194,
                259,
                258,
                195,
                196,
                261,
                260,
                196,
                197,
                262,
                261,
                197,
                198,
                263,
                262,
                198,
                199,
                264,
                263,
                199,
                200,
                265,
                264,
                200,
                201,
                266,
                265,
                201,
                202,
                267,
                266,
                202,
                203,
                268,
                267,
                203,
                204,
                269,
                268,
                204,
                205,
                270,
                269,
                205,
                206,
                271,
                270,
                206,
                207,
                272,
                271,
                207,
                208,
                273,
                272,
                208,
                209,
                274,
                273,
                209,
                210,
                275,
                274,
                210,
                211,
                276,
                275,
                211,
                212,
                277,
                276,
                212,
                213,
                278,
                277,
                213,
                214,
                279,
                278,
                214,
                215,
                280,
                279,
                215,
                216,
                281,
                280,
                216,
                217,
                282,
                281,
                217,
                218,
                283,
                282,
                218,
                219,
                284,
                283,
                219,
                220,
                285,
                284,
                220,
                221,
                286,
                285,
                221,
                222,
                287,
                286,
                222,
                223,
                288,
                287,
                223,
                224,
                289,
                288,
                224,
                225,
                290,
                289,
                225,
                226,
                291,
                290,
                226,
                227,
                292,
                291,
                227,
                228,
                293,
                292,
                228,
                229,
                294,
                293,
                229,
                230,
                295,
                294,
                230,
                231,
                296,
                295,
                231,
                232,
                297,
                296,
                232,
                233,
                298,
                297,
                233,
                234,
                299,
                298,
                234,
                235,
                300,
                299,
                235,
                236,
                301,
                300,
                236,
                237,
                302,
                301,
                237,
                238,
                303,
                302,
                238,
                239,
                304,
                303,
                239,
                240,
                305,
                304,
                240,
                241,
                306,
                305,
                241,
                242,
                307,
                306,
                242,
                243,
                308,
                307,
                243,
                244,
                309,
                308,
                244,
                245,
                310,
                309,
                245,
                246,
                311,
                310,
                246,
                247,
                312,
                311,
                247,
                248,
                313,
                312,
                248,
                249,
                314,
                313,
                249,
                250,
                315,
                314,
                250,
                251,
                316,
                315,
                251,
                252,
                317,
                316,
                252,
                253,
                318,
                317,
                253,
                254,
                319,
                318,
                254,
                255,
                320,
                319,
                255,
                256,
                321,
                320,
                256,
                257,
                322,
                321,
                257,
                258,
                323,
                322,
                258,
                259,
                324,
                323,
                260,
                261,
                326,
                325,
                261,
                262,
                327,
                326,
                262,
                263,
                328,
                327,
                263,
                264,
                329,
                328,
                264,
                265,
                330,
                329,
                265,
                266,
                331,
                330,
                266,
                267,
                332,
                331,
                267,
                268,
                333,
                332,
                268,
                269,
                334,
                333,
                269,
                270,
                335,
                334,
                270,
                271,
                336,
                335,
                271,
                272,
                337,
                336,
                272,
                273,
                338,
                337,
                273,
                274,
                339,
                338,
                274,
                275,
                340,
                339,
                275,
                276,
                341,
                340,
                276,
                277,
                342,
                341,
                277,
                278,
                343,
                342,
                278,
                279,
                344,
                343,
                279,
                280,
                345,
                344,
                280,
                281,
                346,
                345,
                281,
                282,
                347,
                346,
                282,
                283,
                348,
                347,
                283,
                284,
                349,
                348,
                284,
                285,
                350,
                349,
                285,
                286,
                351,
                350,
                286,
                287,
                352,
                351,
                287,
                288,
                353,
                352,
                288,
                289,
                354,
                353,
                289,
                290,
                355,
                354,
                290,
                291,
                356,
                355,
                291,
                292,
                357,
                356,
                292,
                293,
                358,
                357,
                293,
                294,
                359,
                358,
                294,
                295,
                360,
                359,
                295,
                296,
                361,
                360,
                296,
                297,
                362,
                361,
                297,
                298,
                363,
                362,
                298,
                299,
                364,
                363,
                299,
                300,
                365,
                364,
                300,
                301,
                366,
                365,
                301,
                302,
                367,
                366,
                302,
                303,
                368,
                367,
                303,
                304,
                369,
                368,
                304,
                305,
                370,
                369,
                305,
                306,
                371,
                370,
                306,
                307,
                372,
                371,
                307,
                308,
                373,
                372,
                308,
                309,
                374,
                373,
                309,
                310,
                375,
                374,
                310,
                311,
                376,
                375,
                311,
                312,
                377,
                376,
                312,
                313,
                378,
                377,
                313,
                314,
                379,
                378,
                314,
                315,
                380,
                379,
                315,
                316,
                381,
                380,
                316,
                317,
                382,
                381,
                317,
                318,
                383,
                382,
                318,
                319,
                384,
                383,
                319,
                320,
                385,
                384,
                320,
                321,
                386,
                385,
                321,
                322,
                387,
                386,
                322,
                323,
                388,
                387,
                323,
                324,
                389,
                388,
                325,
                326,
                391,
                390,
                326,
                327,
                392,
                391,
                327,
                328,
                393,
                392,
                328,
                329,
                394,
                393,
                329,
                330,
                395,
                394,
                330,
                331,
                396,
                395,
                331,
                332,
                397,
                396,
                332,
                333,
                398,
                397,
                333,
                334,
                399,
                398,
                334,
                335,
                400,
                399,
                335,
                336,
                401,
                400,
                336,
                337,
                402,
                401,
                337,
                338,
                403,
                402,
                338,
                339,
                404,
                403,
                339,
                340,
                405,
                404,
                340,
                341,
                406,
                405,
                341,
                342,
                407,
                406,
                342,
                343,
                408,
                407,
                343,
                344,
                409,
                408,
                344,
                345,
                410,
                409,
                345,
                346,
                411,
                410,
                346,
                347,
                412,
                411,
                347,
                348,
                413,
                412,
                348,
                349,
                414,
                413,
                349,
                350,
                415,
                414,
                350,
                351,
                416,
                415,
                351,
                352,
                417,
                416,
                352,
                353,
                418,
                417,
                353,
                354,
                419,
                418,
                354,
                355,
                420,
                419,
                355,
                356,
                421,
                420,
                356,
                357,
                422,
                421,
                357,
                358,
                423,
                422,
                358,
                359,
                424,
                423,
                359,
                360,
                425,
                424,
                360,
                361,
                426,
                425,
                361,
                362,
                427,
                426,
                362,
                363,
                428,
                427,
                363,
                364,
                429,
                428,
                364,
                365,
                430,
                429,
                365,
                366,
                431,
                430,
                366,
                367,
                432,
                431,
                367,
                368,
                433,
                432,
                368,
                369,
                434,
                433,
                369,
                370,
                435,
                434,
                370,
                371,
                436,
                435,
                371,
                372,
                437,
                436,
                372,
                373,
                438,
                437,
                373,
                374,
                439,
                438,
                374,
                375,
                440,
                439,
                375,
                376,
                441,
                440,
                376,
                377,
                442,
                441,
                377,
                378,
                443,
                442,
                378,
                379,
                444,
                443,
                379,
                380,
                445,
                444,
                380,
                381,
                446,
                445,
                381,
                382,
                447,
                446,
                382,
                383,
                448,
                447,
                383,
                384,
                449,
                448,
                384,
                385,
                450,
                449,
                385,
                386,
                451,
                450,
                386,
                387,
                452,
                451,
                387,
                388,
                453,
                452,
                388,
                389,
                454,
                453,
                390,
                391,
                456,
                455,
                391,
                392,
                457,
                456,
                392,
                393,
                458,
                457,
                393,
                394,
                459,
                458,
                394,
                395,
                460,
                459,
                395,
                396,
                461,
                460,
                396,
                397,
                462,
                461,
                397,
                398,
                463,
                462,
                398,
                399,
                464,
                463,
                399,
                400,
                465,
                464,
                400,
                401,
                466,
                465,
                401,
                402,
                467,
                466,
                402,
                403,
                468,
                467,
                403,
                404,
                469,
                468,
                404,
                405,
                470,
                469,
                405,
                406,
                471,
                470,
                406,
                407,
                472,
                471,
                407,
                408,
                473,
                472,
                408,
                409,
                474,
                473,
                409,
                410,
                475,
                474,
                410,
                411,
                476,
                475,
                411,
                412,
                477,
                476,
                412,
                413,
                478,
                477,
                413,
                414,
                479,
                478,
                414,
                415,
                480,
                479,
                415,
                416,
                481,
                480,
                416,
                417,
                482,
                481,
                417,
                418,
                483,
                482,
                418,
                419,
                484,
                483,
                419,
                420,
                485,
                484,
                420,
                421,
                486,
                485,
                421,
                422,
                487,
                486,
                422,
                423,
                488,
                487,
                423,
                424,
                489,
                488,
                424,
                425,
                490,
                489,
                425,
                426,
                491,
                490,
                426,
                427,
                492,
                491,
                427,
                428,
                493,
                492,
                428,
                429,
                494,
                493,
                429,
                430,
                495,
                494,
                430,
                431,
                496,
                495,
                431,
                432,
                497,
                496,
                432,
                433,
                498,
                497,
                433,
                434,
                499,
                498,
                434,
                435,
                500,
                499,
                435,
                436,
                501,
                500,
                436,
                437,
                502,
                501,
                437,
                438,
                503,
                502,
                438,
                439,
                504,
                503,
                439,
                440,
                505,
                504,
                440,
                441,
                506,
                505,
                441,
                442,
                507,
                506,
                442,
                443,
                508,
                507,
                443,
                444,
                509,
                508,
                444,
                445,
                510,
                509,
                445,
                446,
                511,
                510,
                446,
                447,
                512,
                511,
                447,
                448,
                513,
                512,
                448,
                449,
                514,
                513,
                449,
                450,
                515,
                514,
                450,
                451,
                516,
                515,
                451,
                452,
                517,
                516,
                452,
                453,
                518,
                517,
                453,
                454,
                519,
                518,
                455,
                456,
                521,
                520,
                456,
                457,
                522,
                521,
                457,
                458,
                523,
                522,
                458,
                459,
                524,
                523,
                459,
                460,
                525,
                524,
                460,
                461,
                526,
                525,
                461,
                462,
                527,
                526,
                462,
                463,
                528,
                527,
                463,
                464,
                529,
                528,
                464,
                465,
                530,
                529,
                465,
                466,
                531,
                530,
                466,
                467,
                532,
                531,
                467,
                468,
                533,
                532,
                468,
                469,
                534,
                533,
                469,
                470,
                535,
                534,
                470,
                471,
                536,
                535,
                471,
                472,
                537,
                536,
                472,
                473,
                538,
                537,
                473,
                474,
                539,
                538,
                474,
                475,
                540,
                539,
                475,
                476,
                541,
                540,
                476,
                477,
                542,
                541,
                477,
                478,
                543,
                542,
                478,
                479,
                544,
                543,
                479,
                480,
                545,
                544,
                480,
                481,
                546,
                545,
                481,
                482,
                547,
                546,
                482,
                483,
                548,
                547,
                483,
                484,
                549,
                548,
                484,
                485,
                550,
                549,
                485,
                486,
                551,
                550,
                486,
                487,
                552,
                551,
                487,
                488,
                553,
                552,
                488,
                489,
                554,
                553,
                489,
                490,
                555,
                554,
                490,
                491,
                556,
                555,
                491,
                492,
                557,
                556,
                492,
                493,
                558,
                557,
                493,
                494,
                559,
                558,
                494,
                495,
                560,
                559,
                495,
                496,
                561,
                560,
                496,
                497,
                562,
                561,
                497,
                498,
                563,
                562,
                498,
                499,
                564,
                563,
                499,
                500,
                565,
                564,
                500,
                501,
                566,
                565,
                501,
                502,
                567,
                566,
                502,
                503,
                568,
                567,
                503,
                504,
                569,
                568,
                504,
                505,
                570,
                569,
                505,
                506,
                571,
                570,
                506,
                507,
                572,
                571,
                507,
                508,
                573,
                572,
                508,
                509,
                574,
                573,
                509,
                510,
                575,
                574,
                510,
                511,
                576,
                575,
                511,
                512,
                577,
                576,
                512,
                513,
                578,
                577,
                513,
                514,
                579,
                578,
                514,
                515,
                580,
                579,
                515,
                516,
                581,
                580,
                516,
                517,
                582,
                581,
                517,
                518,
                583,
                582,
                518,
                519,
                584,
                583,
                520,
                521,
                586,
                585,
                521,
                522,
                587,
                586,
                522,
                523,
                588,
                587,
                523,
                524,
                589,
                588,
                524,
                525,
                590,
                589,
                525,
                526,
                591,
                590,
                526,
                527,
                592,
                591,
                527,
                528,
                593,
                592,
                528,
                529,
                594,
                593,
                529,
                530,
                595,
                594,
                530,
                531,
                596,
                595,
                531,
                532,
                597,
                596,
                532,
                533,
                598,
                597,
                533,
                534,
                599,
                598,
                534,
                535,
                600,
                599,
                535,
                536,
                601,
                600,
                536,
                537,
                602,
                601,
                537,
                538,
                603,
                602,
                538,
                539,
                604,
                603,
                539,
                540,
                605,
                604,
                540,
                541,
                606,
                605,
                541,
                542,
                607,
                606,
                542,
                543,
                608,
                607,
                543,
                544,
                609,
                608,
                544,
                545,
                610,
                609,
                545,
                546,
                611,
                610,
                546,
                547,
                612,
                611,
                547,
                548,
                613,
                612,
                548,
                549,
                614,
                613,
                549,
                550,
                615,
                614,
                550,
                551,
                616,
                615,
                551,
                552,
                617,
                616,
                552,
                553,
                618,
                617,
                553,
                554,
                619,
                618,
                554,
                555,
                620,
                619,
                555,
                556,
                621,
                620,
                556,
                557,
                622,
                621,
                557,
                558,
                623,
                622,
                558,
                559,
                624,
                623,
                559,
                560,
                625,
                624,
                560,
                561,
                626,
                625,
                561,
                562,
                627,
                626,
                562,
                563,
                628,
                627,
                563,
                564,
                629,
                628,
                564,
                565,
                630,
                629,
                565,
                566,
                631,
                630,
                566,
                567,
                632,
                631,
                567,
                568,
                633,
                632,
                568,
                569,
                634,
                633,
                569,
                570,
                635,
                634,
                570,
                571,
                636,
                635,
                571,
                572,
                637,
                636,
                572,
                573,
                638,
                637,
                573,
                574,
                639,
                638,
                574,
                575,
                640,
                639,
                575,
                576,
                641,
                640,
                576,
                577,
                642,
                641,
                577,
                578,
                643,
                642,
                578,
                579,
                644,
                643,
                579,
                580,
                645,
                644,
                580,
                581,
                646,
                645,
                581,
                582,
                647,
                646,
                582,
                583,
                648,
                647,
                583,
                584,
                649,
                648,
                585,
                586,
                651,
                650,
                586,
                587,
                652,
                651,
                587,
                588,
                653,
                652,
                588,
                589,
                654,
                653,
                589,
                590,
                655,
                654,
                590,
                591,
                656,
                655,
                591,
                592,
                657,
                656,
                592,
                593,
                658,
                657,
                593,
                594,
                659,
                658,
                594,
                595,
                660,
                659,
                595,
                596,
                661,
                660,
                596,
                597,
                662,
                661,
                597,
                598,
                663,
                662,
                598,
                599,
                664,
                663,
                599,
                600,
                665,
                664,
                600,
                601,
                666,
                665,
                601,
                602,
                667,
                666,
                602,
                603,
                668,
                667,
                603,
                604,
                669,
                668,
                604,
                605,
                670,
                669,
                605,
                606,
                671,
                670,
                606,
                607,
                672,
                671,
                607,
                608,
                673,
                672,
                608,
                609,
                674,
                673,
                609,
                610,
                675,
                674,
                610,
                611,
                676,
                675,
                611,
                612,
                677,
                676,
                612,
                613,
                678,
                677,
                613,
                614,
                679,
                678,
                614,
                615,
                680,
                679,
                615,
                616,
                681,
                680,
                616,
                617,
                682,
                681,
                617,
                618,
                683,
                682,
                618,
                619,
                684,
                683,
                619,
                620,
                685,
                684,
                620,
                621,
                686,
                685,
                621,
                622,
                687,
                686,
                622,
                623,
                688,
                687,
                623,
                624,
                689,
                688,
                624,
                625,
                690,
                689,
                625,
                626,
                691,
                690,
                626,
                627,
                692,
                691,
                627,
                628,
                693,
                692,
                628,
                629,
                694,
                693,
                629,
                630,
                695,
                694,
                630,
                631,
                696,
                695,
                631,
                632,
                697,
                696,
                632,
                633,
                698,
                697,
                633,
                634,
                699,
                698,
                634,
                635,
                700,
                699,
                635,
                636,
                701,
                700,
                636,
                637,
                702,
                701,
                637,
                638,
                703,
                702,
                638,
                639,
                704,
                703,
                639,
                640,
                705,
                704,
                640,
                641,
                706,
                705,
                641,
                642,
                707,
                706,
                642,
                643,
                708,
                707,
                643,
                644,
                709,
                708,
                644,
                645,
                710,
                709,
                645,
                646,
                711,
                710,
                646,
                647,
                712,
                711,
                647,
                648,
                713,
                712,
                648,
                649,
                714,
                713,
                650,
                651,
                716,
                715,
                651,
                652,
                717,
                716,
                652,
                653,
                718,
                717,
                653,
                654,
                719,
                718,
                654,
                655,
                720,
                719,
                655,
                656,
                721,
                720,
                656,
                657,
                722,
                721,
                657,
                658,
                723,
                722,
                658,
                659,
                724,
                723,
                659,
                660,
                725,
                724,
                660,
                661,
                726,
                725,
                661,
                662,
                727,
                726,
                662,
                663,
                728,
                727,
                663,
                664,
                729,
                728,
                664,
                665,
                730,
                729,
                665,
                666,
                731,
                730,
                666,
                667,
                732,
                731,
                667,
                668,
                733,
                732,
                668,
                669,
                734,
                733,
                669,
                670,
                735,
                734,
                670,
                671,
                736,
                735,
                671,
                672,
                737,
                736,
                672,
                673,
                738,
                737,
                673,
                674,
                739,
                738,
                674,
                675,
                740,
                739,
                675,
                676,
                741,
                740,
                676,
                677,
                742,
                741,
                677,
                678,
                743,
                742,
                678,
                679,
                744,
                743,
                679,
                680,
                745,
                744,
                680,
                681,
                746,
                745,
                681,
                682,
                747,
                746,
                682,
                683,
                748,
                747,
                683,
                684,
                749,
                748,
                684,
                685,
                750,
                749,
                685,
                686,
                751,
                750,
                686,
                687,
                752,
                751,
                687,
                688,
                753,
                752,
                688,
                689,
                754,
                753,
                689,
                690,
                755,
                754,
                690,
                691,
                756,
                755,
                691,
                692,
                757,
                756,
                692,
                693,
                758,
                757,
                693,
                694,
                759,
                758,
                694,
                695,
                760,
                759,
                695,
                696,
                761,
                760,
                696,
                697,
                762,
                761,
                697,
                698,
                763,
                762,
                698,
                699,
                764,
                763,
                699,
                700,
                765,
                764,
                700,
                701,
                766,
                765,
                701,
                702,
                767,
                766,
                702,
                703,
                768,
                767,
                703,
                704,
                769,
                768,
                704,
                705,
                770,
                769,
                705,
                706,
                771,
                770,
                706,
                707,
                772,
                771,
                707,
                708,
                773,
                772,
                708,
                709,
                774,
                773,
                709,
                710,
                775,
                774,
                710,
                711,
                776,
                775,
                711,
                712,
                777,
                776,
                712,
                713,
                778,
                777,
                713,
                714,
                779,
                778,
                715,
                716,
                781,
                780,
                716,
                717,
                782,
                781,
                717,
                718,
                783,
                782,
                718,
                719,
                784,
                783,
                719,
                720,
                785,
                784,
                720,
                721,
                786,
                785,
                721,
                722,
                787,
                786,
                722,
                723,
                788,
                787,
                723,
                724,
                789,
                788,
                724,
                725,
                790,
                789,
                725,
                726,
                791,
                790,
                726,
                727,
                792,
                791,
                727,
                728,
                793,
                792,
                728,
                729,
                794,
                793,
                729,
                730,
                795,
                794,
                730,
                731,
                796,
                795,
                731,
                732,
                797,
                796,
                732,
                733,
                798,
                797,
                733,
                734,
                799,
                798,
                734,
                735,
                800,
                799,
                735,
                736,
                801,
                800,
                736,
                737,
                802,
                801,
                737,
                738,
                803,
                802,
                738,
                739,
                804,
                803,
                739,
                740,
                805,
                804,
                740,
                741,
                806,
                805,
                741,
                742,
                807,
                806,
                742,
                743,
                808,
                807,
                743,
                744,
                809,
                808,
                744,
                745,
                810,
                809,
                745,
                746,
                811,
                810,
                746,
                747,
                812,
                811,
                747,
                748,
                813,
                812,
                748,
                749,
                814,
                813,
                749,
                750,
                815,
                814,
                750,
                751,
                816,
                815,
                751,
                752,
                817,
                816,
                752,
                753,
                818,
                817,
                753,
                754,
                819,
                818,
                754,
                755,
                820,
                819,
                755,
                756,
                821,
                820,
                756,
                757,
                822,
                821,
                757,
                758,
                823,
                822,
                758,
                759,
                824,
                823,
                759,
                760,
                825,
                824,
                760,
                761,
                826,
                825,
                761,
                762,
                827,
                826,
                762,
                763,
                828,
                827,
                763,
                764,
                829,
                828,
                764,
                765,
                830,
                829,
                765,
                766,
                831,
                830,
                766,
                767,
                832,
                831,
                767,
                768,
                833,
                832,
                768,
                769,
                834,
                833,
                769,
                770,
                835,
                834,
                770,
                771,
                836,
                835,
                771,
                772,
                837,
                836,
                772,
                773,
                838,
                837,
                773,
                774,
                839,
                838,
                774,
                775,
                840,
                839,
                775,
                776,
                841,
                840,
                776,
                777,
                842,
                841,
                777,
                778,
                843,
                842,
                778,
                779,
                844,
                843,
                780,
                781,
                846,
                845,
                781,
                782,
                847,
                846,
                782,
                783,
                848,
                847,
                783,
                784,
                849,
                848,
                784,
                785,
                850,
                849,
                785,
                786,
                851,
                850,
                786,
                787,
                852,
                851,
                787,
                788,
                853,
                852,
                788,
                789,
                854,
                853,
                789,
                790,
                855,
                854,
                790,
                791,
                856,
                855,
                791,
                792,
                857,
                856,
                792,
                793,
                858,
                857,
                793,
                794,
                859,
                858,
                794,
                795,
                860,
                859,
                795,
                796,
                861,
                860,
                796,
                797,
                862,
                861,
                797,
                798,
                863,
                862,
                798,
                799,
                864,
                863,
                799,
                800,
                865,
                864,
                800,
                801,
                866,
                865,
                801,
                802,
                867,
                866,
                802,
                803,
                868,
                867,
                803,
                804,
                869,
                868,
                804,
                805,
                870,
                869,
                805,
                806,
                871,
                870,
                806,
                807,
                872,
                871,
                807,
                808,
                873,
                872,
                808,
                809,
                874,
                873,
                809,
                810,
                875,
                874,
                810,
                811,
                876,
                875,
                811,
                812,
                877,
                876,
                812,
                813,
                878,
                877,
                813,
                814,
                879,
                878,
                814,
                815,
                880,
                879,
                815,
                816,
                881,
                880,
                816,
                817,
                882,
                881,
                817,
                818,
                883,
                882,
                818,
                819,
                884,
                883,
                819,
                820,
                885,
                884,
                820,
                821,
                886,
                885,
                821,
                822,
                887,
                886,
                822,
                823,
                888,
                887,
                823,
                824,
                889,
                888,
                824,
                825,
                890,
                889,
                825,
                826,
                891,
                890,
                826,
                827,
                892,
                891,
                827,
                828,
                893,
                892,
                828,
                829,
                894,
                893,
                829,
                830,
                895,
                894,
                830,
                831,
                896,
                895,
                831,
                832,
                897,
                896,
                832,
                833,
                898,
                897,
                833,
                834,
                899,
                898,
                834,
                835,
                900,
                899,
                835,
                836,
                901,
                900,
                836,
                837,
                902,
                901,
                837,
                838,
                903,
                902,
                838,
                839,
                904,
                903,
                839,
                840,
                905,
                904,
                840,
                841,
                906,
                905,
                841,
                842,
                907,
                906,
                842,
                843,
                908,
                907,
                843,
                844,
                909,
                908,
                845,
                846,
                911,
                910,
                846,
                847,
                912,
                911,
                847,
                848,
                913,
                912,
                848,
                849,
                914,
                913,
                849,
                850,
                915,
                914,
                850,
                851,
                916,
                915,
                851,
                852,
                917,
                916,
                852,
                853,
                918,
                917,
                853,
                854,
                919,
                918,
                854,
                855,
                920,
                919,
                855,
                856,
                921,
                920,
                856,
                857,
                922,
                921,
                857,
                858,
                923,
                922,
                858,
                859,
                924,
                923,
                859,
                860,
                925,
                924,
                860,
                861,
                926,
                925,
                861,
                862,
                927,
                926,
                862,
                863,
                928,
                927,
                863,
                864,
                929,
                928,
                864,
                865,
                930,
                929,
                865,
                866,
                931,
                930,
                866,
                867,
                932,
                931,
                867,
                868,
                933,
                932,
                868,
                869,
                934,
                933,
                869,
                870,
                935,
                934,
                870,
                871,
                936,
                935,
                871,
                872,
                937,
                936,
                872,
                873,
                938,
                937,
                873,
                874,
                939,
                938,
                874,
                875,
                940,
                939,
                875,
                876,
                941,
                940,
                876,
                877,
                942,
                941,
                877,
                878,
                943,
                942,
                878,
                879,
                944,
                943,
                879,
                880,
                945,
                944,
                880,
                881,
                946,
                945,
                881,
                882,
                947,
                946,
                882,
                883,
                948,
                947,
                883,
                884,
                949,
                948,
                884,
                885,
                950,
                949,
                885,
                886,
                951,
                950,
                886,
                887,
                952,
                951,
                887,
                888,
                953,
                952,
                888,
                889,
                954,
                953,
                889,
                890,
                955,
                954,
                890,
                891,
                956,
                955,
                891,
                892,
                957,
                956,
                892,
                893,
                958,
                957,
                893,
                894,
                959,
                958,
                894,
                895,
                960,
                959,
                895,
                896,
                961,
                960,
                896,
                897,
                962,
                961,
                897,
                898,
                963,
                962,
                898,
                899,
                964,
                963,
                899,
                900,
                965,
                964,
                900,
                901,
                966,
                965,
                901,
                902,
                967,
                966,
                902,
                903,
                968,
                967,
                903,
                904,
                969,
                968,
                904,
                905,
                970,
                969,
                905,
                906,
                971,
                970,
                906,
                907,
                972,
                971,
                907,
                908,
                973,
                972,
                908,
                909,
                974,
                973,
                910,
                911,
                976,
                975,
                911,
                912,
                977,
                976,
                912,
                913,
                978,
                977,
                913,
                914,
                979,
                978,
                914,
                915,
                980,
                979,
                915,
                916,
                981,
                980,
                916,
                917,
                982,
                981,
                917,
                918,
                983,
                982,
                918,
                919,
                984,
                983,
                919,
                920,
                985,
                984,
                920,
                921,
                986,
                985,
                921,
                922,
                987,
                986,
                922,
                923,
                988,
                987,
                923,
                924,
                989,
                988,
                924,
                925,
                990,
                989,
                925,
                926,
                991,
                990,
                926,
                927,
                992,
                991,
                927,
                928,
                993,
                992,
                928,
                929,
                994,
                993,
                929,
                930,
                995,
                994,
                930,
                931,
                996,
                995,
                931,
                932,
                997,
                996,
                932,
                933,
                998,
                997,
                933,
                934,
                999,
                998,
                934,
                935,
                1000,
                999,
                935,
                936,
                1001,
                1000,
                936,
                937,
                1002,
                1001,
                937,
                938,
                1003,
                1002,
                938,
                939,
                1004,
                1003,
                939,
                940,
                1005,
                1004,
                940,
                941,
                1006,
                1005,
                941,
                942,
                1007,
                1006,
                942,
                943,
                1008,
                1007,
                943,
                944,
                1009,
                1008,
                944,
                945,
                1010,
                1009,
                945,
                946,
                1011,
                1010,
                946,
                947,
                1012,
                1011,
                947,
                948,
                1013,
                1012,
                948,
                949,
                1014,
                1013,
                949,
                950,
                1015,
                1014,
                950,
                951,
                1016,
                1015,
                951,
                952,
                1017,
                1016,
                952,
                953,
                1018,
                1017,
                953,
                954,
                1019,
                1018,
                954,
                955,
                1020,
                1019,
                955,
                956,
                1021,
                1020,
                956,
                957,
                1022,
                1021,
                957,
                958,
                1023,
                1022,
                958,
                959,
                1024,
                1023,
                959,
                960,
                1025,
                1024,
                960,
                961,
                1026,
                1025,
                961,
                962,
                1027,
                1026,
                962,
                963,
                1028,
                1027,
                963,
                964,
                1029,
                1028,
                964,
                965,
                1030,
                1029,
                965,
                966,
                1031,
                1030,
                966,
                967,
                1032,
                1031,
                967,
                968,
                1033,
                1032,
                968,
                969,
                1034,
                1033,
                969,
                970,
                1035,
                1034,
                970,
                971,
                1036,
                1035,
                971,
                972,
                1037,
                1036,
                972,
                973,
                1038,
                1037,
                973,
                974,
                1039,
                1038,
                975,
                976,
                1041,
                1040,
                976,
                977,
                1042,
                1041,
                977,
                978,
                1043,
                1042,
                978,
                979,
                1044,
                1043,
                979,
                980,
                1045,
                1044,
                980,
                981,
                1046,
                1045,
                981,
                982,
                1047,
                1046,
                982,
                983,
                1048,
                1047,
                983,
                984,
                1049,
                1048,
                984,
                985,
                1050,
                1049,
                985,
                986,
                1051,
                1050,
                986,
                987,
                1052,
                1051,
                987,
                988,
                1053,
                1052,
                988,
                989,
                1054,
                1053,
                989,
                990,
                1055,
                1054,
                990,
                991,
                1056,
                1055,
                991,
                992,
                1057,
                1056,
                992,
                993,
                1058,
                1057,
                993,
                994,
                1059,
                1058,
                994,
                995,
                1060,
                1059,
                995,
                996,
                1061,
                1060,
                996,
                997,
                1062,
                1061,
                997,
                998,
                1063,
                1062,
                998,
                999,
                1064,
                1063,
                999,
                1000,
                1065,
                1064,
                1000,
                1001,
                1066,
                1065,
                1001,
                1002,
                1067,
                1066,
                1002,
                1003,
                1068,
                1067,
                1003,
                1004,
                1069,
                1068,
                1004,
                1005,
                1070,
                1069,
                1005,
                1006,
                1071,
                1070,
                1006,
                1007,
                1072,
                1071,
                1007,
                1008,
                1073,
                1072,
                1008,
                1009,
                1074,
                1073,
                1009,
                1010,
                1075,
                1074,
                1010,
                1011,
                1076,
                1075,
                1011,
                1012,
                1077,
                1076,
                1012,
                1013,
                1078,
                1077,
                1013,
                1014,
                1079,
                1078,
                1014,
                1015,
                1080,
                1079,
                1015,
                1016,
                1081,
                1080,
                1016,
                1017,
                1082,
                1081,
                1017,
                1018,
                1083,
                1082,
                1018,
                1019,
                1084,
                1083,
                1019,
                1020,
                1085,
                1084,
                1020,
                1021,
                1086,
                1085,
                1021,
                1022,
                1087,
                1086,
                1022,
                1023,
                1088,
                1087,
                1023,
                1024,
                1089,
                1088,
                1024,
                1025,
                1090,
                1089,
                1025,
                1026,
                1091,
                1090,
                1026,
                1027,
                1092,
                1091,
                1027,
                1028,
                1093,
                1092,
                1028,
                1029,
                1094,
                1093,
                1029,
                1030,
                1095,
                1094,
                1030,
                1031,
                1096,
                1095,
                1031,
                1032,
                1097,
                1096,
                1032,
                1033,
                1098,
                1097,
                1033,
                1034,
                1099,
                1098,
                1034,
                1035,
                1100,
                1099,
                1035,
                1036,
                1101,
                1100,
                1036,
                1037,
                1102,
                1101,
                1037,
                1038,
                1103,
                1102,
                1038,
                1039,
                1104,
                1103,
                1040,
                1041,
                1106,
                1105,
                1041,
                1042,
                1107,
                1106,
                1042,
                1043,
                1108,
                1107,
                1043,
                1044,
                1109,
                1108,
                1044,
                1045,
                1110,
                1109,
                1045,
                1046,
                1111,
                1110,
                1046,
                1047,
                1112,
                1111,
                1047,
                1048,
                1113,
                1112,
                1048,
                1049,
                1114,
                1113,
                1049,
                1050,
                1115,
                1114,
                1050,
                1051,
                1116,
                1115,
                1051,
                1052,
                1117,
                1116,
                1052,
                1053,
                1118,
                1117,
                1053,
                1054,
                1119,
                1118,
                1054,
                1055,
                1120,
                1119,
                1055,
                1056,
                1121,
                1120,
                1056,
                1057,
                1122,
                1121,
                1057,
                1058,
                1123,
                1122,
                1058,
                1059,
                1124,
                1123,
                1059,
                1060,
                1125,
                1124,
                1060,
                1061,
                1126,
                1125,
                1061,
                1062,
                1127,
                1126,
                1062,
                1063,
                1128,
                1127,
                1063,
                1064,
                1129,
                1128,
                1064,
                1065,
                1130,
                1129,
                1065,
                1066,
                1131,
                1130,
                1066,
                1067,
                1132,
                1131,
                1067,
                1068,
                1133,
                1132,
                1068,
                1069,
                1134,
                1133,
                1069,
                1070,
                1135,
                1134,
                1070,
                1071,
                1136,
                1135,
                1071,
                1072,
                1137,
                1136,
                1072,
                1073,
                1138,
                1137,
                1073,
                1074,
                1139,
                1138,
                1074,
                1075,
                1140,
                1139,
                1075,
                1076,
                1141,
                1140,
                1076,
                1077,
                1142,
                1141,
                1077,
                1078,
                1143,
                1142,
                1078,
                1079,
                1144,
                1143,
                1079,
                1080,
                1145,
                1144,
                1080,
                1081,
                1146,
                1145,
                1081,
                1082,
                1147,
                1146,
                1082,
                1083,
                1148,
                1147,
                1083,
                1084,
                1149,
                1148,
                1084,
                1085,
                1150,
                1149,
                1085,
                1086,
                1151,
                1150,
                1086,
                1087,
                1152,
                1151,
                1087,
                1088,
                1153,
                1152,
                1088,
                1089,
                1154,
                1153,
                1089,
                1090,
                1155,
                1154,
                1090,
                1091,
                1156,
                1155,
                1091,
                1092,
                1157,
                1156,
                1092,
                1093,
                1158,
                1157,
                1093,
                1094,
                1159,
                1158,
                1094,
                1095,
                1160,
                1159,
                1095,
                1096,
                1161,
                1160,
                1096,
                1097,
                1162,
                1161,
                1097,
                1098,
                1163,
                1162,
                1098,
                1099,
                1164,
                1163,
                1099,
                1100,
                1165,
                1164,
                1100,
                1101,
                1166,
                1165,
                1101,
                1102,
                1167,
                1166,
                1102,
                1103,
                1168,
                1167,
                1103,
                1104,
                1169,
                1168,
                1105,
                1106,
                1171,
                1170,
                1106,
                1107,
                1172,
                1171,
                1107,
                1108,
                1173,
                1172,
                1108,
                1109,
                1174,
                1173,
                1109,
                1110,
                1175,
                1174,
                1110,
                1111,
                1176,
                1175,
                1111,
                1112,
                1177,
                1176,
                1112,
                1113,
                1178,
                1177,
                1113,
                1114,
                1179,
                1178,
                1114,
                1115,
                1180,
                1179,
                1115,
                1116,
                1181,
                1180,
                1116,
                1117,
                1182,
                1181,
                1117,
                1118,
                1183,
                1182,
                1118,
                1119,
                1184,
                1183,
                1119,
                1120,
                1185,
                1184,
                1120,
                1121,
                1186,
                1185,
                1121,
                1122,
                1187,
                1186,
                1122,
                1123,
                1188,
                1187,
                1123,
                1124,
                1189,
                1188,
                1124,
                1125,
                1190,
                1189,
                1125,
                1126,
                1191,
                1190,
                1126,
                1127,
                1192,
                1191,
                1127,
                1128,
                1193,
                1192,
                1128,
                1129,
                1194,
                1193,
                1129,
                1130,
                1195,
                1194,
                1130,
                1131,
                1196,
                1195,
                1131,
                1132,
                1197,
                1196,
                1132,
                1133,
                1198,
                1197,
                1133,
                1134,
                1199,
                1198,
                1134,
                1135,
                1200,
                1199,
                1135,
                1136,
                1201,
                1200,
                1136,
                1137,
                1202,
                1201,
                1137,
                1138,
                1203,
                1202,
                1138,
                1139,
                1204,
                1203,
                1139,
                1140,
                1205,
                1204,
                1140,
                1141,
                1206,
                1205,
                1141,
                1142,
                1207,
                1206,
                1142,
                1143,
                1208,
                1207,
                1143,
                1144,
                1209,
                1208,
                1144,
                1145,
                1210,
                1209,
                1145,
                1146,
                1211,
                1210,
                1146,
                1147,
                1212,
                1211,
                1147,
                1148,
                1213,
                1212,
                1148,
                1149,
                1214,
                1213,
                1149,
                1150,
                1215,
                1214,
                1150,
                1151,
                1216,
                1215,
                1151,
                1152,
                1217,
                1216,
                1152,
                1153,
                1218,
                1217,
                1153,
                1154,
                1219,
                1218,
                1154,
                1155,
                1220,
                1219,
                1155,
                1156,
                1221,
                1220,
                1156,
                1157,
                1222,
                1221,
                1157,
                1158,
                1223,
                1222,
                1158,
                1159,
                1224,
                1223,
                1159,
                1160,
                1225,
                1224,
                1160,
                1161,
                1226,
                1225,
                1161,
                1162,
                1227,
                1226,
                1162,
                1163,
                1228,
                1227,
                1163,
                1164,
                1229,
                1228,
                1164,
                1165,
                1230,
                1229,
                1165,
                1166,
                1231,
                1230,
                1166,
                1167,
                1232,
                1231,
                1167,
                1168,
                1233,
                1232,
                1168,
                1169,
                1234,
                1233,
                1170,
                1171,
                1236,
                1235,
                1171,
                1172,
                1237,
                1236,
                1172,
                1173,
                1238,
                1237,
                1173,
                1174,
                1239,
                1238,
                1174,
                1175,
                1240,
                1239,
                1175,
                1176,
                1241,
                1240,
                1176,
                1177,
                1242,
                1241,
                1177,
                1178,
                1243,
                1242,
                1178,
                1179,
                1244,
                1243,
                1179,
                1180,
                1245,
                1244,
                1180,
                1181,
                1246,
                1245,
                1181,
                1182,
                1247,
                1246,
                1182,
                1183,
                1248,
                1247,
                1183,
                1184,
                1249,
                1248,
                1184,
                1185,
                1250,
                1249,
                1185,
                1186,
                1251,
                1250,
                1186,
                1187,
                1252,
                1251,
                1187,
                1188,
                1253,
                1252,
                1188,
                1189,
                1254,
                1253,
                1189,
                1190,
                1255,
                1254,
                1190,
                1191,
                1256,
                1255,
                1191,
                1192,
                1257,
                1256,
                1192,
                1193,
                1258,
                1257,
                1193,
                1194,
                1259,
                1258,
                1194,
                1195,
                1260,
                1259,
                1195,
                1196,
                1261,
                1260,
                1196,
                1197,
                1262,
                1261,
                1197,
                1198,
                1263,
                1262,
                1198,
                1199,
                1264,
                1263,
                1199,
                1200,
                1265,
                1264,
                1200,
                1201,
                1266,
                1265,
                1201,
                1202,
                1267,
                1266,
                1202,
                1203,
                1268,
                1267,
                1203,
                1204,
                1269,
                1268,
                1204,
                1205,
                1270,
                1269,
                1205,
                1206,
                1271,
                1270,
                1206,
                1207,
                1272,
                1271,
                1207,
                1208,
                1273,
                1272,
                1208,
                1209,
                1274,
                1273,
                1209,
                1210,
                1275,
                1274,
                1210,
                1211,
                1276,
                1275,
                1211,
                1212,
                1277,
                1276,
                1212,
                1213,
                1278,
                1277,
                1213,
                1214,
                1279,
                1278,
                1214,
                1215,
                1280,
                1279,
                1215,
                1216,
                1281,
                1280,
                1216,
                1217,
                1282,
                1281,
                1217,
                1218,
                1283,
                1282,
                1218,
                1219,
                1284,
                1283,
                1219,
                1220,
                1285,
                1284,
                1220,
                1221,
                1286,
                1285,
                1221,
                1222,
                1287,
                1286,
                1222,
                1223,
                1288,
                1287,
                1223,
                1224,
                1289,
                1288,
                1224,
                1225,
                1290,
                1289,
                1225,
                1226,
                1291,
                1290,
                1226,
                1227,
                1292,
                1291,
                1227,
                1228,
                1293,
                1292,
                1228,
                1229,
                1294,
                1293,
                1229,
                1230,
                1295,
                1294,
                1230,
                1231,
                1296,
                1295,
                1231,
                1232,
                1297,
                1296,
                1232,
                1233,
                1298,
                1297,
                1233,
                1234,
                1299,
                1298,
                1235,
                1236,
                1301,
                1300,
                1236,
                1237,
                1302,
                1301,
                1237,
                1238,
                1303,
                1302,
                1238,
                1239,
                1304,
                1303,
                1239,
                1240,
                1305,
                1304,
                1240,
                1241,
                1306,
                1305,
                1241,
                1242,
                1307,
                1306,
                1242,
                1243,
                1308,
                1307,
                1243,
                1244,
                1309,
                1308,
                1244,
                1245,
                1310,
                1309,
                1245,
                1246,
                1311,
                1310,
                1246,
                1247,
                1312,
                1311,
                1247,
                1248,
                1313,
                1312,
                1248,
                1249,
                1314,
                1313,
                1249,
                1250,
                1315,
                1314,
                1250,
                1251,
                1316,
                1315,
                1251,
                1252,
                1317,
                1316,
                1252,
                1253,
                1318,
                1317,
                1253,
                1254,
                1319,
                1318,
                1254,
                1255,
                1320,
                1319,
                1255,
                1256,
                1321,
                1320,
                1256,
                1257,
                1322,
                1321,
                1257,
                1258,
                1323,
                1322,
                1258,
                1259,
                1324,
                1323,
                1259,
                1260,
                1325,
                1324,
                1260,
                1261,
                1326,
                1325,
                1261,
                1262,
                1327,
                1326,
                1262,
                1263,
                1328,
                1327,
                1263,
                1264,
                1329,
                1328,
                1264,
                1265,
                1330,
                1329,
                1265,
                1266,
                1331,
                1330,
                1266,
                1267,
                1332,
                1331,
                1267,
                1268,
                1333,
                1332,
                1268,
                1269,
                1334,
                1333,
                1269,
                1270,
                1335,
                1334,
                1270,
                1271,
                1336,
                1335,
                1271,
                1272,
                1337,
                1336,
                1272,
                1273,
                1338,
                1337,
                1273,
                1274,
                1339,
                1338,
                1274,
                1275,
                1340,
                1339,
                1275,
                1276,
                1341,
                1340,
                1276,
                1277,
                1342,
                1341,
                1277,
                1278,
                1343,
                1342,
                1278,
                1279,
                1344,
                1343,
                1279,
                1280,
                1345,
                1344,
                1280,
                1281,
                1346,
                1345,
                1281,
                1282,
                1347,
                1346,
                1282,
                1283,
                1348,
                1347,
                1283,
                1284,
                1349,
                1348,
                1284,
                1285,
                1350,
                1349,
                1285,
                1286,
                1351,
                1350,
                1286,
                1287,
                1352,
                1351,
                1287,
                1288,
                1353,
                1352,
                1288,
                1289,
                1354,
                1353,
                1289,
                1290,
                1355,
                1354,
                1290,
                1291,
                1356,
                1355,
                1291,
                1292,
                1357,
                1356,
                1292,
                1293,
                1358,
                1357,
                1293,
                1294,
                1359,
                1358,
                1294,
                1295,
                1360,
                1359,
                1295,
                1296,
                1361,
                1360,
                1296,
                1297,
                1362,
                1361,
                1297,
                1298,
                1363,
                1362,
                1298,
                1299,
                1364,
                1363,
                1300,
                1301,
                1366,
                1365,
                1301,
                1302,
                1367,
                1366,
                1302,
                1303,
                1368,
                1367,
                1303,
                1304,
                1369,
                1368,
                1304,
                1305,
                1370,
                1369,
                1305,
                1306,
                1371,
                1370,
                1306,
                1307,
                1372,
                1371,
                1307,
                1308,
                1373,
                1372,
                1308,
                1309,
                1374,
                1373,
                1309,
                1310,
                1375,
                1374,
                1310,
                1311,
                1376,
                1375,
                1311,
                1312,
                1377,
                1376,
                1312,
                1313,
                1378,
                1377,
                1313,
                1314,
                1379,
                1378,
                1314,
                1315,
                1380,
                1379,
                1315,
                1316,
                1381,
                1380,
                1316,
                1317,
                1382,
                1381,
                1317,
                1318,
                1383,
                1382,
                1318,
                1319,
                1384,
                1383,
                1319,
                1320,
                1385,
                1384,
                1320,
                1321,
                1386,
                1385,
                1321,
                1322,
                1387,
                1386,
                1322,
                1323,
                1388,
                1387,
                1323,
                1324,
                1389,
                1388,
                1324,
                1325,
                1390,
                1389,
                1325,
                1326,
                1391,
                1390,
                1326,
                1327,
                1392,
                1391,
                1327,
                1328,
                1393,
                1392,
                1328,
                1329,
                1394,
                1393,
                1329,
                1330,
                1395,
                1394,
                1330,
                1331,
                1396,
                1395,
                1331,
                1332,
                1397,
                1396,
                1332,
                1333,
                1398,
                1397,
                1333,
                1334,
                1399,
                1398,
                1334,
                1335,
                1400,
                1399,
                1335,
                1336,
                1401,
                1400,
                1336,
                1337,
                1402,
                1401,
                1337,
                1338,
                1403,
                1402,
                1338,
                1339,
                1404,
                1403,
                1339,
                1340,
                1405,
                1404,
                1340,
                1341,
                1406,
                1405,
                1341,
                1342,
                1407,
                1406,
                1342,
                1343,
                1408,
                1407,
                1343,
                1344,
                1409,
                1408,
                1344,
                1345,
                1410,
                1409,
                1345,
                1346,
                1411,
                1410,
                1346,
                1347,
                1412,
                1411,
                1347,
                1348,
                1413,
                1412,
                1348,
                1349,
                1414,
                1413,
                1349,
                1350,
                1415,
                1414,
                1350,
                1351,
                1416,
                1415,
                1351,
                1352,
                1417,
                1416,
                1352,
                1353,
                1418,
                1417,
                1353,
                1354,
                1419,
                1418,
                1354,
                1355,
                1420,
                1419,
                1355,
                1356,
                1421,
                1420,
                1356,
                1357,
                1422,
                1421,
                1357,
                1358,
                1423,
                1422,
                1358,
                1359,
                1424,
                1423,
                1359,
                1360,
                1425,
                1424,
                1360,
                1361,
                1426,
                1425,
                1361,
                1362,
                1427,
                1426,
                1362,
                1363,
                1428,
                1427,
                1363,
                1364,
                1429,
                1428,
                1365,
                1366,
                1431,
                1430,
                1366,
                1367,
                1432,
                1431,
                1367,
                1368,
                1433,
                1432,
                1368,
                1369,
                1434,
                1433,
                1369,
                1370,
                1435,
                1434,
                1370,
                1371,
                1436,
                1435,
                1371,
                1372,
                1437,
                1436,
                1372,
                1373,
                1438,
                1437,
                1373,
                1374,
                1439,
                1438,
                1374,
                1375,
                1440,
                1439,
                1375,
                1376,
                1441,
                1440,
                1376,
                1377,
                1442,
                1441,
                1377,
                1378,
                1443,
                1442,
                1378,
                1379,
                1444,
                1443,
                1379,
                1380,
                1445,
                1444,
                1380,
                1381,
                1446,
                1445,
                1381,
                1382,
                1447,
                1446,
                1382,
                1383,
                1448,
                1447,
                1383,
                1384,
                1449,
                1448,
                1384,
                1385,
                1450,
                1449,
                1385,
                1386,
                1451,
                1450,
                1386,
                1387,
                1452,
                1451,
                1387,
                1388,
                1453,
                1452,
                1388,
                1389,
                1454,
                1453,
                1389,
                1390,
                1455,
                1454,
                1390,
                1391,
                1456,
                1455,
                1391,
                1392,
                1457,
                1456,
                1392,
                1393,
                1458,
                1457,
                1393,
                1394,
                1459,
                1458,
                1394,
                1395,
                1460,
                1459,
                1395,
                1396,
                1461,
                1460,
                1396,
                1397,
                1462,
                1461,
                1397,
                1398,
                1463,
                1462,
                1398,
                1399,
                1464,
                1463,
                1399,
                1400,
                1465,
                1464,
                1400,
                1401,
                1466,
                1465,
                1401,
                1402,
                1467,
                1466,
                1402,
                1403,
                1468,
                1467,
                1403,
                1404,
                1469,
                1468,
                1404,
                1405,
                1470,
                1469,
                1405,
                1406,
                1471,
                1470,
                1406,
                1407,
                1472,
                1471,
                1407,
                1408,
                1473,
                1472,
                1408,
                1409,
                1474,
                1473,
                1409,
                1410,
                1475,
                1474,
                1410,
                1411,
                1476,
                1475,
                1411,
                1412,
                1477,
                1476,
                1412,
                1413,
                1478,
                1477,
                1413,
                1414,
                1479,
                1478,
                1414,
                1415,
                1480,
                1479,
                1415,
                1416,
                1481,
                1480,
                1416,
                1417,
                1482,
                1481,
                1417,
                1418,
                1483,
                1482,
                1418,
                1419,
                1484,
                1483,
                1419,
                1420,
                1485,
                1484,
                1420,
                1421,
                1486,
                1485,
                1421,
                1422,
                1487,
                1486,
                1422,
                1423,
                1488,
                1487,
                1423,
                1424,
                1489,
                1488,
                1424,
                1425,
                1490,
                1489,
                1425,
                1426,
                1491,
                1490,
                1426,
                1427,
                1492,
                1491,
                1427,
                1428,
                1493,
                1492,
                1428,
                1429,
                1494,
                1493,
                1430,
                1431,
                1496,
                1495,
                1431,
                1432,
                1497,
                1496,
                1432,
                1433,
                1498,
                1497,
                1433,
                1434,
                1499,
                1498,
                1434,
                1435,
                1500,
                1499,
                1435,
                1436,
                1501,
                1500,
                1436,
                1437,
                1502,
                1501,
                1437,
                1438,
                1503,
                1502,
                1438,
                1439,
                1504,
                1503,
                1439,
                1440,
                1505,
                1504,
                1440,
                1441,
                1506,
                1505,
                1441,
                1442,
                1507,
                1506,
                1442,
                1443,
                1508,
                1507,
                1443,
                1444,
                1509,
                1508,
                1444,
                1445,
                1510,
                1509,
                1445,
                1446,
                1511,
                1510,
                1446,
                1447,
                1512,
                1511,
                1447,
                1448,
                1513,
                1512,
                1448,
                1449,
                1514,
                1513,
                1449,
                1450,
                1515,
                1514,
                1450,
                1451,
                1516,
                1515,
                1451,
                1452,
                1517,
                1516,
                1452,
                1453,
                1518,
                1517,
                1453,
                1454,
                1519,
                1518,
                1454,
                1455,
                1520,
                1519,
                1455,
                1456,
                1521,
                1520,
                1456,
                1457,
                1522,
                1521,
                1457,
                1458,
                1523,
                1522,
                1458,
                1459,
                1524,
                1523,
                1459,
                1460,
                1525,
                1524,
                1460,
                1461,
                1526,
                1525,
                1461,
                1462,
                1527,
                1526,
                1462,
                1463,
                1528,
                1527,
                1463,
                1464,
                1529,
                1528,
                1464,
                1465,
                1530,
                1529,
                1465,
                1466,
                1531,
                1530,
                1466,
                1467,
                1532,
                1531,
                1467,
                1468,
                1533,
                1532,
                1468,
                1469,
                1534,
                1533,
                1469,
                1470,
                1535,
                1534,
                1470,
                1471,
                1536,
                1535,
                1471,
                1472,
                1537,
                1536,
                1472,
                1473,
                1538,
                1537,
                1473,
                1474,
                1539,
                1538,
                1474,
                1475,
                1540,
                1539,
                1475,
                1476,
                1541,
                1540,
                1476,
                1477,
                1542,
                1541,
                1477,
                1478,
                1543,
                1542,
                1478,
                1479,
                1544,
                1543,
                1479,
                1480,
                1545,
                1544,
                1480,
                1481,
                1546,
                1545,
                1481,
                1482,
                1547,
                1546,
                1482,
                1483,
                1548,
                1547,
                1483,
                1484,
                1549,
                1548,
                1484,
                1485,
                1550,
                1549,
                1485,
                1486,
                1551,
                1550,
                1486,
                1487,
                1552,
                1551,
                1487,
                1488,
                1553,
                1552,
                1488,
                1489,
                1554,
                1553,
                1489,
                1490,
                1555,
                1554,
                1490,
                1491,
                1556,
                1555,
                1491,
                1492,
                1557,
                1556,
                1492,
                1493,
                1558,
                1557,
                1493,
                1494,
                1559,
                1558,
                1495,
                1496,
                1561,
                1560,
                1496,
                1497,
                1562,
                1561,
                1497,
                1498,
                1563,
                1562,
                1498,
                1499,
                1564,
                1563,
                1499,
                1500,
                1565,
                1564,
                1500,
                1501,
                1566,
                1565,
                1501,
                1502,
                1567,
                1566,
                1502,
                1503,
                1568,
                1567,
                1503,
                1504,
                1569,
                1568,
                1504,
                1505,
                1570,
                1569,
                1505,
                1506,
                1571,
                1570,
                1506,
                1507,
                1572,
                1571,
                1507,
                1508,
                1573,
                1572,
                1508,
                1509,
                1574,
                1573,
                1509,
                1510,
                1575,
                1574,
                1510,
                1511,
                1576,
                1575,
                1511,
                1512,
                1577,
                1576,
                1512,
                1513,
                1578,
                1577,
                1513,
                1514,
                1579,
                1578,
                1514,
                1515,
                1580,
                1579,
                1515,
                1516,
                1581,
                1580,
                1516,
                1517,
                1582,
                1581,
                1517,
                1518,
                1583,
                1582,
                1518,
                1519,
                1584,
                1583,
                1519,
                1520,
                1585,
                1584,
                1520,
                1521,
                1586,
                1585,
                1521,
                1522,
                1587,
                1586,
                1522,
                1523,
                1588,
                1587,
                1523,
                1524,
                1589,
                1588,
                1524,
                1525,
                1590,
                1589,
                1525,
                1526,
                1591,
                1590,
                1526,
                1527,
                1592,
                1591,
                1527,
                1528,
                1593,
                1592,
                1528,
                1529,
                1594,
                1593,
                1529,
                1530,
                1595,
                1594,
                1530,
                1531,
                1596,
                1595,
                1531,
                1532,
                1597,
                1596,
                1532,
                1533,
                1598,
                1597,
                1533,
                1534,
                1599,
                1598,
                1534,
                1535,
                1600,
                1599,
                1535,
                1536,
                1601,
                1600,
                1536,
                1537,
                1602,
                1601,
                1537,
                1538,
                1603,
                1602,
                1538,
                1539,
                1604,
                1603,
                1539,
                1540,
                1605,
                1604,
                1540,
                1541,
                1606,
                1605,
                1541,
                1542,
                1607,
                1606,
                1542,
                1543,
                1608,
                1607,
                1543,
                1544,
                1609,
                1608,
                1544,
                1545,
                1610,
                1609,
                1545,
                1546,
                1611,
                1610,
                1546,
                1547,
                1612,
                1611,
                1547,
                1548,
                1613,
                1612,
                1548,
                1549,
                1614,
                1613,
                1549,
                1550,
                1615,
                1614,
                1550,
                1551,
                1616,
                1615,
                1551,
                1552,
                1617,
                1616,
                1552,
                1553,
                1618,
                1617,
                1553,
                1554,
                1619,
                1618,
                1554,
                1555,
                1620,
                1619,
                1555,
                1556,
                1621,
                1620,
                1556,
                1557,
                1622,
                1621,
                1557,
                1558,
                1623,
                1622,
                1558,
                1559,
                1624,
                1623,
                1560,
                1561,
                1626,
                1625,
                1561,
                1562,
                1627,
                1626,
                1562,
                1563,
                1628,
                1627,
                1563,
                1564,
                1629,
                1628,
                1564,
                1565,
                1630,
                1629,
                1565,
                1566,
                1631,
                1630,
                1566,
                1567,
                1632,
                1631,
                1567,
                1568,
                1633,
                1632,
                1568,
                1569,
                1634,
                1633,
                1569,
                1570,
                1635,
                1634,
                1570,
                1571,
                1636,
                1635,
                1571,
                1572,
                1637,
                1636,
                1572,
                1573,
                1638,
                1637,
                1573,
                1574,
                1639,
                1638,
                1574,
                1575,
                1640,
                1639,
                1575,
                1576,
                1641,
                1640,
                1576,
                1577,
                1642,
                1641,
                1577,
                1578,
                1643,
                1642,
                1578,
                1579,
                1644,
                1643,
                1579,
                1580,
                1645,
                1644,
                1580,
                1581,
                1646,
                1645,
                1581,
                1582,
                1647,
                1646,
                1582,
                1583,
                1648,
                1647,
                1583,
                1584,
                1649,
                1648,
                1584,
                1585,
                1650,
                1649,
                1585,
                1586,
                1651,
                1650,
                1586,
                1587,
                1652,
                1651,
                1587,
                1588,
                1653,
                1652,
                1588,
                1589,
                1654,
                1653,
                1589,
                1590,
                1655,
                1654,
                1590,
                1591,
                1656,
                1655,
                1591,
                1592,
                1657,
                1656,
                1592,
                1593,
                1658,
                1657,
                1593,
                1594,
                1659,
                1658,
                1594,
                1595,
                1660,
                1659,
                1595,
                1596,
                1661,
                1660,
                1596,
                1597,
                1662,
                1661,
                1597,
                1598,
                1663,
                1662,
                1598,
                1599,
                1664,
                1663,
                1599,
                1600,
                1665,
                1664,
                1600,
                1601,
                1666,
                1665,
                1601,
                1602,
                1667,
                1666,
                1602,
                1603,
                1668,
                1667,
                1603,
                1604,
                1669,
                1668,
                1604,
                1605,
                1670,
                1669,
                1605,
                1606,
                1671,
                1670,
                1606,
                1607,
                1672,
                1671,
                1607,
                1608,
                1673,
                1672,
                1608,
                1609,
                1674,
                1673,
                1609,
                1610,
                1675,
                1674,
                1610,
                1611,
                1676,
                1675,
                1611,
                1612,
                1677,
                1676,
                1612,
                1613,
                1678,
                1677,
                1613,
                1614,
                1679,
                1678,
                1614,
                1615,
                1680,
                1679,
                1615,
                1616,
                1681,
                1680,
                1616,
                1617,
                1682,
                1681,
                1617,
                1618,
                1683,
                1682,
                1618,
                1619,
                1684,
                1683,
                1619,
                1620,
                1685,
                1684,
                1620,
                1621,
                1686,
                1685,
                1621,
                1622,
                1687,
                1686,
                1622,
                1623,
                1688,
                1687,
                1623,
                1624,
                1689,
                1688,
                1625,
                1626,
                1691,
                1690,
                1626,
                1627,
                1692,
                1691,
                1627,
                1628,
                1693,
                1692,
                1628,
                1629,
                1694,
                1693,
                1629,
                1630,
                1695,
                1694,
                1630,
                1631,
                1696,
                1695,
                1631,
                1632,
                1697,
                1696,
                1632,
                1633,
                1698,
                1697,
                1633,
                1634,
                1699,
                1698,
                1634,
                1635,
                1700,
                1699,
                1635,
                1636,
                1701,
                1700,
                1636,
                1637,
                1702,
                1701,
                1637,
                1638,
                1703,
                1702,
                1638,
                1639,
                1704,
                1703,
                1639,
                1640,
                1705,
                1704,
                1640,
                1641,
                1706,
                1705,
                1641,
                1642,
                1707,
                1706,
                1642,
                1643,
                1708,
                1707,
                1643,
                1644,
                1709,
                1708,
                1644,
                1645,
                1710,
                1709,
                1645,
                1646,
                1711,
                1710,
                1646,
                1647,
                1712,
                1711,
                1647,
                1648,
                1713,
                1712,
                1648,
                1649,
                1714,
                1713,
                1649,
                1650,
                1715,
                1714,
                1650,
                1651,
                1716,
                1715,
                1651,
                1652,
                1717,
                1716,
                1652,
                1653,
                1718,
                1717,
                1653,
                1654,
                1719,
                1718,
                1654,
                1655,
                1720,
                1719,
                1655,
                1656,
                1721,
                1720,
                1656,
                1657,
                1722,
                1721,
                1657,
                1658,
                1723,
                1722,
                1658,
                1659,
                1724,
                1723,
                1659,
                1660,
                1725,
                1724,
                1660,
                1661,
                1726,
                1725,
                1661,
                1662,
                1727,
                1726,
                1662,
                1663,
                1728,
                1727,
                1663,
                1664,
                1729,
                1728,
                1664,
                1665,
                1730,
                1729,
                1665,
                1666,
                1731,
                1730,
                1666,
                1667,
                1732,
                1731,
                1667,
                1668,
                1733,
                1732,
                1668,
                1669,
                1734,
                1733,
                1669,
                1670,
                1735,
                1734,
                1670,
                1671,
                1736,
                1735,
                1671,
                1672,
                1737,
                1736,
                1672,
                1673,
                1738,
                1737,
                1673,
                1674,
                1739,
                1738,
                1674,
                1675,
                1740,
                1739,
                1675,
                1676,
                1741,
                1740,
                1676,
                1677,
                1742,
                1741,
                1677,
                1678,
                1743,
                1742,
                1678,
                1679,
                1744,
                1743,
                1679,
                1680,
                1745,
                1744,
                1680,
                1681,
                1746,
                1745,
                1681,
                1682,
                1747,
                1746,
                1682,
                1683,
                1748,
                1747,
                1683,
                1684,
                1749,
                1748,
                1684,
                1685,
                1750,
                1749,
                1685,
                1686,
                1751,
                1750,
                1686,
                1687,
                1752,
                1751,
                1687,
                1688,
                1753,
                1752,
                1688,
                1689,
                1754,
                1753,
                1690,
                1691,
                1756,
                1755,
                1691,
                1692,
                1757,
                1756,
                1692,
                1693,
                1758,
                1757,
                1693,
                1694,
                1759,
                1758,
                1694,
                1695,
                1760,
                1759,
                1695,
                1696,
                1761,
                1760,
                1696,
                1697,
                1762,
                1761,
                1697,
                1698,
                1763,
                1762,
                1698,
                1699,
                1764,
                1763,
                1699,
                1700,
                1765,
                1764,
                1700,
                1701,
                1766,
                1765,
                1701,
                1702,
                1767,
                1766,
                1702,
                1703,
                1768,
                1767,
                1703,
                1704,
                1769,
                1768,
                1704,
                1705,
                1770,
                1769,
                1705,
                1706,
                1771,
                1770,
                1706,
                1707,
                1772,
                1771,
                1707,
                1708,
                1773,
                1772,
                1708,
                1709,
                1774,
                1773,
                1709,
                1710,
                1775,
                1774,
                1710,
                1711,
                1776,
                1775,
                1711,
                1712,
                1777,
                1776,
                1712,
                1713,
                1778,
                1777,
                1713,
                1714,
                1779,
                1778,
                1714,
                1715,
                1780,
                1779,
                1715,
                1716,
                1781,
                1780,
                1716,
                1717,
                1782,
                1781,
                1717,
                1718,
                1783,
                1782,
                1718,
                1719,
                1784,
                1783,
                1719,
                1720,
                1785,
                1784,
                1720,
                1721,
                1786,
                1785,
                1721,
                1722,
                1787,
                1786,
                1722,
                1723,
                1788,
                1787,
                1723,
                1724,
                1789,
                1788,
                1724,
                1725,
                1790,
                1789,
                1725,
                1726,
                1791,
                1790,
                1726,
                1727,
                1792,
                1791,
                1727,
                1728,
                1793,
                1792,
                1728,
                1729,
                1794,
                1793,
                1729,
                1730,
                1795,
                1794,
                1730,
                1731,
                1796,
                1795,
                1731,
                1732,
                1797,
                1796,
                1732,
                1733,
                1798,
                1797,
                1733,
                1734,
                1799,
                1798,
                1734,
                1735,
                1800,
                1799,
                1735,
                1736,
                1801,
                1800,
                1736,
                1737,
                1802,
                1801,
                1737,
                1738,
                1803,
                1802,
                1738,
                1739,
                1804,
                1803,
                1739,
                1740,
                1805,
                1804,
                1740,
                1741,
                1806,
                1805,
                1741,
                1742,
                1807,
                1806,
                1742,
                1743,
                1808,
                1807,
                1743,
                1744,
                1809,
                1808,
                1744,
                1745,
                1810,
                1809,
                1745,
                1746,
                1811,
                1810,
                1746,
                1747,
                1812,
                1811,
                1747,
                1748,
                1813,
                1812,
                1748,
                1749,
                1814,
                1813,
                1749,
                1750,
                1815,
                1814,
                1750,
                1751,
                1816,
                1815,
                1751,
                1752,
                1817,
                1816,
                1752,
                1753,
                1818,
                1817,
                1753,
                1754,
                1819,
                1818,
                1755,
                1756,
                1821,
                1820,
                1756,
                1757,
                1822,
                1821,
                1757,
                1758,
                1823,
                1822,
                1758,
                1759,
                1824,
                1823,
                1759,
                1760,
                1825,
                1824,
                1760,
                1761,
                1826,
                1825,
                1761,
                1762,
                1827,
                1826,
                1762,
                1763,
                1828,
                1827,
                1763,
                1764,
                1829,
                1828,
                1764,
                1765,
                1830,
                1829,
                1765,
                1766,
                1831,
                1830,
                1766,
                1767,
                1832,
                1831,
                1767,
                1768,
                1833,
                1832,
                1768,
                1769,
                1834,
                1833,
                1769,
                1770,
                1835,
                1834,
                1770,
                1771,
                1836,
                1835,
                1771,
                1772,
                1837,
                1836,
                1772,
                1773,
                1838,
                1837,
                1773,
                1774,
                1839,
                1838,
                1774,
                1775,
                1840,
                1839,
                1775,
                1776,
                1841,
                1840,
                1776,
                1777,
                1842,
                1841,
                1777,
                1778,
                1843,
                1842,
                1778,
                1779,
                1844,
                1843,
                1779,
                1780,
                1845,
                1844,
                1780,
                1781,
                1846,
                1845,
                1781,
                1782,
                1847,
                1846,
                1782,
                1783,
                1848,
                1847,
                1783,
                1784,
                1849,
                1848,
                1784,
                1785,
                1850,
                1849,
                1785,
                1786,
                1851,
                1850,
                1786,
                1787,
                1852,
                1851,
                1787,
                1788,
                1853,
                1852,
                1788,
                1789,
                1854,
                1853,
                1789,
                1790,
                1855,
                1854,
                1790,
                1791,
                1856,
                1855,
                1791,
                1792,
                1857,
                1856,
                1792,
                1793,
                1858,
                1857,
                1793,
                1794,
                1859,
                1858,
                1794,
                1795,
                1860,
                1859,
                1795,
                1796,
                1861,
                1860,
                1796,
                1797,
                1862,
                1861,
                1797,
                1798,
                1863,
                1862,
                1798,
                1799,
                1864,
                1863,
                1799,
                1800,
                1865,
                1864,
                1800,
                1801,
                1866,
                1865,
                1801,
                1802,
                1867,
                1866,
                1802,
                1803,
                1868,
                1867,
                1803,
                1804,
                1869,
                1868,
                1804,
                1805,
                1870,
                1869,
                1805,
                1806,
                1871,
                1870,
                1806,
                1807,
                1872,
                1871,
                1807,
                1808,
                1873,
                1872,
                1808,
                1809,
                1874,
                1873,
                1809,
                1810,
                1875,
                1874,
                1810,
                1811,
                1876,
                1875,
                1811,
                1812,
                1877,
                1876,
                1812,
                1813,
                1878,
                1877,
                1813,
                1814,
                1879,
                1878,
                1814,
                1815,
                1880,
                1879,
                1815,
                1816,
                1881,
                1880,
                1816,
                1817,
                1882,
                1881,
                1817,
                1818,
                1883,
                1882,
                1818,
                1819,
                1884,
                1883,
                1820,
                1821,
                1886,
                1885,
                1821,
                1822,
                1887,
                1886,
                1822,
                1823,
                1888,
                1887,
                1823,
                1824,
                1889,
                1888,
                1824,
                1825,
                1890,
                1889,
                1825,
                1826,
                1891,
                1890,
                1826,
                1827,
                1892,
                1891,
                1827,
                1828,
                1893,
                1892,
                1828,
                1829,
                1894,
                1893,
                1829,
                1830,
                1895,
                1894,
                1830,
                1831,
                1896,
                1895,
                1831,
                1832,
                1897,
                1896,
                1832,
                1833,
                1898,
                1897,
                1833,
                1834,
                1899,
                1898,
                1834,
                1835,
                1900,
                1899,
                1835,
                1836,
                1901,
                1900,
                1836,
                1837,
                1902,
                1901,
                1837,
                1838,
                1903,
                1902,
                1838,
                1839,
                1904,
                1903,
                1839,
                1840,
                1905,
                1904,
                1840,
                1841,
                1906,
                1905,
                1841,
                1842,
                1907,
                1906,
                1842,
                1843,
                1908,
                1907,
                1843,
                1844,
                1909,
                1908,
                1844,
                1845,
                1910,
                1909,
                1845,
                1846,
                1911,
                1910,
                1846,
                1847,
                1912,
                1911,
                1847,
                1848,
                1913,
                1912,
                1848,
                1849,
                1914,
                1913,
                1849,
                1850,
                1915,
                1914,
                1850,
                1851,
                1916,
                1915,
                1851,
                1852,
                1917,
                1916,
                1852,
                1853,
                1918,
                1917,
                1853,
                1854,
                1919,
                1918,
                1854,
                1855,
                1920,
                1919,
                1855,
                1856,
                1921,
                1920,
                1856,
                1857,
                1922,
                1921,
                1857,
                1858,
                1923,
                1922,
                1858,
                1859,
                1924,
                1923,
                1859,
                1860,
                1925,
                1924,
                1860,
                1861,
                1926,
                1925,
                1861,
                1862,
                1927,
                1926,
                1862,
                1863,
                1928,
                1927,
                1863,
                1864,
                1929,
                1928,
                1864,
                1865,
                1930,
                1929,
                1865,
                1866,
                1931,
                1930,
                1866,
                1867,
                1932,
                1931,
                1867,
                1868,
                1933,
                1932,
                1868,
                1869,
                1934,
                1933,
                1869,
                1870,
                1935,
                1934,
                1870,
                1871,
                1936,
                1935,
                1871,
                1872,
                1937,
                1936,
                1872,
                1873,
                1938,
                1937,
                1873,
                1874,
                1939,
                1938,
                1874,
                1875,
                1940,
                1939,
                1875,
                1876,
                1941,
                1940,
                1876,
                1877,
                1942,
                1941,
                1877,
                1878,
                1943,
                1942,
                1878,
                1879,
                1944,
                1943,
                1879,
                1880,
                1945,
                1944,
                1880,
                1881,
                1946,
                1945,
                1881,
                1882,
                1947,
                1946,
                1882,
                1883,
                1948,
                1947,
                1883,
                1884,
                1949,
                1948,
                1885,
                1886,
                1951,
                1950,
                1886,
                1887,
                1952,
                1951,
                1887,
                1888,
                1953,
                1952,
                1888,
                1889,
                1954,
                1953,
                1889,
                1890,
                1955,
                1954,
                1890,
                1891,
                1956,
                1955,
                1891,
                1892,
                1957,
                1956,
                1892,
                1893,
                1958,
                1957,
                1893,
                1894,
                1959,
                1958,
                1894,
                1895,
                1960,
                1959,
                1895,
                1896,
                1961,
                1960,
                1896,
                1897,
                1962,
                1961,
                1897,
                1898,
                1963,
                1962,
                1898,
                1899,
                1964,
                1963,
                1899,
                1900,
                1965,
                1964,
                1900,
                1901,
                1966,
                1965,
                1901,
                1902,
                1967,
                1966,
                1902,
                1903,
                1968,
                1967,
                1903,
                1904,
                1969,
                1968,
                1904,
                1905,
                1970,
                1969,
                1905,
                1906,
                1971,
                1970,
                1906,
                1907,
                1972,
                1971,
                1907,
                1908,
                1973,
                1972,
                1908,
                1909,
                1974,
                1973,
                1909,
                1910,
                1975,
                1974,
                1910,
                1911,
                1976,
                1975,
                1911,
                1912,
                1977,
                1976,
                1912,
                1913,
                1978,
                1977,
                1913,
                1914,
                1979,
                1978,
                1914,
                1915,
                1980,
                1979,
                1915,
                1916,
                1981,
                1980,
                1916,
                1917,
                1982,
                1981,
                1917,
                1918,
                1983,
                1982,
                1918,
                1919,
                1984,
                1983,
                1919,
                1920,
                1985,
                1984,
                1920,
                1921,
                1986,
                1985,
                1921,
                1922,
                1987,
                1986,
                1922,
                1923,
                1988,
                1987,
                1923,
                1924,
                1989,
                1988,
                1924,
                1925,
                1990,
                1989,
                1925,
                1926,
                1991,
                1990,
                1926,
                1927,
                1992,
                1991,
                1927,
                1928,
                1993,
                1992,
                1928,
                1929,
                1994,
                1993,
                1929,
                1930,
                1995,
                1994,
                1930,
                1931,
                1996,
                1995,
                1931,
                1932,
                1997,
                1996,
                1932,
                1933,
                1998,
                1997,
                1933,
                1934,
                1999,
                1998,
                1934,
                1935,
                2000,
                1999,
                1935,
                1936,
                2001,
                2000,
                1936,
                1937,
                2002,
                2001,
                1937,
                1938,
                2003,
                2002,
                1938,
                1939,
                2004,
                2003,
                1939,
                1940,
                2005,
                2004,
                1940,
                1941,
                2006,
                2005,
                1941,
                1942,
                2007,
                2006,
                1942,
                1943,
                2008,
                2007,
                1943,
                1944,
                2009,
                2008,
                1944,
                1945,
                2010,
                2009,
                1945,
                1946,
                2011,
                2010,
                1946,
                1947,
                2012,
                2011,
                1947,
                1948,
                2013,
                2012,
                1948,
                1949,
                2014,
                2013,
                1950,
                1951,
                2016,
                2015,
                1951,
                1952,
                2017,
                2016,
                1952,
                1953,
                2018,
                2017,
                1953,
                1954,
                2019,
                2018,
                1954,
                1955,
                2020,
                2019,
                1955,
                1956,
                2021,
                2020,
                1956,
                1957,
                2022,
                2021,
                1957,
                1958,
                2023,
                2022,
                1958,
                1959,
                2024,
                2023,
                1959,
                1960,
                2025,
                2024,
                1960,
                1961,
                2026,
                2025,
                1961,
                1962,
                2027,
                2026,
                1962,
                1963,
                2028,
                2027,
                1963,
                1964,
                2029,
                2028,
                1964,
                1965,
                2030,
                2029,
                1965,
                1966,
                2031,
                2030,
                1966,
                1967,
                2032,
                2031,
                1967,
                1968,
                2033,
                2032,
                1968,
                1969,
                2034,
                2033,
                1969,
                1970,
                2035,
                2034,
                1970,
                1971,
                2036,
                2035,
                1971,
                1972,
                2037,
                2036,
                1972,
                1973,
                2038,
                2037,
                1973,
                1974,
                2039,
                2038,
                1974,
                1975,
                2040,
                2039,
                1975,
                1976,
                2041,
                2040,
                1976,
                1977,
                2042,
                2041,
                1977,
                1978,
                2043,
                2042,
                1978,
                1979,
                2044,
                2043,
                1979,
                1980,
                2045,
                2044,
                1980,
                1981,
                2046,
                2045,
                1981,
                1982,
                2047,
                2046,
                1982,
                1983,
                2048,
                2047,
                1983,
                1984,
                2049,
                2048,
                1984,
                1985,
                2050,
                2049,
                1985,
                1986,
                2051,
                2050,
                1986,
                1987,
                2052,
                2051,
                1987,
                1988,
                2053,
                2052,
                1988,
                1989,
                2054,
                2053,
                1989,
                1990,
                2055,
                2054,
                1990,
                1991,
                2056,
                2055,
                1991,
                1992,
                2057,
                2056,
                1992,
                1993,
                2058,
                2057,
                1993,
                1994,
                2059,
                2058,
                1994,
                1995,
                2060,
                2059,
                1995,
                1996,
                2061,
                2060,
                1996,
                1997,
                2062,
                2061,
                1997,
                1998,
                2063,
                2062,
                1998,
                1999,
                2064,
                2063,
                1999,
                2000,
                2065,
                2064,
                2000,
                2001,
                2066,
                2065,
                2001,
                2002,
                2067,
                2066,
                2002,
                2003,
                2068,
                2067,
                2003,
                2004,
                2069,
                2068,
                2004,
                2005,
                2070,
                2069,
                2005,
                2006,
                2071,
                2070,
                2006,
                2007,
                2072,
                2071,
                2007,
                2008,
                2073,
                2072,
                2008,
                2009,
                2074,
                2073,
                2009,
                2010,
                2075,
                2074,
                2010,
                2011,
                2076,
                2075,
                2011,
                2012,
                2077,
                2076,
                2012,
                2013,
                2078,
                2077,
                2013,
                2014,
                2079,
                2078,
                2015,
                2016,
                2081,
                2080,
                2016,
                2017,
                2082,
                2081,
                2017,
                2018,
                2083,
                2082,
                2018,
                2019,
                2084,
                2083,
                2019,
                2020,
                2085,
                2084,
                2020,
                2021,
                2086,
                2085,
                2021,
                2022,
                2087,
                2086,
                2022,
                2023,
                2088,
                2087,
                2023,
                2024,
                2089,
                2088,
                2024,
                2025,
                2090,
                2089,
                2025,
                2026,
                2091,
                2090,
                2026,
                2027,
                2092,
                2091,
                2027,
                2028,
                2093,
                2092,
                2028,
                2029,
                2094,
                2093,
                2029,
                2030,
                2095,
                2094,
                2030,
                2031,
                2096,
                2095,
                2031,
                2032,
                2097,
                2096,
                2032,
                2033,
                2098,
                2097,
                2033,
                2034,
                2099,
                2098,
                2034,
                2035,
                2100,
                2099,
                2035,
                2036,
                2101,
                2100,
                2036,
                2037,
                2102,
                2101,
                2037,
                2038,
                2103,
                2102,
                2038,
                2039,
                2104,
                2103,
                2039,
                2040,
                2105,
                2104,
                2040,
                2041,
                2106,
                2105,
                2041,
                2042,
                2107,
                2106,
                2042,
                2043,
                2108,
                2107,
                2043,
                2044,
                2109,
                2108,
                2044,
                2045,
                2110,
                2109,
                2045,
                2046,
                2111,
                2110,
                2046,
                2047,
                2112,
                2111,
                2047,
                2048,
                2113,
                2112,
                2048,
                2049,
                2114,
                2113,
                2049,
                2050,
                2115,
                2114,
                2050,
                2051,
                2116,
                2115,
                2051,
                2052,
                2117,
                2116,
                2052,
                2053,
                2118,
                2117,
                2053,
                2054,
                2119,
                2118,
                2054,
                2055,
                2120,
                2119,
                2055,
                2056,
                2121,
                2120,
                2056,
                2057,
                2122,
                2121,
                2057,
                2058,
                2123,
                2122,
                2058,
                2059,
                2124,
                2123,
                2059,
                2060,
                2125,
                2124,
                2060,
                2061,
                2126,
                2125,
                2061,
                2062,
                2127,
                2126,
                2062,
                2063,
                2128,
                2127,
                2063,
                2064,
                2129,
                2128,
                2064,
                2065,
                2130,
                2129,
                2065,
                2066,
                2131,
                2130,
                2066,
                2067,
                2132,
                2131,
                2067,
                2068,
                2133,
                2132,
                2068,
                2069,
                2134,
                2133,
                2069,
                2070,
                2135,
                2134,
                2070,
                2071,
                2136,
                2135,
                2071,
                2072,
                2137,
                2136,
                2072,
                2073,
                2138,
                2137,
                2073,
                2074,
                2139,
                2138,
                2074,
                2075,
                2140,
                2139,
                2075,
                2076,
                2141,
                2140,
                2076,
                2077,
                2142,
                2141,
                2077,
                2078,
                2143,
                2142,
                2078,
                2079,
                2144,
                2143,
                2080,
                2081,
                2146,
                2145,
                2081,
                2082,
                2147,
                2146,
                2082,
                2083,
                2148,
                2147,
                2083,
                2084,
                2149,
                2148,
                2084,
                2085,
                2150,
                2149,
                2085,
                2086,
                2151,
                2150,
                2086,
                2087,
                2152,
                2151,
                2087,
                2088,
                2153,
                2152,
                2088,
                2089,
                2154,
                2153,
                2089,
                2090,
                2155,
                2154,
                2090,
                2091,
                2156,
                2155,
                2091,
                2092,
                2157,
                2156,
                2092,
                2093,
                2158,
                2157,
                2093,
                2094,
                2159,
                2158,
                2094,
                2095,
                2160,
                2159,
                2095,
                2096,
                2161,
                2160,
                2096,
                2097,
                2162,
                2161,
                2097,
                2098,
                2163,
                2162,
                2098,
                2099,
                2164,
                2163,
                2099,
                2100,
                2165,
                2164,
                2100,
                2101,
                2166,
                2165,
                2101,
                2102,
                2167,
                2166,
                2102,
                2103,
                2168,
                2167,
                2103,
                2104,
                2169,
                2168,
                2104,
                2105,
                2170,
                2169,
                2105,
                2106,
                2171,
                2170,
                2106,
                2107,
                2172,
                2171,
                2107,
                2108,
                2173,
                2172,
                2108,
                2109,
                2174,
                2173,
                2109,
                2110,
                2175,
                2174,
                2110,
                2111,
                2176,
                2175,
                2111,
                2112,
                2177,
                2176,
                2112,
                2113,
                2178,
                2177,
                2113,
                2114,
                2179,
                2178,
                2114,
                2115,
                2180,
                2179,
                2115,
                2116,
                2181,
                2180,
                2116,
                2117,
                2182,
                2181,
                2117,
                2118,
                2183,
                2182,
                2118,
                2119,
                2184,
                2183,
                2119,
                2120,
                2185,
                2184,
                2120,
                2121,
                2186,
                2185,
                2121,
                2122,
                2187,
                2186,
                2122,
                2123,
                2188,
                2187,
                2123,
                2124,
                2189,
                2188,
                2124,
                2125,
                2190,
                2189,
                2125,
                2126,
                2191,
                2190,
                2126,
                2127,
                2192,
                2191,
                2127,
                2128,
                2193,
                2192,
                2128,
                2129,
                2194,
                2193,
                2129,
                2130,
                2195,
                2194,
                2130,
                2131,
                2196,
                2195,
                2131,
                2132,
                2197,
                2196,
                2132,
                2133,
                2198,
                2197,
                2133,
                2134,
                2199,
                2198,
                2134,
                2135,
                2200,
                2199,
                2135,
                2136,
                2201,
                2200,
                2136,
                2137,
                2202,
                2201,
                2137,
                2138,
                2203,
                2202,
                2138,
                2139,
                2204,
                2203,
                2139,
                2140,
                2205,
                2204,
                2140,
                2141,
                2206,
                2205,
                2141,
                2142,
                2207,
                2206,
                2142,
                2143,
                2208,
                2207,
                2143,
                2144,
                2209,
                2208,
                2145,
                2146,
                2211,
                2210,
                2146,
                2147,
                2212,
                2211,
                2147,
                2148,
                2213,
                2212,
                2148,
                2149,
                2214,
                2213,
                2149,
                2150,
                2215,
                2214,
                2150,
                2151,
                2216,
                2215,
                2151,
                2152,
                2217,
                2216,
                2152,
                2153,
                2218,
                2217,
                2153,
                2154,
                2219,
                2218,
                2154,
                2155,
                2220,
                2219,
                2155,
                2156,
                2221,
                2220,
                2156,
                2157,
                2222,
                2221,
                2157,
                2158,
                2223,
                2222,
                2158,
                2159,
                2224,
                2223,
                2159,
                2160,
                2225,
                2224,
                2160,
                2161,
                2226,
                2225,
                2161,
                2162,
                2227,
                2226,
                2162,
                2163,
                2228,
                2227,
                2163,
                2164,
                2229,
                2228,
                2164,
                2165,
                2230,
                2229,
                2165,
                2166,
                2231,
                2230,
                2166,
                2167,
                2232,
                2231,
                2167,
                2168,
                2233,
                2232,
                2168,
                2169,
                2234,
                2233,
                2169,
                2170,
                2235,
                2234,
                2170,
                2171,
                2236,
                2235,
                2171,
                2172,
                2237,
                2236,
                2172,
                2173,
                2238,
                2237,
                2173,
                2174,
                2239,
                2238,
                2174,
                2175,
                2240,
                2239,
                2175,
                2176,
                2241,
                2240,
                2176,
                2177,
                2242,
                2241,
                2177,
                2178,
                2243,
                2242,
                2178,
                2179,
                2244,
                2243,
                2179,
                2180,
                2245,
                2244,
                2180,
                2181,
                2246,
                2245,
                2181,
                2182,
                2247,
                2246,
                2182,
                2183,
                2248,
                2247,
                2183,
                2184,
                2249,
                2248,
                2184,
                2185,
                2250,
                2249,
                2185,
                2186,
                2251,
                2250,
                2186,
                2187,
                2252,
                2251,
                2187,
                2188,
                2253,
                2252,
                2188,
                2189,
                2254,
                2253,
                2189,
                2190,
                2255,
                2254,
                2190,
                2191,
                2256,
                2255,
                2191,
                2192,
                2257,
                2256,
                2192,
                2193,
                2258,
                2257,
                2193,
                2194,
                2259,
                2258,
                2194,
                2195,
                2260,
                2259,
                2195,
                2196,
                2261,
                2260,
                2196,
                2197,
                2262,
                2261,
                2197,
                2198,
                2263,
                2262,
                2198,
                2199,
                2264,
                2263,
                2199,
                2200,
                2265,
                2264,
                2200,
                2201,
                2266,
                2265,
                2201,
                2202,
                2267,
                2266,
                2202,
                2203,
                2268,
                2267,
                2203,
                2204,
                2269,
                2268,
                2204,
                2205,
                2270,
                2269,
                2205,
                2206,
                2271,
                2270,
                2206,
                2207,
                2272,
                2271,
                2207,
                2208,
                2273,
                2272,
                2208,
                2209,
                2274,
                2273,
                2210,
                2211,
                2276,
                2275,
                2211,
                2212,
                2277,
                2276,
                2212,
                2213,
                2278,
                2277,
                2213,
                2214,
                2279,
                2278,
                2214,
                2215,
                2280,
                2279,
                2215,
                2216,
                2281,
                2280,
                2216,
                2217,
                2282,
                2281,
                2217,
                2218,
                2283,
                2282,
                2218,
                2219,
                2284,
                2283,
                2219,
                2220,
                2285,
                2284,
                2220,
                2221,
                2286,
                2285,
                2221,
                2222,
                2287,
                2286,
                2222,
                2223,
                2288,
                2287,
                2223,
                2224,
                2289,
                2288,
                2224,
                2225,
                2290,
                2289,
                2225,
                2226,
                2291,
                2290,
                2226,
                2227,
                2292,
                2291,
                2227,
                2228,
                2293,
                2292,
                2228,
                2229,
                2294,
                2293,
                2229,
                2230,
                2295,
                2294,
                2230,
                2231,
                2296,
                2295,
                2231,
                2232,
                2297,
                2296,
                2232,
                2233,
                2298,
                2297,
                2233,
                2234,
                2299,
                2298,
                2234,
                2235,
                2300,
                2299,
                2235,
                2236,
                2301,
                2300,
                2236,
                2237,
                2302,
                2301,
                2237,
                2238,
                2303,
                2302,
                2238,
                2239,
                2304,
                2303,
                2239,
                2240,
                2305,
                2304,
                2240,
                2241,
                2306,
                2305,
                2241,
                2242,
                2307,
                2306,
                2242,
                2243,
                2308,
                2307,
                2243,
                2244,
                2309,
                2308,
                2244,
                2245,
                2310,
                2309,
                2245,
                2246,
                2311,
                2310,
                2246,
                2247,
                2312,
                2311,
                2247,
                2248,
                2313,
                2312,
                2248,
                2249,
                2314,
                2313,
                2249,
                2250,
                2315,
                2314,
                2250,
                2251,
                2316,
                2315,
                2251,
                2252,
                2317,
                2316,
                2252,
                2253,
                2318,
                2317,
                2253,
                2254,
                2319,
                2318,
                2254,
                2255,
                2320,
                2319,
                2255,
                2256,
                2321,
                2320,
                2256,
                2257,
                2322,
                2321,
                2257,
                2258,
                2323,
                2322,
                2258,
                2259,
                2324,
                2323,
                2259,
                2260,
                2325,
                2324,
                2260,
                2261,
                2326,
                2325,
                2261,
                2262,
                2327,
                2326,
                2262,
                2263,
                2328,
                2327,
                2263,
                2264,
                2329,
                2328,
                2264,
                2265,
                2330,
                2329,
                2265,
                2266,
                2331,
                2330,
                2266,
                2267,
                2332,
                2331,
                2267,
                2268,
                2333,
                2332,
                2268,
                2269,
                2334,
                2333,
                2269,
                2270,
                2335,
                2334,
                2270,
                2271,
                2336,
                2335,
                2271,
                2272,
                2337,
                2336,
                2272,
                2273,
                2338,
                2337,
                2273,
                2274,
                2339,
                2338,
                2275,
                2276,
                2341,
                2340,
                2276,
                2277,
                2342,
                2341,
                2277,
                2278,
                2343,
                2342,
                2278,
                2279,
                2344,
                2343,
                2279,
                2280,
                2345,
                2344,
                2280,
                2281,
                2346,
                2345,
                2281,
                2282,
                2347,
                2346,
                2282,
                2283,
                2348,
                2347,
                2283,
                2284,
                2349,
                2348,
                2284,
                2285,
                2350,
                2349,
                2285,
                2286,
                2351,
                2350,
                2286,
                2287,
                2352,
                2351,
                2287,
                2288,
                2353,
                2352,
                2288,
                2289,
                2354,
                2353,
                2289,
                2290,
                2355,
                2354,
                2290,
                2291,
                2356,
                2355,
                2291,
                2292,
                2357,
                2356,
                2292,
                2293,
                2358,
                2357,
                2293,
                2294,
                2359,
                2358,
                2294,
                2295,
                2360,
                2359,
                2295,
                2296,
                2361,
                2360,
                2296,
                2297,
                2362,
                2361,
                2297,
                2298,
                2363,
                2362,
                2298,
                2299,
                2364,
                2363,
                2299,
                2300,
                2365,
                2364,
                2300,
                2301,
                2366,
                2365,
                2301,
                2302,
                2367,
                2366,
                2302,
                2303,
                2368,
                2367,
                2303,
                2304,
                2369,
                2368,
                2304,
                2305,
                2370,
                2369,
                2305,
                2306,
                2371,
                2370,
                2306,
                2307,
                2372,
                2371,
                2307,
                2308,
                2373,
                2372,
                2308,
                2309,
                2374,
                2373,
                2309,
                2310,
                2375,
                2374,
                2310,
                2311,
                2376,
                2375,
                2311,
                2312,
                2377,
                2376,
                2312,
                2313,
                2378,
                2377,
                2313,
                2314,
                2379,
                2378,
                2314,
                2315,
                2380,
                2379,
                2315,
                2316,
                2381,
                2380,
                2316,
                2317,
                2382,
                2381,
                2317,
                2318,
                2383,
                2382,
                2318,
                2319,
                2384,
                2383,
                2319,
                2320,
                2385,
                2384,
                2320,
                2321,
                2386,
                2385,
                2321,
                2322,
                2387,
                2386,
                2322,
                2323,
                2388,
                2387,
                2323,
                2324,
                2389,
                2388,
                2324,
                2325,
                2390,
                2389,
                2325,
                2326,
                2391,
                2390,
                2326,
                2327,
                2392,
                2391,
                2327,
                2328,
                2393,
                2392,
                2328,
                2329,
                2394,
                2393,
                2329,
                2330,
                2395,
                2394,
                2330,
                2331,
                2396,
                2395,
                2331,
                2332,
                2397,
                2396,
                2332,
                2333,
                2398,
                2397,
                2333,
                2334,
                2399,
                2398,
                2334,
                2335,
                2400,
                2399,
                2335,
                2336,
                2401,
                2400,
                2336,
                2337,
                2402,
                2401,
                2337,
                2338,
                2403,
                2402,
                2338,
                2339,
                2404,
                2403,
                2340,
                2341,
                2406,
                2405,
                2341,
                2342,
                2407,
                2406,
                2342,
                2343,
                2408,
                2407,
                2343,
                2344,
                2409,
                2408,
                2344,
                2345,
                2410,
                2409,
                2345,
                2346,
                2411,
                2410,
                2346,
                2347,
                2412,
                2411,
                2347,
                2348,
                2413,
                2412,
                2348,
                2349,
                2414,
                2413,
                2349,
                2350,
                2415,
                2414,
                2350,
                2351,
                2416,
                2415,
                2351,
                2352,
                2417,
                2416,
                2352,
                2353,
                2418,
                2417,
                2353,
                2354,
                2419,
                2418,
                2354,
                2355,
                2420,
                2419,
                2355,
                2356,
                2421,
                2420,
                2356,
                2357,
                2422,
                2421,
                2357,
                2358,
                2423,
                2422,
                2358,
                2359,
                2424,
                2423,
                2359,
                2360,
                2425,
                2424,
                2360,
                2361,
                2426,
                2425,
                2361,
                2362,
                2427,
                2426,
                2362,
                2363,
                2428,
                2427,
                2363,
                2364,
                2429,
                2428,
                2364,
                2365,
                2430,
                2429,
                2365,
                2366,
                2431,
                2430,
                2366,
                2367,
                2432,
                2431,
                2367,
                2368,
                2433,
                2432,
                2368,
                2369,
                2434,
                2433,
                2369,
                2370,
                2435,
                2434,
                2370,
                2371,
                2436,
                2435,
                2371,
                2372,
                2437,
                2436,
                2372,
                2373,
                2438,
                2437,
                2373,
                2374,
                2439,
                2438,
                2374,
                2375,
                2440,
                2439,
                2375,
                2376,
                2441,
                2440,
                2376,
                2377,
                2442,
                2441,
                2377,
                2378,
                2443,
                2442,
                2378,
                2379,
                2444,
                2443,
                2379,
                2380,
                2445,
                2444,
                2380,
                2381,
                2446,
                2445,
                2381,
                2382,
                2447,
                2446,
                2382,
                2383,
                2448,
                2447,
                2383,
                2384,
                2449,
                2448,
                2384,
                2385,
                2450,
                2449,
                2385,
                2386,
                2451,
                2450,
                2386,
                2387,
                2452,
                2451,
                2387,
                2388,
                2453,
                2452,
                2388,
                2389,
                2454,
                2453,
                2389,
                2390,
                2455,
                2454,
                2390,
                2391,
                2456,
                2455,
                2391,
                2392,
                2457,
                2456,
                2392,
                2393,
                2458,
                2457,
                2393,
                2394,
                2459,
                2458,
                2394,
                2395,
                2460,
                2459,
                2395,
                2396,
                2461,
                2460,
                2396,
                2397,
                2462,
                2461,
                2397,
                2398,
                2463,
                2462,
                2398,
                2399,
                2464,
                2463,
                2399,
                2400,
                2465,
                2464,
                2400,
                2401,
                2466,
                2465,
                2401,
                2402,
                2467,
                2466,
                2402,
                2403,
                2468,
                2467,
                2403,
                2404,
                2469,
                2468,
                2405,
                2406,
                2471,
                2470,
                2406,
                2407,
                2472,
                2471,
                2407,
                2408,
                2473,
                2472,
                2408,
                2409,
                2474,
                2473,
                2409,
                2410,
                2475,
                2474,
                2410,
                2411,
                2476,
                2475,
                2411,
                2412,
                2477,
                2476,
                2412,
                2413,
                2478,
                2477,
                2413,
                2414,
                2479,
                2478,
                2414,
                2415,
                2480,
                2479,
                2415,
                2416,
                2481,
                2480,
                2416,
                2417,
                2482,
                2481,
                2417,
                2418,
                2483,
                2482,
                2418,
                2419,
                2484,
                2483,
                2419,
                2420,
                2485,
                2484,
                2420,
                2421,
                2486,
                2485,
                2421,
                2422,
                2487,
                2486,
                2422,
                2423,
                2488,
                2487,
                2423,
                2424,
                2489,
                2488,
                2424,
                2425,
                2490,
                2489,
                2425,
                2426,
                2491,
                2490,
                2426,
                2427,
                2492,
                2491,
                2427,
                2428,
                2493,
                2492,
                2428,
                2429,
                2494,
                2493,
                2429,
                2430,
                2495,
                2494,
                2430,
                2431,
                2496,
                2495,
                2431,
                2432,
                2497,
                2496,
                2432,
                2433,
                2498,
                2497,
                2433,
                2434,
                2499,
                2498,
                2434,
                2435,
                2500,
                2499,
                2435,
                2436,
                2501,
                2500,
                2436,
                2437,
                2502,
                2501,
                2437,
                2438,
                2503,
                2502,
                2438,
                2439,
                2504,
                2503,
                2439,
                2440,
                2505,
                2504,
                2440,
                2441,
                2506,
                2505,
                2441,
                2442,
                2507,
                2506,
                2442,
                2443,
                2508,
                2507,
                2443,
                2444,
                2509,
                2508,
                2444,
                2445,
                2510,
                2509,
                2445,
                2446,
                2511,
                2510,
                2446,
                2447,
                2512,
                2511,
                2447,
                2448,
                2513,
                2512,
                2448,
                2449,
                2514,
                2513,
                2449,
                2450,
                2515,
                2514,
                2450,
                2451,
                2516,
                2515,
                2451,
                2452,
                2517,
                2516,
                2452,
                2453,
                2518,
                2517,
                2453,
                2454,
                2519,
                2518,
                2454,
                2455,
                2520,
                2519,
                2455,
                2456,
                2521,
                2520,
                2456,
                2457,
                2522,
                2521,
                2457,
                2458,
                2523,
                2522,
                2458,
                2459,
                2524,
                2523,
                2459,
                2460,
                2525,
                2524,
                2460,
                2461,
                2526,
                2525,
                2461,
                2462,
                2527,
                2526,
                2462,
                2463,
                2528,
                2527,
                2463,
                2464,
                2529,
                2528,
                2464,
                2465,
                2530,
                2529,
                2465,
                2466,
                2531,
                2530,
                2466,
                2467,
                2532,
                2531,
                2467,
                2468,
                2533,
                2532,
                2468,
                2469,
                2534,
                2533,
                2470,
                2471,
                2536,
                2535,
                2471,
                2472,
                2537,
                2536,
                2472,
                2473,
                2538,
                2537,
                2473,
                2474,
                2539,
                2538,
                2474,
                2475,
                2540,
                2539,
                2475,
                2476,
                2541,
                2540,
                2476,
                2477,
                2542,
                2541,
                2477,
                2478,
                2543,
                2542,
                2478,
                2479,
                2544,
                2543,
                2479,
                2480,
                2545,
                2544,
                2480,
                2481,
                2546,
                2545,
                2481,
                2482,
                2547,
                2546,
                2482,
                2483,
                2548,
                2547,
                2483,
                2484,
                2549,
                2548,
                2484,
                2485,
                2550,
                2549,
                2485,
                2486,
                2551,
                2550,
                2486,
                2487,
                2552,
                2551,
                2487,
                2488,
                2553,
                2552,
                2488,
                2489,
                2554,
                2553,
                2489,
                2490,
                2555,
                2554,
                2490,
                2491,
                2556,
                2555,
                2491,
                2492,
                2557,
                2556,
                2492,
                2493,
                2558,
                2557,
                2493,
                2494,
                2559,
                2558,
                2494,
                2495,
                2560,
                2559,
                2495,
                2496,
                2561,
                2560,
                2496,
                2497,
                2562,
                2561,
                2497,
                2498,
                2563,
                2562,
                2498,
                2499,
                2564,
                2563,
                2499,
                2500,
                2565,
                2564,
                2500,
                2501,
                2566,
                2565,
                2501,
                2502,
                2567,
                2566,
                2502,
                2503,
                2568,
                2567,
                2503,
                2504,
                2569,
                2568,
                2504,
                2505,
                2570,
                2569,
                2505,
                2506,
                2571,
                2570,
                2506,
                2507,
                2572,
                2571,
                2507,
                2508,
                2573,
                2572,
                2508,
                2509,
                2574,
                2573,
                2509,
                2510,
                2575,
                2574,
                2510,
                2511,
                2576,
                2575,
                2511,
                2512,
                2577,
                2576,
                2512,
                2513,
                2578,
                2577,
                2513,
                2514,
                2579,
                2578,
                2514,
                2515,
                2580,
                2579,
                2515,
                2516,
                2581,
                2580,
                2516,
                2517,
                2582,
                2581,
                2517,
                2518,
                2583,
                2582,
                2518,
                2519,
                2584,
                2583,
                2519,
                2520,
                2585,
                2584,
                2520,
                2521,
                2586,
                2585,
                2521,
                2522,
                2587,
                2586,
                2522,
                2523,
                2588,
                2587,
                2523,
                2524,
                2589,
                2588,
                2524,
                2525,
                2590,
                2589,
                2525,
                2526,
                2591,
                2590,
                2526,
                2527,
                2592,
                2591,
                2527,
                2528,
                2593,
                2592,
                2528,
                2529,
                2594,
                2593,
                2529,
                2530,
                2595,
                2594,
                2530,
                2531,
                2596,
                2595,
                2531,
                2532,
                2597,
                2596,
                2532,
                2533,
                2598,
                2597,
                2533,
                2534,
                2599,
                2598,
                2535,
                2536,
                2601,
                2600,
                2536,
                2537,
                2602,
                2601,
                2537,
                2538,
                2603,
                2602,
                2538,
                2539,
                2604,
                2603,
                2539,
                2540,
                2605,
                2604,
                2540,
                2541,
                2606,
                2605,
                2541,
                2542,
                2607,
                2606,
                2542,
                2543,
                2608,
                2607,
                2543,
                2544,
                2609,
                2608,
                2544,
                2545,
                2610,
                2609,
                2545,
                2546,
                2611,
                2610,
                2546,
                2547,
                2612,
                2611,
                2547,
                2548,
                2613,
                2612,
                2548,
                2549,
                2614,
                2613,
                2549,
                2550,
                2615,
                2614,
                2550,
                2551,
                2616,
                2615,
                2551,
                2552,
                2617,
                2616,
                2552,
                2553,
                2618,
                2617,
                2553,
                2554,
                2619,
                2618,
                2554,
                2555,
                2620,
                2619,
                2555,
                2556,
                2621,
                2620,
                2556,
                2557,
                2622,
                2621,
                2557,
                2558,
                2623,
                2622,
                2558,
                2559,
                2624,
                2623,
                2559,
                2560,
                2625,
                2624,
                2560,
                2561,
                2626,
                2625,
                2561,
                2562,
                2627,
                2626,
                2562,
                2563,
                2628,
                2627,
                2563,
                2564,
                2629,
                2628,
                2564,
                2565,
                2630,
                2629,
                2565,
                2566,
                2631,
                2630,
                2566,
                2567,
                2632,
                2631,
                2567,
                2568,
                2633,
                2632,
                2568,
                2569,
                2634,
                2633,
                2569,
                2570,
                2635,
                2634,
                2570,
                2571,
                2636,
                2635,
                2571,
                2572,
                2637,
                2636,
                2572,
                2573,
                2638,
                2637,
                2573,
                2574,
                2639,
                2638,
                2574,
                2575,
                2640,
                2639,
                2575,
                2576,
                2641,
                2640,
                2576,
                2577,
                2642,
                2641,
                2577,
                2578,
                2643,
                2642,
                2578,
                2579,
                2644,
                2643,
                2579,
                2580,
                2645,
                2644,
                2580,
                2581,
                2646,
                2645,
                2581,
                2582,
                2647,
                2646,
                2582,
                2583,
                2648,
                2647,
                2583,
                2584,
                2649,
                2648,
                2584,
                2585,
                2650,
                2649,
                2585,
                2586,
                2651,
                2650,
                2586,
                2587,
                2652,
                2651,
                2587,
                2588,
                2653,
                2652,
                2588,
                2589,
                2654,
                2653,
                2589,
                2590,
                2655,
                2654,
                2590,
                2591,
                2656,
                2655,
                2591,
                2592,
                2657,
                2656,
                2592,
                2593,
                2658,
                2657,
                2593,
                2594,
                2659,
                2658,
                2594,
                2595,
                2660,
                2659,
                2595,
                2596,
                2661,
                2660,
                2596,
                2597,
                2662,
                2661,
                2597,
                2598,
                2663,
                2662,
                2598,
                2599,
                2664,
                2663
            ]
            normal3f[] normals = [
                (0.000277102459, 0.00444970839, 0.999990062),
                (-0.00103561659, -0.0921624203, 0.995743449),
                (-0.00504558118, -0.2744528, 0.961587335),
                (-0.00689699157, -0.38807748, 0.921600945),
                (-0.00273012119, -0.392594256, 0.919707724),
                (0.00236183206, -0.390816311, 0.920465661),
                (0.00239058905, -0.390940902, 0.920412677),
                (0.000625301946, -0.392051572, 0.919943027),
                (0.00282337623, -0.391236932, 0.920285658),
                (0.00615940168, -0.389300946, 0.921090025),
                (0.00403606878, -0.389722848, 0.920923348),
                (-0.001795314, -0.392567723, 0.919721349),
                (-0.00380892471, -0.394373671, 0.918942272),
                (-0.00145770494, -0.394170467, 0.91903619),
                (-0.00127230481, -0.394789374, 0.918770772),
                (-0.00442031566, -0.397288594, 0.917683079),
                (-0.00435025833, -0.398646501, 0.917094348),
                (0.00115575228, -0.396998782, 0.917818409),
                (0.00537066072, -0.394991281, 0.91866917),
                (0.00389369585, -0.39527393, 0.918555039),
                (0.00176237593, -0.39607601, 0.918216036),
                (0.00370687534, -0.394877588, 0.918726265),
                (0.00537578017, -0.393338618, 0.91937796),
                (0.00142462415, -0.394518407, 0.918886934),
                (-0.0041712506, -0.397289321, 0.91768393),
                (-0.00445799722, -0.398154759, 0.917307426),
                (-0.00119894677, -0.397133212, 0.917760194),
                (-0.00106968066, -0.397262454, 0.917704418),
                (-0.00339962583, -0.398745791, 0.917055198),
                (-0.00164397969, -0.398392862, 0.917213402),
                (0.0041467492, -0.395414801, 0.918493299),
                (0.00654310707, -0.39312939, 0.91945988),
                (0.003299408, -0.393411294, 0.91935666),
                (0.000841364254, -0.39373241, 0.919224717),
                (0.0024596893, -0.392135831, 0.919904039),
                (0.00265533453, -0.39095463, 0.92040612),
                (-0.00225431036, -0.392559891, 0.919723681),
                (-0.00658936759, -0.394789943, 0.918747779),
                (-0.00475205584, -0.394478316, 0.918892962),
                (-0.000738749489, -0.392690027, 0.919670592),
                (-0.00077807644, -0.392465899, 0.919766227),
                (-0.00238200573, -0.393159397, 0.919467245),
                (0.000474434763, -0.391675567, 0.920103269),
                (0.00559590497, -0.388346001, 0.921496646),
                (0.00568014721, -0.386802915, 0.922144913),
                (0.000961527663, -0.387873092, 0.921712287),
                (-0.00133023682, -0.388435941, 0.921474769),
                (0.000286471232, -0.387252933, 0.921973472),
                (-0.00041239046, -0.387113326, 0.922032051),
                (-0.00522226481, -0.389501006, 0.921011235),
                (-0.00744075954, -0.391479926, 0.920156564),
                (-0.00345730211, -0.390570843, 0.920566382),
                (0.000851222798, -0.388846561, 0.921302137),
                (0.00035592558, -0.38907634, 0.921205446),
                (-0.00076445105, -0.389791244, 0.920902928),
                (0.00253503505, -0.388250815, 0.921550258),
                (0.00624094136, -0.385826777, 0.922550133),
                (0.00399613846, -0.386006325, 0.922487479),
                (-0.0014719883, -0.38839627, 0.921491276),
                (-0.0029091502, -0.389582377, 0.920987029),
                (-0.000906126929, -0.389185262, 0.921159058),
                (-0.00193014742, -0.385129119, 0.922860681),
                (-0.00608864935, -0.276771727, 0.960916406),
                (-0.00610615297, -0.0971409911, 0.995251899),
                (-0.0038905278, 0.00240423426, 0.999989542),
                (-0.0762325886, 0.00449373997, 0.997079936),
                (-0.113477857, -0.157783341, 0.980931798),
                (-0.120591586, -0.435543646, 0.892053475),
                (-0.0514462833, -0.582658609, 0.811087064),
                (-0.00351663173, -0.588772283, 0.808291304),
                (0.00275663744, -0.587216089, 0.809425516),
                (0.00159521975, -0.587235363, 0.809414655),
                (0.000428169217, -0.587917281, 0.80892094),
                (0.00361027277, -0.586866977, 0.809675316),
                (0.00604514805, -0.584986479, 0.811020515),
                (0.00221277386, -0.585296099, 0.810816613),
                (-0.00349077636, -0.587694115, 0.809075671),
                (-0.0040079107, -0.589215394, 0.807966061),
                (-0.00145179185, -0.58917048, 0.808007449),
                (-0.0024051098, -0.589975044, 0.807417899),
                (-0.00547131759, -0.592320821, 0.805683629),
                (-0.00369679251, -0.59352535, 0.804806805),
                (0.00252039109, -0.592107169, 0.80585529),
                (0.00542842002, -0.590417108, 0.807080027),
                (0.00297582069, -0.590627038, 0.806939184),
                (0.00171128759, -0.59113863, 0.806568156),
                (0.00438271293, -0.589952013, 0.807426414),
                (0.00487560895, -0.588674197, 0.808355688),
                (-0.000375212985, -0.589871723, 0.807496879),
                (-0.00516053411, -0.592407006, 0.805622311),
                (-0.00384635222, -0.59332911, 0.804950789),
                (-0.000682606193, -0.59276417, 0.805375796),
                (-0.00160413258, -0.593234857, 0.805027845),
                (-0.00344583911, -0.59470352, 0.803937715),
                (-7.13877802e-05, -0.594420341, 0.804154496),
                (0.00580215407, -0.591861674, 0.806018669),
                (0.00657083324, -0.589939281, 0.807420875),
                (0.00265285133, -0.59014437, 0.80729337),
                (0.00126276077, -0.590282899, 0.807195456),
                (0.00330153979, -0.588866373, 0.808223666),
                (0.00215924136, -0.588019643, 0.808843765),
                (-0.00355801591, -0.589639369, 0.807658811),
                (-0.00657022368, -0.591718525, 0.806117869),
                (-0.0033037785, -0.591616132, 0.806213022),
                (0.000180226203, -0.590320515, 0.807168915),
                (-0.000875935428, -0.590321981, 0.807167387),
                (-0.00176605219, -0.59088973, 0.8067504),
                (0.00238628611, -0.589423651, 0.807820565),
                (0.00691355481, -0.586388691, 0.810000312),
                (0.00519204447, -0.58495363, 0.811050118),
                (0.000179642442, -0.585703263, 0.810525543),
                (-0.000916004569, -0.585975581, 0.810328192),
                (0.000793928822, -0.584892998, 0.811110073),
                (-0.00128657066, -0.584903427, 0.81110192),
                (-0.00638325692, -0.587089922, 0.809496558),
                (-0.0069725864, -0.58881118, 0.808240545),
                (-0.00195408649, -0.588028899, 0.808837558),
                (0.00136222455, -0.586579027, 0.80989085),
                (-7.42676653e-05, -0.586714309, 0.809793995),
                (-0.000334599205, -0.587048859, 0.809551435),
                (0.00385063836, -0.585348103, 0.810772947),
                (0.00641552646, -0.582988289, 0.812455227),
                (0.00246915449, -0.582978897, 0.812483544),
                (-0.00276007772, -0.584843216, 0.811141661),
                (-0.00288353407, -0.58569623, 0.810525516),
                (0.0010252083, -0.585369717, 0.810765838),
                (0.0415650818, -0.580000263, 0.813555185),
                (0.107203957, -0.438075552, 0.892522897),
                (0.106666328, -0.162077108, 0.980996078),
                (0.0750049838, 0.00387615093, 0.997175625),
                (-0.252830198, 0.00343928967, 0.967504554),
                (-0.354065064, -0.232085497, 0.905965923),
                (-0.333461351, -0.574818205, 0.747253343),
                (-0.129836281, -0.742152033, 0.657535474),
                (-0.00565465511, -0.752662546, 0.658382197),
                (0.00321127463, -0.751494571, 0.659731459),
                (0.00102493283, -0.75154595, 0.659679949),
                (0.000807484944, -0.751691932, 0.659513903),
                (0.0049004885, -0.750447344, 0.660912074),
                (0.00598016489, -0.749034705, 0.662503772),
                (0.000240928772, -0.749536704, 0.661962742),
                (-0.00515015643, -0.751271882, 0.659972753),
                (-0.0041847029, -0.752107736, 0.65902689),
                (-0.00179398883, -0.752072188, 0.6590783),
                (-0.00404118717, -0.752981705, 0.658029042),
                (-0.00667852835, -0.754775674, 0.655948991),
                (-0.00288995671, -0.755337663, 0.655329431),
                (0.00390688618, -0.754083468, 0.656766975),
                (0.0053146985, -0.753047238, 0.657944991),
                (0.00208063554, -0.753384592, 0.657576861),
                (0.00192610092, -0.753567555, 0.657367653),
                (0.00508934291, -0.752537091, 0.658530201),
                (0.00393976449, -0.751927652, 0.659233861),
                (-0.00267627328, -0.753279931, 0.657694597),
                (-0.00640400799, -0.755224301, 0.655435156),
                (-0.00352838086, -0.755817051, 0.654773348),
                (-0.000758440631, -0.755647056, 0.654978589),
                (-0.00269159607, -0.756435414, 0.654062856),
                (-0.00359400144, -0.757600086, 0.652709118),
                (0.00163781643, -0.757160435, 0.653226908),
                (0.00738584556, -0.755290992, 0.655347974),
                (0.00637885082, -0.754275821, 0.656526691),
                (0.00202783615, -0.754662533, 0.656110013),
                (0.0018579435, -0.754642633, 0.656133404),
                (0.0039870927, -0.753631921, 0.657284589),
                (0.00113402199, -0.753481129, 0.657468556),
                (-0.00526140304, -0.755080792, 0.655610643),
                (-0.00663506712, -0.756568798, 0.65388044),
                (-0.00199209802, -0.756379567, 0.654129943),
                (0.000754050053, -0.7556605, 0.654963084),
                (-0.00111558518, -0.75595594, 0.654621549),
                (-0.000813446459, -0.756237301, 0.654296938),
                (0.00474609295, -0.754808296, 0.655928282),
                (0.00838236036, -0.752576563, 0.658451406),
                (0.00474707934, -0.751827744, 0.659342482),
                (-0.000304754986, -0.752396903, 0.658709957),
                (-0.000159090821, -0.752309233, 0.658810134),
                (0.00125484453, -0.751472587, 0.659763121),
                (-0.00246014742, -0.751799037, 0.659387712),
                (-0.00756928758, -0.753505401, 0.657398142),
                (-0.00621700356, -0.75443161, 0.656349217),
                (-0.000263790174, -0.753550472, 0.657390004),
                (0.00190137555, -0.752539621, 0.65854423),
                (-0.000206019081, -0.752654151, 0.658416043),
                (0.000786899442, -0.752480361, 0.658614218),
                (0.00578292438, -0.750735727, 0.660577342),
                (0.00680729254, -0.748954796, 0.662586126),
                (0.00106244003, -0.749121948, 0.662431263),
                (-0.00371549422, -0.75031458, 0.661070516),
                (-0.00260141054, -0.750559834, 0.660797373),
                (0.00441832534, -0.75026438, 0.661123165),
                (0.119471629, -0.740882528, 0.660923301),
                (0.320300608, -0.578338449, 0.750288051),
                (0.349439847, -0.23431224, 0.907187724),
                (0.254921404, 0.00562184059, 0.966945434),
                (-0.438095811, 0.000827464286, 0.898927904),
                (-0.574557762, -0.212706315, 0.79034132),
                (-0.541393747, -0.525942544, 0.65595522),
                (-0.227055883, -0.740912882, 0.632055162),
                (-0.00811617732, -0.764022252, 0.645138842),
                (0.00421764794, -0.762876616, 0.646530339),
                (0.000928705584, -0.763058353, 0.646328931),
                (0.00227940446, -0.76266764, 0.646786576),
                (0.007592844, -0.760799498, 0.64894258),
                (0.00648219695, -0.759621442, 0.650333181),
                (-0.00219516052, -0.76073676, 0.649056825),
                (-0.00737067503, -0.762376433, 0.647091838),
                (-0.0046204196, -0.762607737, 0.646844719),
                (-0.00272810889, -0.762448373, 0.647043302),
                (-0.00680707839, -0.763707747, 0.645526251),
                (-0.00860047697, -0.765326615, 0.643584651),
                (-0.00169109161, -0.765057834, 0.643959355),
                (0.00614052881, -0.763325042, 0.645985429),
                (0.00561737971, -0.762663806, 0.64677072),
                (0.00146425898, -0.763313343, 0.646026776),
                (0.00287665408, -0.763164462, 0.646197902),
                (0.00645189439, -0.761946801, 0.647607478),
                (0.00258356407, -0.762004768, 0.647566258),
                (-0.00623939989, -0.76409002, 0.645079462),
                (-0.00868644892, -0.765951791, 0.642839326),
                (-0.00380728462, -0.766142618, 0.642659313),
                (-0.00166266109, -0.76617021, 0.642635546),
                (-0.00482892058, -0.767465361, 0.641072228),
                (-0.00405322681, -0.76850679, 0.639828794),
                (0.00409970259, -0.767488881, 0.641049148),
                (0.00982925213, -0.765653847, 0.643177714),
                (0.00640565316, -0.765428082, 0.643489564),
                (0.00147722206, -0.766280731, 0.642504209),
                (0.00284748838, -0.766116967, 0.642694861),
                (0.00471813, -0.765275852, 0.643685179),
                (-0.000896297623, -0.765995494, 0.642845316),
                (-0.00839587693, -0.768186016, 0.64017166),
                (-0.00752602068, -0.769413344, 0.638706869),
                (-0.000951488492, -0.768861005, 0.63941524),
                (0.000909990174, -0.768448473, 0.639911022),
                (-0.00173290883, -0.769158901, 0.639055226),
                (0.000648441397, -0.769157113, 0.639059399),
                (0.00841427878, -0.767222484, 0.641325861),
                (0.0108283947, -0.765277452, 0.643609484),
                (0.00448742649, -0.765337682, 0.643613312),
                (-0.000697510006, -0.766126646, 0.642689253),
                (0.000913332548, -0.765719572, 0.643173929),
                (0.00153411178, -0.765000984, 0.644027282),
                (-0.00467595052, -0.765948074, 0.642885436),
                (-0.00975978561, -0.767738301, 0.640689197),
                (-0.00556716104, -0.767964192, 0.640468583),
                (0.00185416493, -0.766530348, 0.642205409),
                (0.00268331745, -0.765688994, 0.643205382),
                (4.85535084e-05, -0.765902143, 0.642957157),
                (0.00311787027, -0.765128738, 0.64386978),
                (0.00929469303, -0.762813961, 0.646551212),
                (0.00799952071, -0.761350952, 0.648290626),
                (-0.000413063096, -0.762083565, 0.647478547),
                (-0.00474097345, -0.763082993, 0.646283119),
                (-0.00221562849, -0.762741003, 0.646700281),
                (0.00842318078, -0.762397919, 0.647053679),
                (0.21560333, -0.741004358, 0.635946339),
                (0.530854389, -0.52974347, 0.661487319),
                (0.572625406, -0.211944178, 0.791946848),
                (0.44219756, 0.00498115151, 0.896903845),
                (-0.567115772, -0.0018475968, 0.823636017),
                (-0.709238224, -0.137557118, 0.691418239),
                (-0.707676393, -0.35693684, 0.609746025),
                (-0.356005159, -0.605235928, 0.712004072),
                (-0.0111708116, -0.649957268, 0.759888652),
                (0.00591396456, -0.648816891, 0.76092159),
                (0.00165737342, -0.6492145, 0.760603567),
                (0.00589776597, -0.647445621, 0.76208883),
                (0.012396429, -0.644027011, 0.764902306),
                (0.00709336489, -0.643395391, 0.765501179),
                (-0.00582550947, -0.646001785, 0.763313669),
                (-0.010105061, -0.647560311, 0.761947197),
                (-0.00496467874, -0.64650221, 0.762895959),
                (-0.00455970107, -0.646175931, 0.763174865),
                (-0.0111815357, -0.648340127, 0.761268713),
                (-0.0107324844, -0.649535154, 0.760255811),
                (0.00117169542, -0.64710746, 0.762397903),
                (0.00991523572, -0.643985117, 0.764973762),
                (0.00623664943, -0.643931853, 0.765057431),
                (0.00131772824, -0.64502379, 0.764161353),
                (0.00526467006, -0.643809901, 0.765167363),
                (0.00852481161, -0.641956763, 0.766693447),
                (-0.000228873027, -0.643506117, 0.765440935),
                (-0.0120187573, -0.647333772, 0.762111893),
                (-0.0120375694, -0.649053301, 0.76064769),
                (-0.00453518769, -0.648272859, 0.761394597),
                (-0.00389990754, -0.648726833, 0.761011358),
                (-0.0084549222, -0.651138994, 0.758911408),
                (-0.00422418881, -0.651701381, 0.758463886),
                (0.00834020529, -0.648975534, 0.760763562),
                (0.0132629925, -0.64689619, 0.762462729),
                (0.0060586372, -0.648250983, 0.761402624),
                (0.000820262832, -0.650002248, 0.759931842),
                (0.00440869757, -0.649365584, 0.76046361),
                (0.0048970509, -0.648891697, 0.760865024),
                (-0.00533360699, -0.651741462, 0.758422454),
                (-0.0138665327, -0.655527598, 0.755043898),
                (-0.00913241801, -0.65632121, 0.754426317),
                (-4.50525053e-05, -0.654970663, 0.755654305),
                (0.000186369332, -0.655290346, 0.755377077),
                (-0.00290047929, -0.656951317, 0.75392742),
                (0.00340769635, -0.656178403, 0.754598099),
                (0.0141882712, -0.652872834, 0.757334639),
                (0.0139648623, -0.651470915, 0.758545074),
                (0.00363964032, -0.653377743, 0.7570233),
                (-0.00119033501, -0.654784023, 0.7558151),
                (0.00234572737, -0.653809368, 0.756655673),
                (0.000906843287, -0.653613947, 0.75682758),
                (-0.00905758011, -0.656324154, 0.754424658),
                (-0.0132106333, -0.658688757, 0.752299542),
                (-0.00432936734, -0.657539475, 0.753407656),
                (0.00486077787, -0.654941715, 0.755663763),
                (0.00360159626, -0.654558565, 0.75600272),
                (0.00101784866, -0.655018541, 0.755612119),
                (0.00773451527, -0.652811833, 0.757480619),
                (0.0150383106, -0.649142148, 0.760518455),
                (0.00951689582, -0.648466526, 0.761183679),
                (-0.00258312756, -0.650644344, 0.75937821),
                (-0.00572420689, -0.651443217, 0.758675799),
                (-0.00151001135, -0.650006231, 0.759927378),
                (0.0136359336, -0.649856826, 0.759934318),
                (0.343416862, -0.607224271, 0.716479967),
                (0.700902561, -0.358687054, 0.616505634),
                (0.70864576, -0.134239792, 0.692676595),
                (0.571149298, 0.00276577445, 0.820841537),
                (-0.623998448, -0.00359063654, 0.781417331),
                (-0.764111602, -0.0510868124, 0.643058005),
                (-0.794448878, -0.132479129, 0.59270588),
                (-0.479242869, -0.265006324, 0.836718543),
                (-0.0139795118, -0.300477821, 0.953686349),
                (0.00756415796, -0.300865999, 0.953636427),
                (0.00371208163, -0.301477831, 0.95346596),
                (0.0121111721, -0.296683252, 0.95489914),
                (0.0180556474, -0.291900183, 0.956278347),
                (0.00624542108, -0.294289867, 0.955695803),
                (-0.0103101628, -0.299514172, 0.954036143),
                (-0.0117125325, -0.299227031, 0.954110057),
                (-0.00442052807, -0.295167391, 0.95543533),
                (-0.00722190995, -0.29514686, 0.955424605),
                (-0.0158533023, -0.298275424, 0.954348178),
                (-0.0105881564, -0.296310491, 0.955032975),
                (0.00697084429, -0.28863258, 0.957414561),
                (0.0144981965, -0.284087572, 0.958688716),
                (0.00661376568, -0.285964517, 0.958217383),
                (0.00238373873, -0.286808455, 0.957984983),
                (0.0094198792, -0.282745383, 0.959148745),
                (0.0100910236, -0.280750929, 0.959727611),
                (-0.0053402147, -0.285881368, 0.958250137),
                (-0.0187757184, -0.291422539, 0.956410151),
                (-0.014468122, -0.290354505, 0.956809769),
                (-0.00504108393, -0.28689937, 0.957947461),
                (-0.0074476987, -0.288348204, 0.957496655),
                (-0.0123380122, -0.291575243, 0.956468322),
                (-0.00232929218, -0.288928671, 0.957347793),
                (0.0143342795, -0.282588633, 0.959134085),
                (0.0159268798, -0.281704086, 0.959369138),
                (0.00429805453, -0.286651903, 0.958025163),
                (0.000295056889, -0.288986002, 0.957333277),
                (0.00614489261, -0.287011668, 0.957907377),
                (0.00290504882, -0.288479773, 0.957481583),
                (-0.0129395462, -0.295858606, 0.955144101),
                (-0.0205148371, -0.300994596, 0.953405158),
                (-0.0101577271, -0.299051349, 0.954182955),
                (0.000437019091, -0.296368518, 0.955073563),
                (-0.00212459952, -0.298971042, 0.954259819),
                (-0.00414803626, -0.301801053, 0.953361903),
                (0.00799324243, -0.298551692, 0.954359993),
                (0.0206492363, -0.293874079, 0.955621073),
                (0.0152966838, -0.296016098, 0.955060459),
                (0.00100187067, -0.302309378, 0.953209335),
                (-0.0017796236, -0.304295974, 0.952575872),
                (0.00339275725, -0.302649446, 0.953095904),
                (-0.00216738087, -0.305155348, 0.952300119),
                (-0.0158857858, -0.311706231, 0.950045719),
                (-0.0165551159, -0.313749181, 0.949361564),
                (-0.00160403032, -0.309091536, 0.95103094),
                (0.00797481802, -0.305624023, 0.952118879),
                (0.0038484577, -0.307541492, 0.951526889),
                (0.00307818854, -0.308275412, 0.951292171),
                (0.0146518257, -0.303330292, 0.952772826),
                (0.0211848451, -0.299259406, 0.953936586),
                (0.00930303634, -0.30251677, 0.953098661),
                (-0.00567932387, -0.307732028, 0.951456118),
                (-0.00588252485, -0.30730145, 0.951594039),
                (-0.000619147265, -0.304235973, 0.952596499),
                (0.0182971425, -0.305807, 0.951917692),
                (0.4673871, -0.270138878, 0.841768546),
                (0.79011016, -0.13126299, 0.598745324),
                (0.763663246, -0.0466099086, 0.643930092),
                (0.627043906, 0.0002495961, 0.778983875),
                (-0.627988648, -0.00404835274, 0.778211969),
                (-0.767916691, -0.00834692455, 0.640495344),
                (-0.803120776, -0.013842832, 0.595655433),
                (-0.496690078, -0.0201047363, 0.867695088),
                (-0.0137254943, -0.0200738201, 0.999704283),
                (0.00688287851, -0.0230794285, 0.999709941),
                (0.00597217572, -0.0232509588, 0.999711821),
                (0.0163921445, -0.0177299097, 0.999708431),
                (0.0183870089, -0.0156758716, 0.99970805),
                (0.00238534888, -0.0216614991, 0.999762517),
                (-0.012124631, -0.0268238695, 0.999566643),
                (-0.00929668297, -0.0239548177, 0.999669815),
                (-0.00278777454, -0.0194676073, 0.999806602),
                (-0.00882683152, -0.0209713545, 0.999741111),
                (-0.0157458584, -0.0230964355, 0.999609235),
                (-0.00535737881, -0.017329756, 0.999835475),
                (0.0125564105, -0.00803497786, 0.999888882),
                (0.0153617725, -0.00558827859, 0.999866385),
                (0.0057327281, -0.00870794415, 0.999945652),
                (0.00460827675, -0.00765972751, 0.999960045),
                (0.0123020936, -0.00229844908, 0.999921685),
                (0.00831127969, -0.00223022666, 0.999962974),
                (-0.00992685619, -0.0088393792, 0.999911658),
                (-0.0198183228, -0.0118307264, 0.999733599),
                (-0.0117026106, -0.00680977599, 0.999908334),
                (-0.00412672099, -0.00240211904, 0.9999886),
                (-0.00935750755, -0.00430951232, 0.999946931),
                (-0.0116565599, -0.00518380801, 0.999918623),
                (0.00251217288, 0.00140638834, 0.999995856),
                (0.0174194347, 0.00834308562, 0.999813461),
                (0.0137686423, 0.00676101681, 0.99988235),
                (0.00144646739, 0.00123621182, 0.99999819),
                (0.000753202673, 0.0011538605, 0.999999051),
                (0.00625241082, 0.00394020056, 0.999972691),
                (-0.00157617525, 0.000408516186, 0.999998674),
                (-0.0184309907, -0.00762780133, 0.999801038),
                (-0.0212529911, -0.00957973027, 0.999728233),
                (-0.00783714476, -0.00440666581, 0.999959579),
                (2.69161448e-05, -0.00214346285, 0.999997702),
                (-0.00470124844, -0.00597906595, 0.999971074),
                (-0.00347346197, -0.00718480333, 0.999968156),
                (0.0116685954, -0.0018800096, 0.999930152),
                (0.0210113776, 0.000943561292, 0.999778791),
                (0.010793885, -0.00507945313, 0.999928843),
                (-0.00270696235, -0.0124621293, 0.999918681),
                (-0.00188682901, -0.0131090462, 0.999912293),
                (0.00231295574, -0.0121728356, 0.999923233),
                (-0.00714762347, -0.0176851755, 0.999818056),
                (-0.0199407326, -0.0249779675, 0.999489104),
                (-0.0151105223, -0.0243488431, 0.999589319),
                (0.00176068343, -0.0182707666, 0.999831525),
                (0.00785361691, -0.0171870241, 0.999821448),
                (0.00233813888, -0.021374812, 0.999768799),
                (0.00517634294, -0.0214429259, 0.999756674),
                (0.0183920115, -0.0163022845, 0.999697939),
                (0.0205281191, -0.0158480285, 0.999663662),
                (0.00481059199, -0.0233048888, 0.99971683),
                (-0.00777235387, -0.0290671784, 0.999547242),
                (-0.00433403907, -0.0272745923, 0.999618584),
                (-0.000658147402, -0.0253344794, 0.999678814),
                (0.0167136109, -0.0295246377, 0.99942431),
                (0.488414714, -0.0284117751, 0.872148977),
                (0.799973279, -0.0122906193, 0.599909738),
                (0.767352272, -0.00416716081, 0.641212232),
                (0.629809395, -0.00171731241, 0.776747821),
                (-0.629856725, -0.00306529636, 0.776705291),
                (-0.768868984, -0.0053126659, 0.639384283),
                (-0.803202055, -0.00639649578, 0.595672345),
                (-0.495368251, -0.0059157883, 0.868662938),
                (-0.0145899617, -0.00656906602, 0.999871982),
                (0.00541775313, -0.0108665641, 0.99992628),
                (0.00812528625, -0.0103095743, 0.999913842),
                (0.0186732972, -0.00567660643, 0.999809524),
                (0.0157689176, -0.00687987163, 0.999851993),
                (-0.00228856598, -0.0148025055, 0.999887818),
                (-0.0126198433, -0.0189626167, 0.999740546),
                (-0.00644986259, -0.0154350041, 0.99986007),
                (-0.00226460609, -0.0128996734, 0.999914231),
                (-0.0104315169, -0.0162103317, 0.999814187),
                (-0.0137257099, -0.0173470408, 0.999755313),
                (0.000833482163, -0.0101961071, 0.999947671),
                (0.0165678897, -0.00236333184, 0.99985995),
                (0.0145893546, -0.0024923357, 0.999890463),
                (0.00526380703, -0.00568660622, 0.999969977),
                (0.0075582458, -0.00312513363, 0.999966553),
                (0.0141146286, 0.00171966524, 0.999898905),
                (0.00533996522, -0.000367331715, 0.999985675),
                (-0.0131679538, -0.00694551158, 0.999889176),
                (-0.0180224768, -0.00731914446, 0.999810792),
                (-0.00766037642, -0.000877655996, 0.999970274),
                (-0.00328430292, 0.00249083636, 0.999991505),
                (-0.00997846401, 0.000453194693, 0.999950111),
                (-0.00837771187, 0.00208551019, 0.999962732),
                (0.00826767105, 0.0106426869, 0.999909185),
                (0.0191750476, 0.016599071, 0.999678342),
                (0.0109768507, 0.0138343313, 0.999844048),
                (5.04145943e-05, 0.00995683291, 0.999950428),
                (0.00244698186, 0.01235256, 0.99992071),
                (0.00582456744, 0.0151741601, 0.999867901),
                (-0.00611718814, 0.0107087123, 0.999923949),
                (-0.0214449588, 0.00434779768, 0.999760577),
                (-0.01896469, 0.00583655066, 0.999803118),
                (-0.00476082845, 0.012324712, 0.999912714),
                (-0.000786131967, 0.0136743024, 0.999906193),
                (-0.00621391612, 0.010384867, 0.999926768),
                (-0.00110844549, 0.0118519872, 0.999929148),
                (0.0148013626, 0.0183372241, 0.999722294),
                (0.0190701006, 0.0195232562, 0.999627517),
                (0.00541093374, 0.0125217802, 0.999906959),
                (-0.00530086878, 0.00696758393, 0.999961676),
                (-0.0016392699, 0.00806177681, 0.99996616),
                (-6.16810882e-05, 0.0080392084, 0.999967683),
                (-0.0124133397, 0.00128708643, 0.999922123),
                (-0.0219919343, -0.00451174138, 0.999747968),
                (-0.0121241145, -0.00161380968, 0.999925198),
                (0.00398387943, 0.0039282686, 0.999984349),
                (0.00591892768, 0.00277909336, 0.999978621),
                (0.000676340045, -0.00165308702, 0.999998405),
                (0.00724804617, -0.000406959425, 0.99997365),
                (0.019799593, 0.00390986883, 0.999796324),
                (0.0166650208, 0.00126918664, 0.999860323),
                (-0.000701839638, -0.00770031261, 0.999970106),
                (-0.00911110509, -0.0123392299, 0.999882359),
                (-0.00322498798, -0.0103010257, 0.999941742),
                (-0.00243484279, -0.0106954979, 0.999939837),
                (0.0134959714, -0.0166584603, 0.999770151),
                (0.490132524, -0.016481949, 0.871492085),
                (0.801468769, -0.00615300742, 0.598004977),
                (0.768323719, -0.00228299397, 0.640057381),
                (0.630232815, -0.00242860229, 0.776402409),
                (-0.631229682, -0.0012102387, 0.775595013),
                (-0.769346862, -0.00267309995, 0.638825688),
                (-0.802945618, -0.00177895815, 0.596049637),
                (-0.494630143, 0.00129979708, 0.869102602),
                (-0.0169363652, -0.000747849242, 0.99985629),
                (0.00392596882, -0.00529374543, 0.999978281),
                (0.0100784043, -0.00383573203, 0.999941855),
                (0.019106263, -0.000676693363, 0.99981723),
                (0.011172391, -0.00506362723, 0.999924766),
                (-0.00717386557, -0.0140534367, 0.999875511),
                (-0.0126277716, -0.0169628854, 0.999776375),
                (-0.00450041821, -0.0135969389, 0.999897429),
                (-0.00340194696, -0.0135929027, 0.999901825),
                (-0.0123464953, -0.0183582581, 0.999755239),
                (-0.0109902098, -0.0183938326, 0.999770415),
                (0.00649659692, -0.0108752752, 0.999919758),
                (0.0186482443, -0.005614261, 0.999810344),
                (0.0127337234, -0.00839520874, 0.99988368),
                (0.00523220573, -0.0114886435, 0.999920314),
                (0.0104662486, -0.00824134139, 0.999911265),
                (0.0144828731, -0.00519727034, 0.99988161),
                (0.00145651684, -0.00982917517, 0.999950632),
                (-0.0154239348, -0.0161673933, 0.999750328),
                (-0.0150199886, -0.0145493064, 0.999781335),
                (-0.00394260497, -0.0081345167, 0.999959142),
                (-0.00307392949, -0.00663452746, 0.999973267),
                (-0.00967775474, -0.00873182582, 0.999915045),
                (-0.00359669136, -0.00497008354, 0.999981181),
                (0.01399524, 0.00423225333, 0.999893105),
                (0.0199436089, 0.00823837293, 0.999767164),
                (0.00851195073, 0.00444322317, 0.999953901),
                (0.000273439443, 0.00237913431, 0.999997132),
                (0.00488120386, 0.00643750256, 0.999967366),
                (0.00495191309, 0.00841072779, 0.999952368),
                (-0.0101401403, 0.00320704927, 0.999943445),
                (-0.0222827848, -0.000912099438, 0.999751292),
                (-0.0149471432, 0.00364031431, 0.999881659),
                (-0.00163751242, 0.010580349, 0.999942686),
                (-0.00150767816, 0.011079621, 0.999937482),
                (-0.00614283317, 0.00915774224, 0.999939199),
                (0.00281999174, 0.0134695162, 0.999905305),
                (0.0177360114, 0.0205802994, 0.999630874),
                (0.0164072592, 0.0202591758, 0.999660126),
                (0.000857354335, 0.0134365254, 0.999909358),
                (-0.00623533267, 0.0105526055, 0.999924879),
                (-0.00103924127, 0.0132615476, 0.999911522),
                (-0.00304561192, 0.012378754, 0.999918742),
                (-0.0170752188, 0.0055500122, 0.999838804),
                (-0.0222401746, 0.00241122189, 0.999749749),
                (-0.00843909062, 0.0076705319, 0.99993497),
                (0.00523547398, 0.012552472, 0.999907508),
                (0.00343985855, 0.0100815584, 0.999943263),
                (-0.000181575314, 0.00674546983, 0.999977233),
                (0.00957770239, 0.0097334738, 0.999906759),
                (0.0197180426, 0.0130910653, 0.999719872),
                (0.0113493301, 0.00805878841, 0.99990312),
                (-0.005953636, -0.000987455383, 0.999981789),
                (-0.00983281456, -0.00378467945, 0.999944494),
                (-0.00303482444, -0.00173114272, 0.999993896),
                (-0.00568957189, -0.00426494482, 0.999974719),
                (0.0102229945, -0.0109173125, 0.999888145),
                (0.491924474, -0.0100895102, 0.870579413),
                (0.802629815, -0.00247099051, 0.596472358),
                (0.768845999, -0.000608510707, 0.639433702),
                (0.63013468, -0.00162677925, 0.776484152),
                (-0.631798809, 0.0005607397, 0.775132215),
                (-0.769174049, 0.000215676834, 0.639039306),
                (-0.802261538, 0.00323615752, 0.596963946),
                (-0.494194848, 0.00922485323, 0.869302223),
                (-0.0199578881, 0.00689875568, 0.99977702),
                (0.00297548158, 0.00332230643, 0.999990054),
                (0.0117770973, 0.00590480831, 0.999913213),
                (0.0177021916, 0.0073999051, 0.99981592),
                (0.0051887408, 0.000530902949, 0.999986397),
                (-0.0117027664, -0.00828385867, 0.999897206),
                (-0.012260261, -0.00955868685, 0.999879151),
                (-0.00378301139, -0.00678517195, 0.999969825),
                (-0.00603314503, -0.00918267769, 0.999939638),
                (-0.0142303907, -0.0145103841, 0.999793451),
                (-0.00780616953, -0.0131339264, 0.999883275),
                (0.0109439585, -0.00597470791, 0.999922263),
                (0.0185285751, -0.00377631774, 0.9998212),
                (0.00994349754, -0.00873403513, 0.999912418),
                (0.00538544183, -0.0113995858, 0.99992052),
                (0.0125338755, -0.00821243255, 0.999887723),
                (0.0128587967, -0.00784762015, 0.999886527),
                (-0.00333976472, -0.0149321583, 0.999882931),
                (-0.016899182, -0.0207128278, 0.999642634),
                (-0.0116662138, -0.0178203377, 0.999773142),
                (-0.0013974343, -0.0126964933, 0.99991842),
                (-0.0037567627, -0.0135270538, 0.999901448),
                (-0.0086609284, -0.0155574908, 0.999841464),
                (0.00187754957, -0.0103209844, 0.999944975),
                (0.0187147382, -0.00192435759, 0.999823012),
                (0.0193442758, -0.000712451479, 0.999812628),
                (0.00634210536, -0.00544781384, 0.999965049),
                (0.0016278873, -0.00598947305, 0.999980738),
                (0.00721834937, -0.00150664271, 0.999972812),
                (0.00326996891, -0.00135799849, 0.999993732),
                (-0.013491031, -0.00722258829, 0.999882906),
                (-0.021101617, -0.00904053667, 0.999736461),
                (-0.00987659965, -0.00238790017, 0.999948374),
                (0.00112352908, 0.00389355394, 0.999991789),
                (-0.00191152789, 0.00346732744, 0.999992162),
                (-0.00432341296, 0.00325172167, 0.999985367),
                (0.0079317806, 0.00988721603, 0.999919662),
                (0.0201737045, 0.0166536523, 0.99965778),
                (0.0134186788, 0.014779051, 0.99980074),
                (-0.00227129467, 0.00888952262, 0.999957908),
                (-0.00543922392, 0.00883306002, 0.999946194),
                (-0.00019463743, 0.0125567765, 0.999921142),
                (-0.006161338, 0.0108047002, 0.999922645),
                (-0.0202946329, 0.00487240146, 0.99978217),
                (-0.0203159834, 0.00505170379, 0.999780847),
                (-0.00410239, 0.0123545054, 0.999915265),
                (0.00589024927, 0.016450978, 0.999847323),
                (0.00132472933, 0.0136145986, 0.99990644),
                (0.000401236741, 0.0124309641, 0.999922652),
                (0.0122677047, 0.0172527749, 0.999775897),
                (0.01847214, 0.0195668989, 0.999637893),
                (0.00552760673, 0.0130929994, 0.999899004),
                (-0.0100703037, 0.00538907818, 0.999934771),
                (-0.00969985996, 0.00497218141, 0.999940593),
                (-0.00360487944, 0.00696402205, 0.999969253),
                (-0.00970181123, 0.00296352505, 0.999948545),
                (0.00770515428, -0.00299324491, 0.999965835),
                (0.493735623, -0.00122963148, 0.869611191),
                (0.803270302, 0.00243913306, 0.595609665),
                (0.768748428, 0.00197181639, 0.639548251),
                (0.629386921, 0.000258855285, 0.777092039),
                (-0.63151428, 0.00135368305, 0.775363064),
                (-0.768376384, 0.00217495344, 0.639994533),
                (-0.801197396, 0.00677612097, 0.598361777),
                (-0.493809559, 0.0145497122, 0.869448346),
                (-0.0226971529, 0.0127128149, 0.999661555),
                (0.00313880748, 0.0111728164, 0.999932656),
                (0.0133028026, 0.0149561109, 0.999799655),
                (0.0148552529, 0.0148745532, 0.99977901),
                (-0.00123452476, 0.00666043582, 0.999977057),
                (-0.0151549137, -0.000616240057, 0.999884968),
                (-0.0114438569, 9.7799304e-05, 0.999934512),
                (-0.00420293004, 0.00216614502, 0.999988822),
                (-0.00951477192, -0.00190353585, 0.999952922),
                (-0.0154735906, -0.00653985518, 0.999858889),
                (-0.00423885204, -0.00335045609, 0.999985403),
                (0.0138983635, 0.00304449206, 0.999898778),
                (0.0164666058, 0.00237640199, 0.999861592),
                (0.00670473425, -0.00372817671, 0.999970573),
                (0.00564491818, -0.00544730837, 0.99996923),
                (0.0132756123, -0.00280146265, 0.999907951),
                (0.00916803913, -0.00535418197, 0.999943638),
                (-0.00872387898, -0.014176231, 0.999861455),
                (-0.0177082543, -0.0188644224, 0.99966522),
                (-0.00867588426, -0.0152894565, 0.999845469),
                (-0.000544545411, -0.0122547808, 0.999924759),
                (-0.0053375242, -0.0152957731, 0.999868766),
                (-0.00714072982, -0.0169229888, 0.999831297),
                (0.00718827177, -0.0108972177, 0.999914786),
                (0.021592281, -0.00452450973, 0.999756621),
                (0.0171583912, -0.00648804961, 0.999831733),
                (0.00433782603, -0.0119023937, 0.999919755),
                (0.00339082888, -0.0114093112, 0.999929162),
                (0.00854442425, -0.00779944972, 0.999933078),
                (0.000430112684, -0.0102091087, 0.999947793),
                (-0.0162152024, -0.016585875, 0.999730952),
                (-0.0184578345, -0.0164015835, 0.999695102),
                (-0.00471574879, -0.00896707903, 0.999948675),
                (0.00299402029, -0.00446663341, 0.999985542),
                (-0.00201541727, -0.00591422441, 0.99998048),
                (-0.00106438433, -0.00451875324, 0.999989224),
                (0.0134245232, 0.00335447984, 0.99990426),
                (0.0216079177, 0.00857303183, 0.999729764),
                (0.01026644, 0.00501053303, 0.999934745),
                (-0.00384783877, 0.000374926787, 0.999992527),
                (-0.00333444481, 0.00261205295, 0.999991029),
                (0.00052053102, 0.00632501156, 0.999979861),
                (-0.00912379288, 0.00354649872, 0.999952088),
                (-0.0216233761, -0.000893787378, 0.999765788),
                (-0.0163250959, 0.0025532039, 0.999863477),
                (0.000578390255, 0.011048349, 0.999938798),
                (0.00623214644, 0.014083778, 0.999881397),
                (0.000258933627, 0.011617573, 0.99993248),
                (0.00269806997, 0.0130700889, 0.999910943),
                (0.0152234457, 0.019296642, 0.999697898),
                (0.0164254959, 0.0203796168, 0.999657378),
                (0.000130273995, 0.0133965009, 0.999910254),
                (-0.0123768608, 0.0081005258, 0.999890591),
                (-0.00858691107, 0.0101579634, 0.999911536),
                (-0.0046234458, 0.0119567848, 0.999917826),
                (-0.0135646617, 0.00734744708, 0.999881),
                (0.00676115138, 0.00339166172, 0.999971391),
                (0.495625512, 0.00664052011, 0.868510941),
                (0.8033671, 0.00672162393, 0.595446153),
                (0.768059228, 0.0043214172, 0.640364231),
                (0.628090503, 0.00231910957, 0.77813684),
                (-0.630578839, 0.000746195523, 0.776124842),
                (-0.767183314, 0.00249537894, 0.641423055),
                (-0.79998139, 0.00759099942, 0.599976793),
                (-0.493436282, 0.0149723963, 0.86965307),
                (-0.0243514712, 0.0138531655, 0.999607471),
                (0.00474836728, 0.0149221904, 0.999877383),
                (0.0147038158, 0.0196306818, 0.999699172),
                (0.0111387066, 0.0181291329, 0.999773606),
                (-0.00706672173, 0.00979120135, 0.999927094),
                (-0.0168925689, 0.00515902145, 0.999844001),
                (-0.0100599426, 0.00795074146, 0.999917788),
                (-0.00536596795, 0.00935649825, 0.999941829),
                (-0.0129195831, 0.00467022611, 0.999905632),
                (-0.0153759798, 0.00200270778, 0.999879777),
                (-0.000224774618, 0.00728416664, 0.999973445),
                (0.0154720067, 0.0127512164, 0.999798992),
                (0.0131725052, 0.00995377091, 0.999863694),
                (0.00375527567, 0.00404589527, 0.999984764),
                (0.00611863435, 0.0038364999, 0.999973921),
                (0.0126076309, 0.00573967056, 0.999904047),
                (0.00386130694, 0.000677053709, 0.999992316),
                (-0.0140297604, -0.00864816308, 0.999864178),
                (-0.0177821146, -0.0115458217, 0.99977522),
                (-0.00643597129, -0.00764048998, 0.999950099),
                (-0.00140222922, -0.00686622388, 0.999975444),
                (-0.00745057934, -0.0113627237, 0.999907684),
                (-0.00518169887, -0.0119980322, 0.999914595),
                (0.0116853888, -0.0056998718, 0.999915478),
                (0.0222001044, -0.00204401335, 0.999751458),
                (0.0135104722, -0.00690485793, 0.999884888),
                (0.00244958113, -0.0124433493, 0.999919578),
                (0.004873364, -0.0113552131, 0.999923652),
                (0.00816748768, -0.00960633265, 0.999920502),
                (-0.00368286294, -0.0147671994, 0.999884176),
                (-0.0183871955, -0.0212596077, 0.999604892),
                (-0.0150728837, -0.0194864301, 0.999696498),
                (-0.000432489981, -0.0125618948, 0.999921003),
                (0.00353843132, -0.0106289068, 0.999937251),
                (-0.00195258855, -0.0130156122, 0.999913387),
                (0.00300834368, -0.0103474496, 0.999941938),
                (0.0182869198, -0.00256733594, 0.999829484),
                (0.021485611, -6.08995889e-06, 0.999769158),
                (0.00693446478, -0.00530478014, 0.999961886),
                (-0.0041686609, -0.0087052908, 0.999953419),
                (-0.000732824027, -0.00520177712, 0.999986202),
                (0.000544618135, -0.00270265284, 0.9999962),
                (-0.0118711287, -0.00670392717, 0.999907063),
                (-0.0210789933, -0.009455032, 0.999733104),
                (-0.0108726645, -0.00345492628, 0.999934922),
                (0.00501899634, 0.00497825221, 0.999975013),
                (0.00634123336, 0.00655121491, 0.999958434),
                (0.000522606937, 0.00483660686, 0.999988167),
                (0.0064791075, 0.00871724914, 0.999941014),
                (0.0180518972, 0.0153869084, 0.999718646),
                (0.0138052466, 0.0148827168, 0.999793939),
                (-0.0041893845, 0.00807529512, 0.999958618),
                (-0.012631712, 0.0056337897, 0.999904346),
                (-0.00664955816, 0.00966673586, 0.999931166),
                (-0.00582771086, 0.0109534675, 0.999923027),
                (-0.0164755357, 0.00649145139, 0.999843197),
                (0.00794041418, 0.00539833831, 0.999953903),
                (0.497799112, 0.0106227315, 0.867227307),
                (0.803091961, 0.00873639891, 0.595791052),
                (0.767011462, 0.00535256255, 0.641611071),
                (0.626573321, 0.00358089499, 0.779354252),
                (-0.629347241, -0.00101153915, 0.77712356),
                (-0.765936865, 0.00124022553, 0.642914599),
                (-0.798927666, 0.0055861216, 0.60140118),
                (-0.493208158, 0.0102414152, 0.869851037),
                (-0.0245097269, 0.00962064625, 0.999653298),
                (0.00770856988, 0.0131825519, 0.999883392),
                (0.0158394131, 0.0180968811, 0.999710766),
                (0.00707029157, 0.0152339448, 0.999858959),
                (-0.0114955622, 0.00775517846, 0.99990385),
                (-0.0166099081, 0.00629720663, 0.999842216),
                (-0.0081238193, 0.0107998588, 0.999908679),
                (-0.00679745962, 0.0115477012, 0.999910219),
                (-0.0153301824, 0.00728289831, 0.999855962),
                (-0.0134067311, 0.00750409564, 0.999881967),
                (0.00426460915, 0.0147911033, 0.999881511),
                (0.0160073644, 0.0192316944, 0.999686904),
                (0.00957934066, 0.0152831283, 0.999837318),
                (0.00186499409, 0.0108563623, 0.999939329),
                (0.00698455678, 0.0125131815, 0.999897313),
                (0.010775976, 0.0136229093, 0.999849136),
                (-0.00221368892, 0.00690477742, 0.999973711),
                (-0.0183924456, -0.00146608776, 0.99982977),
                (-0.0169140251, -0.00191940723, 0.999855105),
                (-0.00497361765, 0.00215377891, 0.999985312),
                (-0.00348942009, 0.00106788221, 0.999993342),
                (-0.00939774207, -0.00366005324, 0.999949142),
                (-0.00266208814, -0.00258626748, 0.999993112),
                (0.015061223, 0.00368324497, 0.999879789),
                (0.0206395205, 0.00455337469, 0.999776614),
                (0.00893451779, -0.0022789981, 0.999957489),
                (0.000817815192, -0.00711727165, 0.999974337),
                (0.00563518802, -0.00568813168, 0.999967944),
                (0.00584519549, -0.00624485046, 0.999963417),
                (-0.00879261794, -0.0136671015, 0.999867941),
                (-0.0199480704, -0.0195531927, 0.999609797),
                (-0.011575259, -0.0165130686, 0.999796645),
                (0.002294416, -0.0110304208, 0.999936531),
                (0.00263486738, -0.0118414577, 0.999926416),
                (-0.00179257069, -0.0147450276, 0.999889679),
                (0.00720021882, -0.0111555363, 0.999911852),
                (0.0216011373, -0.00466966987, 0.999755763),
                (0.0194446321, -0.00542861931, 0.999796197),
                (0.0033853526, -0.012217923, 0.999919628),
                (-0.00376586296, -0.0145399666, 0.999887197),
                (0.00141390583, -0.0109484411, 0.999939064),
                (-0.00066807389, -0.0106839725, 0.999942702),
                (-0.0144640758, -0.0159349711, 0.999768407),
                (-0.0190518971, -0.0170606432, 0.999672926),
                (-0.00490805289, -0.00963586568, 0.999941529),
                (0.00849345356, -0.00261732976, 0.999960505),
                (0.00612064973, -0.00286437771, 0.999977166),
                (0.00197248213, -0.00375625119, 0.999991),
                (0.0110464063, 0.00175957589, 0.999937438),
                (0.0201023806, 0.00757017655, 0.999769267),
                (0.0106436577, 0.00504784368, 0.999930614),
                (-0.00718752867, -0.00121197311, 0.999973435),
                (-0.0111184124, -0.00102867391, 0.999937659),
                (-0.00437942918, 0.00393978321, 0.999982649),
                (-0.00713498769, 0.00420981248, 0.999965684),
                (-0.0179580182, 0.000380248974, 0.999838669),
                (0.011314128, 0.00236026587, 0.999933208),
                (0.500392124, 0.00961890071, 0.865745459),
                (0.80270716, 0.00776273986, 0.596322861),
                (0.765954735, 0.00452293207, 0.642878594),
                (0.625282807, 0.0034516924, 0.780390606),
                (-0.628177525, -0.00309608422, 0.778063886),
                (-0.764961067, -0.000791721082, 0.644076035),
                (-0.798311588, 0.00186100776, 0.602241767),
                (-0.493315664, 0.00230764979, 0.869847303),
                (-0.0232391294, 0.00181401116, 0.999728289),
                (0.0114542092, 0.00709238369, 0.999909245),
                (0.0163282085, 0.0111390782, 0.999804636),
                (0.00295719208, 0.00684153383, 0.999972224),
                (-0.0141357941, 0.000787791295, 0.999899774),
                (-0.0144850791, 0.00231668879, 0.999892402),
                (-0.00590725859, 0.0076706184, 0.999953132),
                (-0.00814767894, 0.00761505093, 0.999937811),
                (-0.0161172011, 0.00451667459, 0.999859908),
                (-0.00943748185, 0.0079103768, 0.999924177),
                (0.00905432656, 0.0165991892, 0.999821227),
                (0.0158597845, 0.0198148767, 0.999677867),
                (0.00654413802, 0.0156107991, 0.999856728),
                (0.00156317855, 0.0135220254, 0.999907351),
                (0.00830678782, 0.0169535154, 0.999821772),
                (0.00817017778, 0.0171843743, 0.999818956),
                (-0.0080754018, 0.00980044989, 0.999919366),
                (-0.0210072804, 0.0036728513, 0.999772576),
                (-0.0149206058, 0.00599243289, 0.999870725),
                (-0.0040728458, 0.0100995467, 0.999940704),
                (-0.00600094749, 0.00789275531, 0.999950845),
                (-0.0103411123, 0.00428772327, 0.999937336),
                (0.000626968955, 0.00765735621, 0.999970485),
                (0.017330499, 0.0137132525, 0.99975577),
                (0.0174850111, 0.01224103, 0.99977219),
                (0.00427937788, 0.00478075192, 0.999979415),
                (-0.000246952113, 0.00154561717, 0.999998775),
                (0.00556367975, 0.00322693952, 0.999979316),
                (0.00185539521, 0.000492540828, 0.999998157),
                (-0.0142142922, -0.0080974269, 0.999866184),
                (-0.0206408932, -0.0124174852, 0.999709838),
                (-0.00832979373, -0.0082710108, 0.9999311),
                (0.00326468759, -0.00463169471, 0.999983944),
                (0.000599606836, -0.00766682175, 0.99997043),
                (-0.00141019846, -0.0103012275, 0.999945947),
                (0.0109777646, -0.00600437631, 0.999921715),
                (0.0228140282, -0.00159662619, 0.999738451),
                (0.0155178273, -0.00565765337, 0.999863585),
                (-0.000272847089, -0.0132749707, 0.999911846),
                (-0.00316407768, -0.0146157773, 0.999888178),
                (0.00231794299, -0.0119152297, 0.999926325),
                (-0.00340180127, -0.0143885042, 0.999890693),
                (-0.0169141879, -0.0205481934, 0.999645778),
                (-0.016094124, -0.0201656994, 0.999667106),
                (0.000555741188, -0.0125051455, 0.999921653),
                (0.0103749505, -0.00797362765, 0.999914387),
                (0.00544029336, -0.0101171725, 0.999934021),
                (0.00418009484, -0.0102553357, 0.999938676),
                (0.0154382538, -0.00419805038, 0.99987201),
                (0.0206538146, -0.000542355084, 0.99978654),
                (0.00685964517, -0.00536772968, 0.999962066),
                (-0.00899557814, -0.0109279128, 0.999899825),
                (-0.00855709404, -0.00886547673, 0.999924087),
                (-0.0025061184, -0.00428827677, 0.999987665),
                (-0.0086433398, -0.00556602171, 0.999947155),
                (-0.0179375787, -0.00855087437, 0.999802543),
                (0.0164261704, -0.00392578703, 0.999857374),
                (0.503290733, 0.00475588277, 0.864104056),
                (0.802431744, 0.00432142362, 0.596728265),
                (0.765215963, 0.00210512792, 0.643770222),
                (0.624613723, 0.00199565884, 0.780931312),
                (-0.627292952, -0.004475513, 0.778770519),
                (-0.764443007, -0.00244033915, 0.644686695),
                (-0.798269387, -0.00178572005, 0.60229793),
                (-0.493890358, -0.00549383129, 0.869506833),
                (-0.0210010491, -0.00604395187, 0.999761185),
                (0.0150853162, -0.000245356027, 0.99988618),
                (0.0156432728, 0.00177308002, 0.999876064),
                (-0.00111834471, -0.00404623461, 0.999991189),
                (-0.015073564, -0.00851940657, 0.999850092),
                (-0.0111670877, -0.00481854163, 0.999926036),
                (-0.00393328934, 0.000193243401, 0.999992246),
                (-0.00929225357, -0.000926000717, 0.999956397),
                (-0.0150969163, -0.00251859563, 0.999882863),
                (-0.00384900799, 0.00362198283, 0.999986033),
                (0.0136839126, 0.0126189124, 0.999826742),
                (0.0152266578, 0.0142581833, 0.999782403),
                (0.00459882647, 0.0103949168, 0.999935396),
                (0.00292764725, 0.0108468158, 0.999936886),
                (0.0098820483, 0.0154032039, 0.999832529),
                (0.00511707572, 0.0145076325, 0.999881665),
                (-0.0129018967, 0.00729548087, 0.999890152),
                (-0.021402682, 0.00418824598, 0.999762164),
                (-0.0118317611, 0.0090600395, 0.999888956),
                (-0.00347050934, 0.0129274197, 0.999910415),
                (-0.00808622236, 0.0103768825, 0.999913463),
                (-0.00958372425, 0.00898700136, 0.999913689),
                (0.00479544843, 0.0148213422, 0.999878658),
                (0.0186836378, 0.0204215138, 0.999616868),
                (0.0135725684, 0.0173039715, 0.99975815),
                (0.000472474408, 0.0106044167, 0.99994366),
                (-0.000411252727, 0.00965506826, 0.999953304),
                (0.00480199876, 0.0115174529, 0.999922142),
                (-0.00311310727, 0.00714267917, 0.999969645),
                (-0.0190051596, -0.00119961754, 0.999818666),
                (-0.0200886123, -0.00300541187, 0.999793686),
                (-0.00541608141, 0.00216301942, 0.999982994),
                (0.00277271995, 0.00405663286, 0.999987928),
                (-0.00184998135, -0.000126626974, 0.999998281),
                (-0.000477947363, -0.00149864441, 0.999998763),
                (0.0140849209, 0.00343065773, 0.999894917),
                (0.0218748706, 0.0055010444, 0.999745582),
                (0.0102097599, -0.00114161254, 0.999947227),
                (-0.00370087367, -0.00855034899, 0.999956597),
                (-0.0026903707, -0.00886011218, 0.999957129),
                (0.00159376822, -0.00760284659, 0.999969828),
                (-0.00750114004, -0.0126200495, 0.999892228),
                (-0.0190344683, -0.0189015156, 0.999640146),
                (-0.012688144, -0.0170230941, 0.999774587),
                (0.00474020444, -0.0100625775, 0.999938136),
                (0.0103820147, -0.00850093865, 0.99990997),
                (0.00431561626, -0.0121545644, 0.999916818),
                (0.00665410324, -0.0115570289, 0.999911075),
                (0.0187269572, -0.0060098159, 0.999806573),
                (0.0191782448, -0.00541904645, 0.999801395),
                (0.00242833386, -0.0124426145, 0.999919639),
                (-0.00995288374, -0.0171919761, 0.999802669),
                (-0.00586556169, -0.0142073513, 0.999881866),
                (-0.00176918458, -0.0112574343, 0.999935068),
                (-0.0105066218, -0.014384607, 0.999841334),
                (-0.0166591148, -0.0164490081, 0.999725914),
                (0.0224268774, -0.010034284, 0.999698129),
                (0.506115245, -0.00118885779, 0.86246504),
                (0.802356142, -4.33073297e-05, 0.596845558),
                (0.76497459, -0.000906079044, 0.644059823),
                (0.624748846, -9.00464249e-05, 0.780825762),
                (-0.626709448, -0.00438015527, 0.779240709),
                (-0.76436952, -0.00273241936, 0.64477265),
                (-0.798744601, -0.00367601082, 0.601658998),
                (-0.494894026, -0.00989139855, 0.868897038),
                (-0.0184375676, -0.0102780056, 0.999777185),
                (0.0176369412, -0.00521312567, 0.999830867),
                (0.0133234236, -0.00611219909, 0.999892558),
                (-0.00518485074, -0.0133499279, 0.999897443),
                (-0.0147447959, -0.0163394466, 0.999757777),
                (-0.00759309019, -0.0116253905, 0.999903593),
                (-0.00282813632, -0.0081635557, 0.999962678),
                (-0.0102923973, -0.010549565, 0.999891381),
                (-0.0125201915, -0.0106355065, 0.999865056),
                (0.00253768697, -0.00272956172, 0.999993055),
                (0.0174688106, 0.00521529702, 0.999833807),
                (0.0141029206, 0.00487650003, 0.999888657),
                (0.00384469919, 0.00160856521, 0.999991315),
                (0.0055263126, 0.00414071006, 0.999976157),
                (0.0112037047, 0.00870317268, 0.999899361),
                (0.00175691291, 0.00628579086, 0.999978701),
                (-0.0162372324, -0.00022241049, 0.999868143),
                (-0.019612338, -0.000214673332, 0.999807637),
                (-0.00800920215, 0.00638477233, 0.999947542),
                (-0.00303138369, 0.00952810848, 0.999950012),
                (-0.00911784404, 0.00721106251, 0.99993243),
                (-0.00682502098, 0.00856730302, 0.999940008),
                (0.00967563321, 0.0164331016, 0.999818151),
                (0.0192925032, 0.0211385771, 0.999590396),
                (0.00971597182, 0.01704521, 0.999807512),
                (-0.00177372298, 0.0121616807, 0.999924471),
                (0.000475461751, 0.0136766538, 0.999906357),
                (0.00357582996, 0.0154864969, 0.999873683),
                (-0.00820412963, 0.0101507901, 0.999914823),
                (-0.0222384806, 0.00340510492, 0.999746896),
                (-0.0179836897, 0.00472516498, 0.999827115),
                (-0.00274351337, 0.0107297823, 0.999938671),
                (0.0014534807, 0.0112801196, 0.999935321),
                (-0.00379457511, 0.00725772839, 0.999966463),
                (0.00140381598, 0.00804894529, 0.999966621),
                (0.0165127991, 0.0135400759, 0.999771971),
                (0.0191976702, 0.0134510326, 0.999725222),
                (0.00440362547, 0.00544551383, 0.999975477),
                (-0.00637841311, -0.00056714558, 0.999979497),
                (-0.00241482724, 0.000284759784, 0.999997044),
                (-0.000656814236, 1.06269593e-05, 0.999999784),
                (-0.01234353, -0.00670486934, 0.999901336),
                (-0.0203992883, -0.0119809404, 0.999720124),
                (-0.00910218886, -0.00849347121, 0.999922503),
                (0.00729911389, -0.00275301223, 0.999969571),
                (0.00872034733, -0.00393175044, 0.999954247),
                (0.00302292703, -0.00822300142, 0.999961621),
                (0.00904022065, -0.00675525306, 0.999936318),
                (0.0202911645, -0.00246270516, 0.99979108),
                (0.0155678401, -0.0051941677, 0.999865322),
                (-0.00245420633, -0.013780129, 0.999902038),
                (-0.0103907916, -0.0174913303, 0.999793021),
                (-0.00386091758, -0.0144349095, 0.999888357),
                (-0.00264657358, -0.0138960143, 0.999899943),
                (-0.0127501093, -0.0187106358, 0.999743641),
                (-0.0144962109, -0.0197317166, 0.999700215),
                (0.0283394647, -0.0124985612, 0.999520215),
                (0.508349552, -0.00509054498, 0.861135773),
                (0.802429709, -0.00344310683, 0.596736715),
                (0.765204656, -0.00322403749, 0.64377903),
                (0.625585585, -0.00179600812, 0.780153478),
                (-0.626261748, -0.0026625413, 0.779608321),
                (-0.764548149, -0.00134476201, 0.644565217),
                (-0.799497073, -0.00300877863, 0.600662448),
                (-0.496041409, -0.00910171869, 0.868251161),
                (-0.0161229364, -0.0087253562, 0.999831945),
                (0.0183801557, -0.00536127022, 0.999816697),
                (0.00920771951, -0.00948593899, 0.999912614),
                (-0.00920900538, -0.0176705466, 0.999801453),
                (-0.0137076535, -0.0193116001, 0.999719542),
                (-0.00469724083, -0.0147221149, 0.999880591),
                (-0.00308204726, -0.0136643936, 0.999901888),
                (-0.0112465105, -0.0172406166, 0.999788116),
                (-0.00891059255, -0.0159701276, 0.999832764),
                (0.00869034914, -0.0075197668, 0.999933963),
                (0.0196993499, -0.00189550117, 0.999804152),
                (0.0123752618, -0.00444442758, 0.999913546),
                (0.0040166207, -0.00708828972, 0.999966811),
                (0.0085400674, -0.0033968984, 0.999957763),
                (0.0115797378, -0.000136205283, 0.999932943),
                (-0.00194324843, -0.00445159315, 0.999988203),
                (-0.0180415512, -0.0100119913, 0.999787109),
                (-0.0161785659, -0.00742315433, 0.999841563),
                (-0.00412598033, -0.000366344381, 0.999991421),
                (-0.00281708085, 0.0014423918, 0.999994992),
                (-0.00884655356, -0.000349101962, 0.999960808),
                (-0.0022878152, 0.00362027322, 0.99999083),
                (0.014743741, 0.0124919755, 0.999813269),
                (0.0191693417, 0.0156539158, 0.999693699),
                (0.00646837056, 0.0110480323, 0.999918047),
                (-0.00219356374, 0.00845632436, 0.999961839),
                (0.00221935149, 0.0119686731, 0.99992591),
                (0.00201286546, 0.0132291016, 0.999910466),
                (-0.0126692098, 0.00751169753, 0.999891527),
                (-0.0232939258, 0.00329515093, 0.999723229),
                (-0.0142971257, 0.00775225656, 0.999867739),
                (-0.000231176804, 0.0141448372, 0.99989993),
                (2.59893038e-05, 0.0138045275, 0.999904713),
                (-0.00440593014, 0.0110988784, 0.999928699),
                (0.00449318997, 0.0145313582, 0.999884319),
                (0.0183553359, 0.0203290075, 0.999624836),
                (0.0154707168, 0.0184756261, 0.999709612),
                (-0.000881122735, 0.0104688062, 0.999944812),
                (-0.00778293524, 0.00685217888, 0.999946235),
                (-0.00223335833, 0.00889572426, 0.999957938),
                (-0.00393544667, 0.00732915558, 0.999965397),
                (-0.0169876143, 0.000158929689, 0.999855687),
                (-0.0204517559, -0.00292329872, 0.999786567),
                (-0.00538893073, 0.00228153492, 0.999982877),
                (0.00834877149, 0.00667522443, 0.999942868),
                (0.00605579305, 0.00359175021, 0.999975213),
                (0.00208235044, -0.000152381105, 0.99999782),
                (0.0112102593, 0.00242358427, 0.999934226),
                (0.0199609633, 0.00512185215, 0.999787641),
                (0.0102286479, -0.000480037385, 0.999947571),
                (-0.00730045123, -0.0095053881, 0.999928173),
                (-0.0104716909, -0.0117959579, 0.999875592),
                (-0.00302041312, -0.0092079449, 0.999953044),
                (-0.00515357558, -0.0112004934, 0.999923992),
                (-0.0151240638, -0.0169816808, 0.999741409),
                (-0.0117483675, -0.0166714813, 0.999791997),
                (0.0333502834, -0.00942958625, 0.99939924),
                (0.509515188, -0.00490431292, 0.860447686),
                (0.80249996, -0.0044771964, 0.596635373),
                (0.765700611, -0.00384308444, 0.643185669),
                (0.626778753, -0.00227073383, 0.779193967),
                (-0.625719114, 0.000120306769, 0.780048444),
                (-0.764709429, 0.00123828742, 0.644374081),
                (-0.800189659, -0.000192997976, 0.599747007),
                (-0.496840819, -0.00358170739, 0.8678343),
                (-0.0143897407, -0.0017408178, 0.999894947),
                (0.0170363241, -0.000554191074, 0.999854718),
                (0.00358595726, -0.00749596234, 0.999965475),
                (-0.0129585263, -0.0157407995, 0.99979213),
                (-0.0124121842, -0.0160537048, 0.999794087),
                (-0.00312333809, -0.0124036082, 0.999918194),
                (-0.00482137744, -0.013976911, 0.999890694),
                (-0.0121155251, -0.0182334566, 0.999760349),
                (-0.00482942997, -0.0157114444, 0.999864904),
                (0.0136710149, -0.00782708881, 0.999875912),
                (0.0199002059, -0.00533613521, 0.999787731),
                (0.00999605213, -0.009930549, 0.999900727),
                (0.00467314537, -0.0119551737, 0.999917614),
                (0.0110247631, -0.00815803917, 0.999905946),
                (0.0103697938, -0.00731471713, 0.999919478),
                (-0.0060559122, -0.0136375306, 0.999888666),
                (-0.0185845282, -0.018147229, 0.99966259),
                (-0.0119825952, -0.0138934631, 0.99983168),
                (-0.000995909031, -0.0077637943, 0.999969365),
                (-0.00301779896, -0.00780466854, 0.999964989),
                (-0.00739521008, -0.00898636469, 0.999932276),
                (0.003333828, -0.00308391254, 0.999989687),
                (0.0191960897, 0.00539626271, 0.999801175),
                (0.018153751, 0.00630601417, 0.999815321),
                (0.00402089145, 0.00142968643, 0.999990894),
                (-0.00104563342, 0.000987800559, 0.999998965),
                (0.00425140672, 0.00545708674, 0.999976073),
                (5.07062722e-05, 0.00546245979, 0.999985079),
                (-0.0160608381, -0.000271242808, 0.99987098),
                (-0.0220482689, -0.001631076, 0.999755577),
                (-0.00940363, 0.00528951619, 0.999941795),
                (0.00204382695, 0.01131617, 0.999933881),
                (-0.000956254552, 0.0103970976, 0.999945491),
                (-0.00321931347, 0.0097071243, 0.999947703),
                (0.00870901567, 0.0156129348, 0.999840182),
                (0.0196312642, 0.0211451454, 0.999583661),
                (0.0113952714, 0.0179049789, 0.999774754),
                (-0.00479415075, 0.0110308358, 0.999927666),
                (-0.00762240477, 0.0102974513, 0.999917927),
                (-0.00203744767, 0.0132682616, 0.999909897),
                (-0.00756734093, 0.0107494079, 0.999913589),
                (-0.0204507729, 0.00439870976, 0.999781185),
                (-0.0187225184, 0.00439859826, 0.999815043),
                (-0.00150946267, 0.0112147257, 0.999935974),
                (0.00833462123, 0.0143620682, 0.999862123),
                (0.00331952961, 0.0105224006, 0.999939128),
                (0.002098986, 0.00849430619, 0.99996172),
                (0.0132114756, 0.0123394558, 0.999836584),
                (0.0179939237, 0.0134303015, 0.999747891),
                (0.00399812226, 0.00594973501, 0.999974308),
                (-0.0114058399, -0.00214362029, 0.999932654),
                (-0.0101569057, -0.00259206442, 0.999945058),
                (-0.00338982177, -0.000674479272, 0.999994027),
                (-0.00879864697, -0.00466506892, 0.999950409),
                (-0.0170796742, -0.0102389775, 0.999801704),
                (-0.00852718073, -0.00817238416, 0.999930247),
                (0.0370091868, -0.00143074217, 0.999313901),
                (0.509330599, -0.00057293022, 0.860570748),
                (0.802384962, -0.00282982541, 0.596800105),
                (0.7661724, -0.00248382653, 0.642630286),
                (0.627877314, -0.00121834575, 0.778311373),
                (-0.624933614, 0.00293792684, 0.780672368),
                (-0.764643715, 0.00393964412, 0.644441206),
                (-0.8005295, 0.00337856901, 0.599283827),
                (-0.496791898, 0.00421207242, 0.867859475),
                (-0.0132978451, 0.00790530329, 0.99988033),
                (0.0138294261, 0.00693505448, 0.999880319),
                (-0.00280676321, -0.0017924973, 0.999994455),
                (-0.0159798371, -0.00893032854, 0.999832433),
                (-0.0110689413, -0.0078101924, 0.999908236),
                (-0.00305356812, -0.00545577652, 0.999980455),
                (-0.0076959272, -0.00918562267, 0.999928196),
                (-0.0126192974, -0.0131876101, 0.999833406),
                (-0.000677810203, -0.00937919773, 0.999955785),
                (0.0168962131, -0.00281190852, 0.999853295),
                (0.0180362865, -0.00358127836, 0.999830919),
                (0.00714020741, -0.00954739348, 0.99992893),
                (0.00541860438, -0.0108358889, 0.999926608),
                (0.0122101127, -0.00780148917, 0.999895019),
                (0.00724503138, -0.00995938762, 0.999924157),
                (-0.0105140179, -0.0179258907, 0.999784036),
                (-0.0182413337, -0.0212398581, 0.999607984),
                (-0.00796175009, -0.0162901694, 0.999835607),
                (0.000691871535, -0.0121964451, 0.999925381),
                (-0.00378404429, -0.0142412605, 0.999891428),
                (-0.00511191441, -0.0147615329, 0.999877975),
                (0.00908965642, -0.00787699043, 0.999927663),
                (0.0221695129, -0.00119066799, 0.999753517),
                (0.0160346345, -0.00303441708, 0.999866833),
                (0.00226113464, -0.00803520222, 0.999965161),
                (0.00099214017, -0.00692282604, 0.999975545),
                (0.00575896668, -0.00283506401, 0.999979398),
                (-0.00251822149, -0.00478576326, 0.999985377),
                (-0.0182779991, -0.0103393979, 0.999779481),
                (-0.0188973234, -0.00909515269, 0.99978006),
                (-0.00405665742, -0.000928739162, 0.99999134),
                (0.00380910401, 0.00379708667, 0.999985536),
                (-0.00124696711, 0.00242573111, 0.99999628),
                (-0.000278930614, 0.00387369917, 0.999992458),
                (0.0135457517, 0.0114188303, 0.999843049),
                (0.0201698471, 0.0158109374, 0.999671542),
                (0.00746764805, 0.0114121925, 0.999906994),
                (-0.00690103101, 0.00632779658, 0.999956166),
                (-0.00601289567, 0.00827340314, 0.999947697),
                (-0.00187575543, 0.0115212793, 0.999931869),
                (-0.0109506485, 0.00829802862, 0.999905609),
                (-0.0220082338, 0.00373319153, 0.999750819),
                (-0.0150626813, 0.00710137491, 0.999861333),
                (0.00249282704, 0.0150359867, 0.999883846),
                (0.00780017839, 0.017053077, 0.999824159),
                (0.00141303684, 0.0135551076, 0.999907127),
                (0.00352038637, 0.0140302894, 0.999895373),
                (0.0151133879, 0.01900782, 0.999705101),
                (0.0149051482, 0.018613411, 0.999715648),
                (-0.00209263703, 0.0104618249, 0.999943084),
                (-0.0140563338, 0.00455542767, 0.999890828),
                (-0.00931019418, 0.00618405493, 0.999937537),
                (-0.00466021554, 0.00744063874, 0.999961459),
                (-0.0127201295, 0.00242236956, 0.999916162),
                (-0.0178996781, -0.0016100415, 0.999838492),
                (-0.00478249849, 0.00259623666, 0.999985194),
                (0.0392768222, 0.00860091271, 0.999191351),
                (0.507841427, 0.00596404619, 0.861429925),
                (0.801969363, 0.000626031491, 0.597364837),
                (0.766373526, 0.000289261482, 0.642395155),
                (0.628496688, 0.000957935899, 0.777811671),
                (-0.623942788, 0.00472593093, 0.781455733),
                (-0.764301033, 0.00557065616, 0.644835559),
                (-0.800390174, 0.00598437591, 0.599449545),
                (-0.495640175, 0.0109262565, 0.86845923),
                (-0.0127412792, 0.0162030385, 0.999787538),
                (0.00936571859, 0.0134282463, 0.999865974),
                (-0.00896501337, 0.00427719411, 0.999950666),
                (-0.0177190587, -0.000599189838, 0.999842826),
                (-0.00966475968, 0.00204836933, 0.999951197),
                (-0.0042114709, 0.00315460441, 0.999986156),
                (-0.010938855, -0.00170874502, 0.999938709),
                (-0.0122703186, -0.00429494651, 0.999915493),
                (0.00337860508, 0.000914740862, 0.999993874),
                (0.0182554252, 0.00584529771, 0.999816269),
                (0.0145747866, 0.00238502441, 0.999890938),
                (0.00425834595, -0.00384586329, 0.999983538),
                (0.00605428654, -0.00413200506, 0.999973136),
                (0.0117183169, -0.0023572381, 0.99992856),
                (0.00235962733, -0.00739888323, 0.999969844),
                (-0.0149819284, -0.0161156147, 0.999757885),
                (-0.0172906138, -0.017938067, 0.999689582),
                (-0.00482483575, -0.0130414962, 0.999903315),
                (0.00062562433, -0.0115143811, 0.999933512),
                (-0.00504697739, -0.0151759388, 0.999872101),
                (-0.00236046242, -0.0148523231, 0.999886912),
                (0.0140679308, -0.00789619119, 0.999869863),
                (0.023024276, -0.00402838195, 0.99972679),
                (0.0127415, -0.00865262099, 0.999881386),
                (0.000945251435, -0.0135502413, 0.999907744),
                (0.00306768595, -0.0116475473, 0.999927459),
                (0.00594167185, -0.00919035555, 0.999940115),
                (-0.00588642467, -0.0134994937, 0.999891551),
                (-0.0194661213, -0.018690078, 0.999635809),
                (-0.0146046193, -0.0154671011, 0.999773711),
                (0.000795332358, -0.00749091188, 0.999971626),
                (0.00469729073, -0.00491390289, 0.999976894),
                (-0.00089570525, -0.00669164383, 0.99997721),
                (0.00389551835, -0.00347365036, 0.999986379),
                (0.0181538146, 0.00441181051, 0.999825472),
                (0.0196293917, 0.00667485851, 0.999785044),
                (0.00389264548, 0.00122191641, 0.999991677),
                (-0.00727760599, -0.00194779678, 0.999971621),
                (-0.0035144981, 0.00182342789, 0.999992162),
                (-0.00201785133, 0.00439363377, 0.999988312),
                (-0.0137270492, 0.000556444509, 0.999905625),
                (-0.0213967234, -0.00175380452, 0.999769526),
                (-0.00978412873, 0.00454680506, 0.999941797),
                (0.00636330107, 0.0126872494, 0.999899266),
                (0.00716314988, 0.0135643745, 0.999882342),
                (0.000927403518, 0.0111643189, 0.999937247),
                (0.00641487553, 0.0142876082, 0.999877349),
                (0.016836266, 0.0198204724, 0.999661787),
                (0.0112319886, 0.0180071958, 0.999774766),
                (-0.00712503605, 0.0102626141, 0.999921953),
                (-0.0147885236, 0.00732349193, 0.999863824),
                (-0.00787468781, 0.010854578, 0.99991008),
                (-0.00636497416, 0.0114764968, 0.999913885),
                (-0.0159563362, 0.0065055228, 0.999851526),
                (-0.0169430062, 0.00512477169, 0.999843323),
                (-0.000445054521, 0.0115605521, 0.999933076),
                (0.0404187058, 0.0167119523, 0.999043062),
                (0.505470222, 0.0116483967, 0.86276542),
                (0.801288542, 0.00424371456, 0.598263039),
                (0.766209084, 0.00331716909, 0.642582785),
                (0.628456537, 0.00332434823, 0.777837599),
                (-0.622972677, 0.00484254071, 0.782228607),
                (-0.763803545, 0.00536480916, 0.645426497),
                (-0.799845215, 0.00635745285, 0.600172654),
                (-0.493521326, 0.0137799824, 0.869624524),
                (-0.0126245447, 0.0196408049, 0.999727393),
                (0.00439447712, 0.0155029598, 0.999870165),
                (-0.0139024284, 0.00724082213, 0.999877139),
                (-0.0177425749, 0.00541542882, 0.999827922),
                (-0.00809992565, 0.00946994411, 0.999922353),
                (-0.00602532307, 0.00958725333, 0.999935888),
                (-0.0135880663, 0.00483829909, 0.999895972),
                (-0.0105454021, 0.00471908584, 0.99993326),
                (0.00734367318, 0.0113430643, 0.999908699),
                (0.0180570217, 0.0146468961, 0.99972967),
                (0.0103715885, 0.00955200298, 0.99990059),
                (0.00198535523, 0.00433399579, 0.999988637),
                (0.00659620058, 0.0053417526, 0.999963977),
                (0.00962656412, 0.00573637489, 0.99993721),
                (-0.00364037564, -0.00142812736, 0.999992354),
                (-0.0188529082, -0.00961411281, 0.999776043),
                (-0.0158120389, -0.00953777357, 0.999829491),
                (-0.00287800165, -0.00510595463, 0.999982823),
                (-0.000996964634, -0.00599012725, 0.999981562),
                (-0.00642505182, -0.0103393252, 0.999925906),
                (0.000646521295, -0.0088093098, 0.999960988),
                (0.0176498289, -0.00243411901, 0.999841267),
                (0.0215715805, -0.00177539271, 0.99976573),
                (0.00850413253, -0.008595085, 0.999926899),
                (-0.000107654382, -0.0129596942, 0.999916014),
                (0.00444112786, -0.0109224359, 0.999930486),
                (0.00429339054, -0.010900025, 0.999931376),
                (-0.0100355666, -0.0174261178, 0.999797788),
                (-0.0198313732, -0.021916147, 0.999563104),
                (-0.0100355666, -0.0174261178, 0.999797788),
                (0.00429339054, -0.010900025, 0.999931376),
                (0.00444112786, -0.0109224359, 0.999930486),
                (-0.000107654382, -0.0129596942, 0.999916014),
                (0.00850413253, -0.008595085, 0.999926899),
                (0.0215715805, -0.00177539271, 0.99976573),
                (0.0176498289, -0.00243411901, 0.999841267),
                (0.000646521295, -0.0088093098, 0.999960988),
                (-0.00642505182, -0.0103393252, 0.999925906),
                (-0.000996964634, -0.00599012725, 0.999981562),
                (-0.00287800165, -0.00510595463, 0.999982823),
                (-0.0158120389, -0.00953777357, 0.999829491),
                (-0.0188529082, -0.00961411281, 0.999776043),
                (-0.00364037564, -0.00142812736, 0.999992354),
                (0.00962656412, 0.00573637489, 0.99993721),
                (0.00659620058, 0.0053417526, 0.999963977),
                (0.00198535523, 0.00433399579, 0.999988637),
                (0.0103715885, 0.00955200298, 0.99990059),
                (0.0180570217, 0.0146468961, 0.99972967),
                (0.00734367318, 0.0113430643, 0.999908699),
                (-0.0105454021, 0.00471908584, 0.99993326),
                (-0.0135880663, 0.00483829909, 0.999895972),
                (-0.00602532307, 0.00958725333, 0.999935888),
                (-0.00809992565, 0.00946994411, 0.999922353),
                (-0.0177425749, 0.00541542882, 0.999827922),
                (-0.0139024284, 0.00724082213, 0.999877139),
                (0.00439447712, 0.0155029598, 0.999870165),
                (0.0408012132, 0.0196260137, 0.998974514),
                (0.502907005, 0.0136945335, 0.864232031),
                (0.800540606, 0.00634762539, 0.599244897),
                (0.765770393, 0.00534540351, 0.643091853),
                (0.627827627, 0.004818452, 0.778337493),
                (-0.62234075, 0.00334529725, 0.782739292),
                (-0.763372555, 0.00333455075, 0.645949861),
                (-0.799107963, 0.00426435194, 0.60117242),
                (-0.490922468, 0.0117612461, 0.871123874),
                (-0.0130107415, 0.0167242043, 0.999775486),
                (-0.000445054521, 0.0115605521, 0.999933076),
                (-0.0169430062, 0.00512477169, 0.999843323),
                (-0.0159563362, 0.0065055228, 0.999851526),
                (-0.00636497416, 0.0114764968, 0.999913885),
                (-0.00787468781, 0.010854578, 0.99991008),
                (-0.0147885236, 0.00732349193, 0.999863824),
                (-0.00712503605, 0.0102626141, 0.999921953),
                (0.0112319886, 0.0180071958, 0.999774766),
                (0.016836266, 0.0198204724, 0.999661787),
                (0.00641487553, 0.0142876082, 0.999877349),
                (0.000927403518, 0.0111643189, 0.999937247),
                (0.00716314988, 0.0135643745, 0.999882342),
                (0.00636330107, 0.0126872494, 0.999899266),
                (-0.00978412873, 0.00454680506, 0.999941797),
                (-0.0213967234, -0.00175380452, 0.999769526),
                (-0.0137270492, 0.000556444509, 0.999905625),
                (-0.00201785133, 0.00439363377, 0.999988312),
                (-0.0035144981, 0.00182342789, 0.999992162),
                (-0.00727760599, -0.00194779678, 0.999971621),
                (0.00389264548, 0.00122191641, 0.999991677),
                (0.0196293917, 0.00667485851, 0.999785044),
                (0.0181538146, 0.00441181051, 0.999825472),
                (0.00389551835, -0.00347365036, 0.999986379),
                (-0.00089570525, -0.00669164383, 0.99997721),
                (0.00469729073, -0.00491390289, 0.999976894),
                (0.000795332358, -0.00749091188, 0.999971626),
                (-0.0146046193, -0.0154671011, 0.999773711),
                (-0.0194661213, -0.018690078, 0.999635809),
                (-0.00588642467, -0.0134994937, 0.999891551),
                (0.00594167185, -0.00919035555, 0.999940115),
                (0.00306768595, -0.0116475473, 0.999927459),
                (0.000945251435, -0.0135502413, 0.999907744),
                (0.0127415, -0.00865262099, 0.999881386),
                (0.023024276, -0.00402838195, 0.99972679),
                (0.0140679308, -0.00789619119, 0.999869863),
                (-0.00236046242, -0.0148523231, 0.999886912),
                (-0.00504697739, -0.0151759388, 0.999872101),
                (0.00062562433, -0.0115143811, 0.999933512),
                (-0.00482483575, -0.0130414962, 0.999903315),
                (-0.0172906138, -0.017938067, 0.999689582),
                (-0.0149819284, -0.0161156147, 0.999757885),
                (0.00235962733, -0.00739888323, 0.999969844),
                (0.0117183169, -0.0023572381, 0.99992856),
                (0.00605428654, -0.00413200506, 0.999973136),
                (0.00425834595, -0.00384586329, 0.999983538),
                (0.0145747866, 0.00238502441, 0.999890938),
                (0.0182554252, 0.00584529771, 0.999816269),
                (0.00337860508, 0.000914740862, 0.999993874),
                (-0.0122703186, -0.00429494651, 0.999915493),
                (-0.010938855, -0.00170874502, 0.999938709),
                (-0.0042114709, 0.00315460441, 0.999986156),
                (-0.00966475968, 0.00204836933, 0.999951197),
                (-0.0177190587, -0.000599189838, 0.999842826),
                (-0.00896501337, 0.00427719411, 0.999950666),
                (0.00936571859, 0.0134282463, 0.999865974),
                (0.0406880284, 0.0161909351, 0.999040709),
                (0.500853187, 0.0108885699, 0.865463762),
                (0.799999809, 0.00598957525, 0.599970358),
                (0.765275181, 0.00556066694, 0.64367925),
                (0.626869741, 0.00471174384, 0.77910983),
                (-0.622306268, 0.000964046486, 0.782773262),
                (-0.76321383, 0.000290950404, 0.646145932),
                (-0.798428319, 0.000630982932, 0.602089546),
                (-0.488521233, 0.00604090432, 0.872531095),
                (-0.0141605307, 0.00860669153, 0.999862693),
                (-0.00478249849, 0.00259623666, 0.999985194),
                (-0.0178996781, -0.0016100415, 0.999838492),
                (-0.0127201295, 0.00242236956, 0.999916162),
                (-0.00466021554, 0.00744063874, 0.999961459),
                (-0.00931019418, 0.00618405493, 0.999937537),
                (-0.0140563338, 0.00455542767, 0.999890828),
                (-0.00209263703, 0.0104618249, 0.999943084),
                (0.0149051482, 0.018613411, 0.999715648),
                (0.0151133879, 0.01900782, 0.999705101),
                (0.00352038637, 0.0140302894, 0.999895373),
                (0.00141303684, 0.0135551076, 0.999907127),
                (0.00780017839, 0.017053077, 0.999824159),
                (0.00249282704, 0.0150359867, 0.999883846),
                (-0.0150626813, 0.00710137491, 0.999861333),
                (-0.0220082338, 0.00373319153, 0.999750819),
                (-0.0109506485, 0.00829802862, 0.999905609),
                (-0.00187575543, 0.0115212793, 0.999931869),
                (-0.00601289567, 0.00827340314, 0.999947697),
                (-0.00690103101, 0.00632779658, 0.999956166),
                (0.00746764805, 0.0114121925, 0.999906994),
                (0.0201698471, 0.0158109374, 0.999671542),
                (0.0135457517, 0.0114188303, 0.999843049),
                (-0.000278930614, 0.00387369917, 0.999992458),
                (-0.00124696711, 0.00242573111, 0.99999628),
                (0.00380910401, 0.00379708667, 0.999985536),
                (-0.00405665742, -0.000928739162, 0.99999134),
                (-0.0188973234, -0.00909515269, 0.99978006),
                (-0.0182779991, -0.0103393979, 0.999779481),
                (-0.00251822149, -0.00478576326, 0.999985377),
                (0.00575896668, -0.00283506401, 0.999979398),
                (0.00099214017, -0.00692282604, 0.999975545),
                (0.00226113464, -0.00803520222, 0.999965161),
                (0.0160346345, -0.00303441708, 0.999866833),
                (0.0221695129, -0.00119066799, 0.999753517),
                (0.00908965642, -0.00787699043, 0.999927663),
                (-0.00511191441, -0.0147615329, 0.999877975),
                (-0.00378404429, -0.0142412605, 0.999891428),
                (0.000691871535, -0.0121964451, 0.999925381),
                (-0.00796175009, -0.0162901694, 0.999835607),
                (-0.0182413337, -0.0212398581, 0.999607984),
                (-0.0105140179, -0.0179258907, 0.999784036),
                (0.00724503138, -0.00995938762, 0.999924157),
                (0.0122101127, -0.00780148917, 0.999895019),
                (0.00541860438, -0.0108358889, 0.999926608),
                (0.00714020741, -0.00954739348, 0.99992893),
                (0.0180362865, -0.00358127836, 0.999830919),
                (0.0168962131, -0.00281190852, 0.999853295),
                (-0.000677810203, -0.00937919773, 0.999955785),
                (-0.0126192974, -0.0131876101, 0.999833406),
                (-0.0076959272, -0.00918562267, 0.999928196),
                (-0.00305356812, -0.00545577652, 0.999980455),
                (-0.0110689413, -0.0078101924, 0.999908236),
                (-0.0159798371, -0.00893032854, 0.999832433),
                (-0.00280676321, -0.0017924973, 0.999994455),
                (0.0138294261, 0.00693505448, 0.999880319),
                (0.0401380207, 0.00789963125, 0.999162917),
                (0.499761052, 0.00420379077, 0.866153115),
                (0.799879568, 0.00338345788, 0.600151005),
                (0.764945512, 0.00393745406, 0.64408296),
                (0.625893339, 0.002935032, 0.779903144),
                (-0.622935998, -0.00122454536, 0.782271847),
                (-0.763413557, -0.00249648432, 0.645905185),
                (-0.797995337, -0.00285759611, 0.602656847),
                (-0.486987244, -0.00058147729, 0.873408888),
                (-0.0164342515, -0.00143152965, 0.999863924),
                (-0.00852718073, -0.00817238416, 0.999930247),
                (-0.0170796742, -0.0102389775, 0.999801704),
                (-0.00879864697, -0.00466506892, 0.999950409),
                (-0.00338982177, -0.000674479272, 0.999994027),
                (-0.0101569057, -0.00259206442, 0.999945058),
                (-0.0114058399, -0.00214362029, 0.999932654),
                (0.00399812226, 0.00594973501, 0.999974308),
                (0.0179939237, 0.0134303015, 0.999747891),
                (0.0132114756, 0.0123394558, 0.999836584),
                (0.002098986, 0.00849430619, 0.99996172),
                (0.00331952961, 0.0105224006, 0.999939128),
                (0.00833462123, 0.0143620682, 0.999862123),
                (-0.00150946267, 0.0112147257, 0.999935974),
                (-0.0187225184, 0.00439859826, 0.999815043),
                (-0.0204507729, 0.00439870976, 0.999781185),
                (-0.00756734093, 0.0107494079, 0.999913589),
                (-0.00203744767, 0.0132682616, 0.999909897),
                (-0.00762240477, 0.0102974513, 0.999917927),
                (-0.00479415075, 0.0110308358, 0.999927666),
                (0.0113952714, 0.0179049789, 0.999774754),
                (0.0196312642, 0.0211451454, 0.999583661),
                (0.00870901567, 0.0156129348, 0.999840182),
                (-0.00321931347, 0.0097071243, 0.999947703),
                (-0.000956254552, 0.0103970976, 0.999945491),
                (0.00204382695, 0.01131617, 0.999933881),
                (-0.00940363, 0.00528951619, 0.999941795),
                (-0.0220482689, -0.001631076, 0.999755577),
                (-0.0160608381, -0.000271242808, 0.99987098),
                (5.07062722e-05, 0.00546245979, 0.999985079),
                (0.00425140672, 0.00545708674, 0.999976073),
                (-0.00104563342, 0.000987800559, 0.999998965),
                (0.00402089145, 0.00142968643, 0.999990894),
                (0.018153751, 0.00630601417, 0.999815321),
                (0.0191960897, 0.00539626271, 0.999801175),
                (0.003333828, -0.00308391254, 0.999989687),
                (-0.00739521008, -0.00898636469, 0.999932276),
                (-0.00301779896, -0.00780466854, 0.999964989),
                (-0.000995909031, -0.0077637943, 0.999969365),
                (-0.0119825952, -0.0138934631, 0.99983168),
                (-0.0185845282, -0.018147229, 0.99966259),
                (-0.0060559122, -0.0136375306, 0.999888666),
                (0.0103697938, -0.00731471713, 0.999919478),
                (0.0110247631, -0.00815803917, 0.999905946),
                (0.00467314537, -0.0119551737, 0.999917614),
                (0.00999605213, -0.009930549, 0.999900727),
                (0.0199002059, -0.00533613521, 0.999787731),
                (0.0136710149, -0.00782708881, 0.999875912),
                (-0.00482942997, -0.0157114444, 0.999864904),
                (-0.0121155251, -0.0182334566, 0.999760349),
                (-0.00482137744, -0.013976911, 0.999890694),
                (-0.00312333809, -0.0124036082, 0.999918194),
                (-0.0124121842, -0.0160537048, 0.999794087),
                (-0.0129585263, -0.0157407995, 0.99979213),
                (0.00358595726, -0.00749596234, 0.999965475),
                (0.0170363241, -0.000554191074, 0.999854718),
                (0.0390499648, -0.00173967013, 0.999235745),
                (0.499714849, -0.00357489051, 0.866182596),
                (0.800229229, -0.000192980986, 0.599694208),
                (0.76489057, 0.0012378742, 0.644159051),
                (0.62511365, 0.000120381616, 0.780533734),
                (-0.624045313, -0.00227711848, 0.781384836),
                (-0.763884715, -0.00385596395, 0.645341207),
                (-0.79786694, -0.00452358098, 0.602816625),
                (-0.486781922, -0.00497876074, 0.873509343),
                (-0.0200957997, -0.00943292934, 0.999753559),
                (-0.0117483675, -0.0166714813, 0.999791997),
                (-0.0151240638, -0.0169816808, 0.999741409),
                (-0.00515357558, -0.0112004934, 0.999923992),
                (-0.00302041312, -0.0092079449, 0.999953044),
                (-0.0104716909, -0.0117959579, 0.999875592),
                (-0.00730045123, -0.0095053881, 0.999928173),
                (0.0102286479, -0.000480037385, 0.999947571),
                (0.0199609633, 0.00512185215, 0.999787641),
                (0.0112102593, 0.00242358427, 0.999934226),
                (0.00208235044, -0.000152381105, 0.99999782),
                (0.00605579305, 0.00359175021, 0.999975213),
                (0.00834877149, 0.00667522443, 0.999942868),
                (-0.00538893073, 0.00228153492, 0.999982877),
                (-0.0204517559, -0.00292329872, 0.999786567),
                (-0.0169876143, 0.000158929689, 0.999855687),
                (-0.00393544667, 0.00732915558, 0.999965397),
                (-0.00223335833, 0.00889572426, 0.999957938),
                (-0.00778293524, 0.00685217888, 0.999946235),
                (-0.000881122735, 0.0104688062, 0.999944812),
                (0.0154707168, 0.0184756261, 0.999709612),
                (0.0183553359, 0.0203290075, 0.999624836),
                (0.00449318997, 0.0145313582, 0.999884319),
                (-0.00440593014, 0.0110988784, 0.999928699),
                (2.59893038e-05, 0.0138045275, 0.999904713),
                (-0.000231176804, 0.0141448372, 0.99989993),
                (-0.0142971257, 0.00775225656, 0.999867739),
                (-0.0232939258, 0.00329515093, 0.999723229),
                (-0.0126692098, 0.00751169753, 0.999891527),
                (0.00201286546, 0.0132291016, 0.999910466),
                (0.00221935149, 0.0119686731, 0.99992591),
                (-0.00219356374, 0.00845632436, 0.999961839),
                (0.00646837056, 0.0110480323, 0.999918047),
                (0.0191693417, 0.0156539158, 0.999693699),
                (0.014743741, 0.0124919755, 0.999813269),
                (-0.0022878152, 0.00362027322, 0.99999083),
                (-0.00884655356, -0.000349101962, 0.999960808),
                (-0.00281708085, 0.0014423918, 0.999994992),
                (-0.00412598033, -0.000366344381, 0.999991421),
                (-0.0161785659, -0.00742315433, 0.999841563),
                (-0.0180415512, -0.0100119913, 0.999787109),
                (-0.00194324843, -0.00445159315, 0.999988203),
                (0.0115797378, -0.000136205283, 0.999932943),
                (0.0085400674, -0.0033968984, 0.999957763),
                (0.0040166207, -0.00708828972, 0.999966811),
                (0.0123752618, -0.00444442758, 0.999913546),
                (0.0196993499, -0.00189550117, 0.999804152),
                (0.00869034914, -0.0075197668, 0.999933963),
                (-0.00891059255, -0.0159701276, 0.999832764),
                (-0.0112465105, -0.0172406166, 0.999788116),
                (-0.00308204726, -0.0136643936, 0.999901888),
                (-0.00469724083, -0.0147221149, 0.999880591),
                (-0.0137076535, -0.0193116001, 0.999719542),
                (-0.00920900538, -0.0176705466, 0.999801453),
                (0.00920771951, -0.00948593899, 0.999912614),
                (0.0183801557, -0.00536127022, 0.999816697),
                (0.0373180036, -0.00872041198, 0.999265391),
                (0.500473821, -0.00907501836, 0.865704106),
                (0.800911288, -0.00299932677, 0.598775511),
                (0.765051336, -0.00134351581, 0.643967894),
                (0.624564647, -0.00266718682, 0.780968557),
                (-0.625245363, -0.00179663589, 0.780426171),
                (-0.764387676, -0.00322889424, 0.64474883),
                (-0.797946088, -0.0034776228, 0.602718796),
                (-0.487997629, -0.00515967285, 0.872829704),
                (-0.0251081346, -0.0124996414, 0.999606593),
                (-0.0144962109, -0.0197317166, 0.999700215),
                (-0.0127501093, -0.0187106358, 0.999743641),
                (-0.00264657358, -0.0138960143, 0.999899943),
                (-0.00386091758, -0.0144349095, 0.999888357),
                (-0.0103907916, -0.0174913303, 0.999793021),
                (-0.00245420633, -0.013780129, 0.999902038),
                (0.0155678401, -0.0051941677, 0.999865322),
                (0.0202911645, -0.00246270516, 0.99979108),
                (0.00904022065, -0.00675525306, 0.999936318),
                (0.00302292703, -0.00822300142, 0.999961621),
                (0.00872034733, -0.00393175044, 0.999954247),
                (0.00729911389, -0.00275301223, 0.999969571),
                (-0.00910218886, -0.00849347121, 0.999922503),
                (-0.0203992883, -0.0119809404, 0.999720124),
                (-0.01234353, -0.00670486934, 0.999901336),
                (-0.000656814236, 1.06269593e-05, 0.999999784),
                (-0.00241482724, 0.000284759784, 0.999997044),
                (-0.00637841311, -0.00056714558, 0.999979497),
                (0.00440362547, 0.00544551383, 0.999975477),
                (0.0191976702, 0.0134510326, 0.999725222),
                (0.0165127991, 0.0135400759, 0.999771971),
                (0.00140381598, 0.00804894529, 0.999966621),
                (-0.00379457511, 0.00725772839, 0.999966463),
                (0.0014534807, 0.0112801196, 0.999935321),
                (-0.00274351337, 0.0107297823, 0.999938671),
                (-0.0179836897, 0.00472516498, 0.999827115),
                (-0.0222384806, 0.00340510492, 0.999746896),
                (-0.00820412963, 0.0101507901, 0.999914823),
                (0.00357582996, 0.0154864969, 0.999873683),
                (0.000475461751, 0.0136766538, 0.999906357),
                (-0.00177372298, 0.0121616807, 0.999924471),
                (0.00971597182, 0.01704521, 0.999807512),
                (0.0192925032, 0.0211385771, 0.999590396),
                (0.00967563321, 0.0164331016, 0.999818151),
                (-0.00682502098, 0.00856730302, 0.999940008),
                (-0.00911784404, 0.00721106251, 0.99993243),
                (-0.00303138369, 0.00952810848, 0.999950012),
                (-0.00800920215, 0.00638477233, 0.999947542),
                (-0.019612338, -0.000214673332, 0.999807637),
                (-0.0162372324, -0.00022241049, 0.999868143),
                (0.00175691291, 0.00628579086, 0.999978701),
                (0.0112037047, 0.00870317268, 0.999899361),
                (0.0055263126, 0.00414071006, 0.999976157),
                (0.00384469919, 0.00160856521, 0.999991315),
                (0.0141029206, 0.00487650003, 0.999888657),
                (0.0174688106, 0.00521529702, 0.999833807),
                (0.00253768697, -0.00272956172, 0.999993055),
                (-0.0125201915, -0.0106355065, 0.999865056),
                (-0.0102923973, -0.010549565, 0.999891381),
                (-0.00282813632, -0.0081635557, 0.999962678),
                (-0.00759309019, -0.0116253905, 0.999903593),
                (-0.0147447959, -0.0163394466, 0.999757777),
                (-0.00518485074, -0.0133499279, 0.999897443),
                (0.0133234236, -0.00611219909, 0.999892558),
                (0.0176369412, -0.00521312567, 0.999830867),
                (0.0350060883, -0.0102734525, 0.999334293),
                (0.501601229, -0.0098475237, 0.865042909),
                (0.801649496, -0.00365233047, 0.597783193),
                (0.765224984, -0.00272811591, 0.64375716),
                (0.624106357, -0.00439188274, 0.781327055),
                (-0.626082834, -8.99231211e-05, 0.77975655),
                (-0.76462583, -0.000906661479, 0.64447383),
                (-0.798031572, -4.3726009e-05, 0.602615639),
                (-0.490326274, -0.00120136451, 0.871538124),
                (-0.031020935, -0.010031978, 0.999468389),
                (-0.0166591148, -0.0164490081, 0.999725914),
                (-0.0105066218, -0.014384607, 0.999841334),
                (-0.00176918458, -0.0112574343, 0.999935068),
                (-0.00586556169, -0.0142073513, 0.999881866),
                (-0.00995288374, -0.0171919761, 0.999802669),
                (0.00242833386, -0.0124426145, 0.999919639),
                (0.0191782448, -0.00541904645, 0.999801395),
                (0.0187269572, -0.0060098159, 0.999806573),
                (0.00665410324, -0.0115570289, 0.999911075),
                (0.00431561626, -0.0121545644, 0.999916818),
                (0.0103820147, -0.00850093865, 0.99990997),
                (0.00474020444, -0.0100625775, 0.999938136),
                (-0.012688144, -0.0170230941, 0.999774587),
                (-0.0190344683, -0.0189015156, 0.999640146),
                (-0.00750114004, -0.0126200495, 0.999892228),
                (0.00159376822, -0.00760284659, 0.999969828),
                (-0.0026903707, -0.00886011218, 0.999957129),
                (-0.00370087367, -0.00855034899, 0.999956597),
                (0.0102097599, -0.00114161254, 0.999947227),
                (0.0218748706, 0.0055010444, 0.999745582),
                (0.0140849209, 0.00343065773, 0.999894917),
                (-0.000477947363, -0.00149864441, 0.999998763),
                (-0.00184998135, -0.000126626974, 0.999998281),
                (0.00277271995, 0.00405663286, 0.999987928),
                (-0.00541608141, 0.00216301942, 0.999982994),
                (-0.0200886123, -0.00300541187, 0.999793686),
                (-0.0190051596, -0.00119961754, 0.999818666),
                (-0.00311310727, 0.00714267917, 0.999969645),
                (0.00480199876, 0.0115174529, 0.999922142),
                (-0.000411252727, 0.00965506826, 0.999953304),
                (0.000472474408, 0.0106044167, 0.99994366),
                (0.0135725684, 0.0173039715, 0.99975815),
                (0.0186836378, 0.0204215138, 0.999616868),
                (0.00479544843, 0.0148213422, 0.999878658),
                (-0.00958372425, 0.00898700136, 0.999913689),
                (-0.00808622236, 0.0103768825, 0.999913463),
                (-0.00347050934, 0.0129274197, 0.999910415),
                (-0.0118317611, 0.0090600395, 0.999888956),
                (-0.021402682, 0.00418824598, 0.999762164),
                (-0.0129018967, 0.00729548087, 0.999890152),
                (0.00511707572, 0.0145076325, 0.999881665),
                (0.0098820483, 0.0154032039, 0.999832529),
                (0.00292764725, 0.0108468158, 0.999936886),
                (0.00459882647, 0.0103949168, 0.999935396),
                (0.0152266578, 0.0142581833, 0.999782403),
                (0.0136839126, 0.0126189124, 0.999826742),
                (-0.00384900799, 0.00362198283, 0.999986033),
                (-0.0150969163, -0.00251859563, 0.999882863),
                (-0.00929225357, -0.000926000717, 0.999956397),
                (-0.00393328934, 0.000193243401, 0.999992246),
                (-0.0111670877, -0.00481854163, 0.999926036),
                (-0.015073564, -0.00851940657, 0.999850092),
                (-0.00111834471, -0.00404623461, 0.999991189),
                (0.0156432728, 0.00177308002, 0.999876064),
                (0.0150853162, -0.000245356027, 0.99988618),
                (0.0324473311, -0.00604210197, 0.999455183),
                (0.502622935, -0.00546212374, 0.864488491),
                (0.802122234, -0.00177047874, 0.597157255),
                (0.765152965, -0.00243714901, 0.643843926),
                (0.623516541, -0.00449290729, 0.781797248),
                (-0.626214871, 0.00199237929, 0.779647975),
                (-0.764380896, 0.00210836942, 0.644761507),
                (-0.797938396, 0.00436483816, 0.602723207),
                (-0.493213594, 0.00478775552, 0.869895067),
                (-0.037016898, -0.00392362582, 0.999306937),
                (-0.0179375787, -0.00855087437, 0.999802543),
                (-0.0086433398, -0.00556602171, 0.999947155),
                (-0.0025061184, -0.00428827677, 0.999987665),
                (-0.00855709404, -0.00886547673, 0.999924087),
                (-0.00899557814, -0.0109279128, 0.999899825),
                (0.00685964517, -0.00536772968, 0.999962066),
                (0.0206538146, -0.000542355084, 0.99978654),
                (0.0154382538, -0.00419805038, 0.99987201),
                (0.00418009484, -0.0102553357, 0.999938676),
                (0.00544029336, -0.0101171725, 0.999934021),
                (0.0103749505, -0.00797362765, 0.999914387),
                (0.000555741188, -0.0125051455, 0.999921653),
                (-0.016094124, -0.0201656994, 0.999667106),
                (-0.0169141879, -0.0205481934, 0.999645778),
                (-0.00340180127, -0.0143885042, 0.999890693),
                (0.00231794299, -0.0119152297, 0.999926325),
                (-0.00316407768, -0.0146157773, 0.999888178),
                (-0.000272847089, -0.0132749707, 0.999911846),
                (0.0155178273, -0.00565765337, 0.999863585),
                (0.0228140282, -0.00159662619, 0.999738451),
                (0.0109777646, -0.00600437631, 0.999921715),
                (-0.00141019846, -0.0103012275, 0.999945947),
                (0.000599606836, -0.00766682175, 0.99997043),
                (0.00326468759, -0.00463169471, 0.999983944),
                (-0.00832979373, -0.0082710108, 0.9999311),
                (-0.0206408932, -0.0124174852, 0.999709838),
                (-0.0142142922, -0.0080974269, 0.999866184),
                (0.00185539521, 0.000492540828, 0.999998157),
                (0.00556367975, 0.00322693952, 0.999979316),
                (-0.000246952113, 0.00154561717, 0.999998775),
                (0.00427937788, 0.00478075192, 0.999979415),
                (0.0174850111, 0.01224103, 0.99977219),
                (0.017330499, 0.0137132525, 0.99975577),
                (0.000626968955, 0.00765735621, 0.999970485),
                (-0.0103411123, 0.00428772327, 0.999937336),
                (-0.00600094749, 0.00789275531, 0.999950845),
                (-0.0040728458, 0.0100995467, 0.999940704),
                (-0.0149206058, 0.00599243289, 0.999870725),
                (-0.0210072804, 0.0036728513, 0.999772576),
                (-0.0080754018, 0.00980044989, 0.999919366),
                (0.00817017778, 0.0171843743, 0.999818956),
                (0.00830678782, 0.0169535154, 0.999821772),
                (0.00156317855, 0.0135220254, 0.999907351),
                (0.00654413802, 0.0156107991, 0.999856728),
                (0.0158597845, 0.0198148767, 0.999677867),
                (0.00905432656, 0.0165991892, 0.999821227),
                (-0.00943748185, 0.0079103768, 0.999924177),
                (-0.0161172011, 0.00451667459, 0.999859908),
                (-0.00814767894, 0.00761505093, 0.999937811),
                (-0.00590725859, 0.0076706184, 0.999953132),
                (-0.0144850791, 0.00231668879, 0.999892402),
                (-0.0141357941, 0.000787791295, 0.999899774),
                (0.00295719208, 0.00684153383, 0.999972224),
                (0.0163282085, 0.0111390782, 0.999804636),
                (0.0114542092, 0.00709238369, 0.999909245),
                (0.0302117918, 0.00181367291, 0.999541874),
                (0.503199292, 0.00229258124, 0.864167354),
                (0.802080878, 0.00184546688, 0.597212575),
                (0.764639527, -0.000792190275, 0.64445773),
                (0.622625757, -0.00311379043, 0.78251356),
                (-0.625542748, 0.00345077089, 0.780182262),
                (-0.763623257, 0.00454240269, 0.645646101),
                (-0.797619813, 0.00785108535, 0.603109438),
                (-0.496118719, 0.00964618433, 0.86820111),
                (-0.0421186745, 0.00235832236, 0.999109832),
                (-0.0179580182, 0.000380248974, 0.999838669),
                (-0.00713498769, 0.00420981248, 0.999965684),
                (-0.00437942918, 0.00393978321, 0.999982649),
                (-0.0111184124, -0.00102867391, 0.999937659),
                (-0.00718752867, -0.00121197311, 0.999973435),
                (0.0106436577, 0.00504784368, 0.999930614),
                (0.0201023806, 0.00757017655, 0.999769267),
                (0.0110464063, 0.00175957589, 0.999937438),
                (0.00197248213, -0.00375625119, 0.999991),
                (0.00612064973, -0.00286437771, 0.999977166),
                (0.00849345356, -0.00261732976, 0.999960505),
                (-0.00490805289, -0.00963586568, 0.999941529),
                (-0.0190518971, -0.0170606432, 0.999672926),
                (-0.0144640758, -0.0159349711, 0.999768407),
                (-0.00066807389, -0.0106839725, 0.999942702),
                (0.00141390583, -0.0109484411, 0.999939064),
                (-0.00376586296, -0.0145399666, 0.999887197),
                (0.0033853526, -0.012217923, 0.999919628),
                (0.0194446321, -0.00542861931, 0.999796197),
                (0.0216011373, -0.00466966987, 0.999755763),
                (0.00720021882, -0.0111555363, 0.999911852),
                (-0.00179257069, -0.0147450276, 0.999889679),
                (0.00263486738, -0.0118414577, 0.999926416),
                (0.002294416, -0.0110304208, 0.999936531),
                (-0.011575259, -0.0165130686, 0.999796645),
                (-0.0199480704, -0.0195531927, 0.999609797),
                (-0.00879261794, -0.0136671015, 0.999867941),
                (0.00584519549, -0.00624485046, 0.999963417),
                (0.00563518802, -0.00568813168, 0.999967944),
                (0.000817815192, -0.00711727165, 0.999974337),
                (0.00893451779, -0.0022789981, 0.999957489),
                (0.0206395205, 0.00455337469, 0.999776614),
                (0.015061223, 0.00368324497, 0.999879789),
                (-0.00266208814, -0.00258626748, 0.999993112),
                (-0.00939774207, -0.00366005324, 0.999949142),
                (-0.00348942009, 0.00106788221, 0.999993342),
                (-0.00497361765, 0.00215377891, 0.999985312),
                (-0.0169140251, -0.00191940723, 0.999855105),
                (-0.0183924456, -0.00146608776, 0.99982977),
                (-0.00221368892, 0.00690477742, 0.999973711),
                (0.010775976, 0.0136229093, 0.999849136),
                (0.00698455678, 0.0125131815, 0.999897313),
                (0.00186499409, 0.0108563623, 0.999939329),
                (0.00957934066, 0.0152831283, 0.999837318),
                (0.0160073644, 0.0192316944, 0.999686904),
                (0.00426460915, 0.0147911033, 0.999881511),
                (-0.0134067311, 0.00750409564, 0.999881967),
                (-0.0153301824, 0.00728289831, 0.999855962),
                (-0.00679745962, 0.0115477012, 0.999910219),
                (-0.0081238193, 0.0107998588, 0.999908679),
                (-0.0166099081, 0.00629720663, 0.999842216),
                (-0.0114955622, 0.00775517846, 0.99990385),
                (0.00707029157, 0.0152339448, 0.999858959),
                (0.0158394131, 0.0180968811, 0.999710766),
                (0.00770856988, 0.0131825519, 0.999883392),
                (0.0289393904, 0.00961950659, 0.99953488),
                (0.503255894, 0.0101734396, 0.864077546),
                (0.80145576, 0.00555479228, 0.598028268),
                (0.763655982, 0.00124544863, 0.645622173),
                (0.621436966, -0.0010197915, 0.783463501),
                (-0.624247529, 0.00358946004, 0.781218368),
                (-0.762540035, 0.00539683928, 0.646918518),
                (-0.797207311, 0.00885150316, 0.603640749),
                (-0.498710435, 0.010616317, 0.866703638),
                (-0.0454825236, 0.00539292177, 0.998950578),
                (-0.0164755357, 0.00649145139, 0.999843197),
                (-0.00582771086, 0.0109534675, 0.999923027),
                (-0.00664955816, 0.00966673586, 0.999931166),
                (-0.012631712, 0.0056337897, 0.999904346),
                (-0.0041893845, 0.00807529512, 0.999958618),
                (0.0138052466, 0.0148827168, 0.999793939),
                (0.0180518972, 0.0153869084, 0.999718646),
                (0.0064791075, 0.00871724914, 0.999941014),
                (0.000522606937, 0.00483660686, 0.999988167),
                (0.00634123336, 0.00655121491, 0.999958434),
                (0.00501899634, 0.00497825221, 0.999975013),
                (-0.0108726645, -0.00345492628, 0.999934922),
                (-0.0210789933, -0.009455032, 0.999733104),
                (-0.0118711287, -0.00670392717, 0.999907063),
                (0.000544618135, -0.00270265284, 0.9999962),
                (-0.000732824027, -0.00520177712, 0.999986202),
                (-0.0041686609, -0.0087052908, 0.999953419),
                (0.00693446478, -0.00530478014, 0.999961886),
                (0.021485611, -6.08995889e-06, 0.999769158),
                (0.0182869198, -0.00256733594, 0.999829484),
                (0.00300834368, -0.0103474496, 0.999941938),
                (-0.00195258855, -0.0130156122, 0.999913387),
                (0.00353843132, -0.0106289068, 0.999937251),
                (-0.000432489981, -0.0125618948, 0.999921003),
                (-0.0150728837, -0.0194864301, 0.999696498),
                (-0.0183871955, -0.0212596077, 0.999604892),
                (-0.00368286294, -0.0147671994, 0.999884176),
                (0.00816748768, -0.00960633265, 0.999920502),
                (0.004873364, -0.0113552131, 0.999923652),
                (0.00244958113, -0.0124433493, 0.999919578),
                (0.0135104722, -0.00690485793, 0.999884888),
                (0.0222001044, -0.00204401335, 0.999751458),
                (0.0116853888, -0.0056998718, 0.999915478),
                (-0.00518169887, -0.0119980322, 0.999914595),
                (-0.00745057934, -0.0113627237, 0.999907684),
                (-0.00140222922, -0.00686622388, 0.999975444),
                (-0.00643597129, -0.00764048998, 0.999950099),
                (-0.0177821146, -0.0115458217, 0.99977522),
                (-0.0140297604, -0.00864816308, 0.999864178),
                (0.00386130694, 0.000677053709, 0.999992316),
                (0.0126076309, 0.00573967056, 0.999904047),
                (0.00611863435, 0.0038364999, 0.999973921),
                (0.00375527567, 0.00404589527, 0.999984764),
                (0.0131725052, 0.00995377091, 0.999863694),
                (0.0154720067, 0.0127512164, 0.999798992),
                (-0.000224774618, 0.00728416664, 0.999973445),
                (-0.0153759798, 0.00200270778, 0.999879777),
                (-0.0129195831, 0.00467022611, 0.999905632),
                (-0.00536596795, 0.00935649825, 0.999941829),
                (-0.0100599426, 0.00795074146, 0.999917788),
                (-0.0168925689, 0.00515902145, 0.999844001),
                (-0.00706672173, 0.00979120135, 0.999927094),
                (0.0111387066, 0.0181291329, 0.999773606),
                (0.0147038158, 0.0196306818, 0.999699172),
                (0.00474836728, 0.0149221904, 0.999877383),
                (0.0290949332, 0.0138514083, 0.999480677),
                (0.502973655, 0.0148780602, 0.864173678),
                (0.800391181, 0.00758408252, 0.599430096),
                (0.762381234, 0.00251755491, 0.647123262),
                (0.62017041, 0.000754215753, 0.784466758),
                (-0.622716926, 0.00233194555, 0.782443731),
                (-0.761467495, 0.0043742172, 0.648188337),
                (-0.796946371, 0.00681831378, 0.604011583),
                (-0.500904891, 0.00661732328, 0.865477037),
                (-0.0466585993, 0.00338804528, 0.998905149),
                (-0.0135646617, 0.00734744708, 0.999881),
                (-0.0046234458, 0.0119567848, 0.999917826),
                (-0.00858691107, 0.0101579634, 0.999911536),
                (-0.0123768608, 0.0081005258, 0.999890591),
                (0.000130273995, 0.0133965009, 0.999910254),
                (0.0164254959, 0.0203796168, 0.999657378),
                (0.0152234457, 0.019296642, 0.999697898),
                (0.00269806997, 0.0130700889, 0.999910943),
                (0.000258933627, 0.011617573, 0.99993248),
                (0.00623214644, 0.014083778, 0.999881397),
                (0.000578390255, 0.011048349, 0.999938798),
                (-0.0163250959, 0.0025532039, 0.999863477),
                (-0.0216233761, -0.000893787378, 0.999765788),
                (-0.00912379288, 0.00354649872, 0.999952088),
                (0.00052053102, 0.00632501156, 0.999979861),
                (-0.00333444481, 0.00261205295, 0.999991029),
                (-0.00384783877, 0.000374926787, 0.999992527),
                (0.01026644, 0.00501053303, 0.999934745),
                (0.0216079177, 0.00857303183, 0.999729764),
                (0.0134245232, 0.00335447984, 0.99990426),
                (-0.00106438433, -0.00451875324, 0.999989224),
                (-0.00201541727, -0.00591422441, 0.99998048),
                (0.00299402029, -0.00446663341, 0.999985542),
                (-0.00471574879, -0.00896707903, 0.999948675),
                (-0.0184578345, -0.0164015835, 0.999695102),
                (-0.0162152024, -0.016585875, 0.999730952),
                (0.000430112684, -0.0102091087, 0.999947793),
                (0.00854442425, -0.00779944972, 0.999933078),
                (0.00339082888, -0.0114093112, 0.999929162),
                (0.00433782603, -0.0119023937, 0.999919755),
                (0.0171583912, -0.00648804961, 0.999831733),
                (0.021592281, -0.00452450973, 0.999756621),
                (0.00718827177, -0.0108972177, 0.999914786),
                (-0.00714072982, -0.0169229888, 0.999831297),
                (-0.0053375242, -0.0152957731, 0.999868766),
                (-0.000544545411, -0.0122547808, 0.999924759),
                (-0.00867588426, -0.0152894565, 0.999845469),
                (-0.0177082543, -0.0188644224, 0.99966522),
                (-0.00872387898, -0.014176231, 0.999861455),
                (0.00916803913, -0.00535418197, 0.999943638),
                (0.0132756123, -0.00280146265, 0.999907951),
                (0.00564491818, -0.00544730837, 0.99996923),
                (0.00670473425, -0.00372817671, 0.999970573),
                (0.0164666058, 0.00237640199, 0.999861592),
                (0.0138983635, 0.00304449206, 0.999898778),
                (-0.00423885204, -0.00335045609, 0.999985403),
                (-0.0154735906, -0.00653985518, 0.999858889),
                (-0.00951477192, -0.00190353585, 0.999952922),
                (-0.00420293004, 0.00216614502, 0.999988822),
                (-0.0114438569, 9.7799304e-05, 0.999934512),
                (-0.0151549137, -0.000616240057, 0.999884968),
                (-0.00123452476, 0.00666043582, 0.999977057),
                (0.0148552529, 0.0148745532, 0.99977901),
                (0.0133028026, 0.0149561109, 0.999799655),
                (0.00313880748, 0.0111728164, 0.999932656),
                (0.0307492123, 0.0127100777, 0.999446317),
                (0.502613196, 0.0144650702, 0.864390385),
                (0.799177811, 0.00680663329, 0.601056151),
                (0.761148991, 0.00220410755, 0.648573323),
                (0.619200819, 0.00137091201, 0.785231473),
                (-0.621396913, 0.000260988457, 0.783495889),
                (-0.760761633, 0.0020010447, 0.649028299),
                (-0.797079855, 0.00247295597, 0.603868851),
                (-0.502789037, -0.00122227457, 0.864408289),
                (-0.0457176095, -0.00299020395, 0.998949928),
                (-0.00970181123, 0.00296352505, 0.999948545),
                (-0.00360487944, 0.00696402205, 0.999969253),
                (-0.00969985996, 0.00497218141, 0.999940593),
                (-0.0100703037, 0.00538907818, 0.999934771),
                (0.00552760673, 0.0130929994, 0.999899004),
                (0.01847214, 0.0195668989, 0.999637893),
                (0.0122677047, 0.0172527749, 0.999775897),
                (0.000401236741, 0.0124309641, 0.999922652),
                (0.00132472933, 0.0136145986, 0.99990644),
                (0.00589024927, 0.016450978, 0.999847323),
                (-0.00410239, 0.0123545054, 0.999915265),
                (-0.0203159834, 0.00505170379, 0.999780847),
                (-0.0202946329, 0.00487240146, 0.99978217),
                (-0.006161338, 0.0108047002, 0.999922645),
                (-0.00019463743, 0.0125567765, 0.999921142),
                (-0.00543922392, 0.00883306002, 0.999946194),
                (-0.00227129467, 0.00888952262, 0.999957908),
                (0.0134186788, 0.014779051, 0.99980074),
                (0.0201737045, 0.0166536523, 0.99965778),
                (0.0079317806, 0.00988721603, 0.999919662),
                (-0.00432341296, 0.00325172167, 0.999985367),
                (-0.00191152789, 0.00346732744, 0.999992162),
                (0.00112352908, 0.00389355394, 0.999991789),
                (-0.00987659965, -0.00238790017, 0.999948374),
                (-0.021101617, -0.00904053667, 0.999736461),
                (-0.013491031, -0.00722258829, 0.999882906),
                (0.00326996891, -0.00135799849, 0.999993732),
                (0.00721834937, -0.00150664271, 0.999972812),
                (0.0016278873, -0.00598947305, 0.999980738),
                (0.00634210536, -0.00544781384, 0.999965049),
                (0.0193442758, -0.000712451479, 0.999812628),
                (0.0187147382, -0.00192435759, 0.999823012),
                (0.00187754957, -0.0103209844, 0.999944975),
                (-0.0086609284, -0.0155574908, 0.999841464),
                (-0.0037567627, -0.0135270538, 0.999901448),
                (-0.0013974343, -0.0126964933, 0.99991842),
                (-0.0116662138, -0.0178203377, 0.999773142),
                (-0.016899182, -0.0207128278, 0.999642634),
                (-0.00333976472, -0.0149321583, 0.999882931),
                (0.0128587967, -0.00784762015, 0.999886527),
                (0.0125338755, -0.00821243255, 0.999887723),
                (0.00538544183, -0.0113995858, 0.99992052),
                (0.00994349754, -0.00873403513, 0.999912418),
                (0.0185285751, -0.00377631774, 0.9998212),
                (0.0109439585, -0.00597470791, 0.999922263),
                (-0.00780616953, -0.0131339264, 0.999883275),
                (-0.0142303907, -0.0145103841, 0.999793451),
                (-0.00603314503, -0.00918267769, 0.999939638),
                (-0.00378301139, -0.00678517195, 0.999969825),
                (-0.012260261, -0.00955868685, 0.999879151),
                (-0.0117027664, -0.00828385867, 0.999897206),
                (0.0051887408, 0.000530902949, 0.999986397),
                (0.0177021916, 0.0073999051, 0.99981592),
                (0.0117770973, 0.00590480831, 0.999913213),
                (0.00297548158, 0.00332230643, 0.999990054),
                (0.033489152, 0.00689625962, 0.999415288),
                (0.502296502, 0.00917545052, 0.864646769),
                (0.79812031, 0.00326611037, 0.602489256),
                (0.760318786, 0.000219224235, 0.649550071),
                (0.618906003, 0.000568214452, 0.785464854),
                (-0.620627069, -0.00164274362, 0.784104166),
                (-0.760662395, -0.000617754645, 0.649147394),
                (-0.797744342, -0.00249799367, 0.602990651),
                (-0.504512608, -0.0100056832, 0.863346347),
                (-0.0432039902, -0.0109076886, 0.999006725),
                (-0.00568957189, -0.00426494482, 0.999974719),
                (-0.00303482444, -0.00173114272, 0.999993896),
                (-0.00983281456, -0.00378467945, 0.999944494),
                (-0.005953636, -0.000987455383, 0.999981789),
                (0.0113493301, 0.00805878841, 0.99990312),
                (0.0197180426, 0.0130910653, 0.999719872),
                (0.00957770239, 0.0097334738, 0.999906759),
                (-0.000181575314, 0.00674546983, 0.999977233),
                (0.00343985855, 0.0100815584, 0.999943263),
                (0.00523547398, 0.012552472, 0.999907508),
                (-0.00843909062, 0.0076705319, 0.99993497),
                (-0.0222401746, 0.00241122189, 0.999749749),
                (-0.0170752188, 0.0055500122, 0.999838804),
                (-0.00304561192, 0.012378754, 0.999918742),
                (-0.00103924127, 0.0132615476, 0.999911522),
                (-0.00623533267, 0.0105526055, 0.999924879),
                (0.000857354335, 0.0134365254, 0.999909358),
                (0.0164072592, 0.0202591758, 0.999660126),
                (0.0177360114, 0.0205802994, 0.999630874),
                (0.00281999174, 0.0134695162, 0.999905305),
                (-0.00614283317, 0.00915774224, 0.999939199),
                (-0.00150767816, 0.011079621, 0.999937482),
                (-0.00163751242, 0.010580349, 0.999942686),
                (-0.0149471432, 0.00364031431, 0.999881659),
                (-0.0222827848, -0.000912099438, 0.999751292),
                (-0.0101401403, 0.00320704927, 0.999943445),
                (0.00495191309, 0.00841072779, 0.999952368),
                (0.00488120386, 0.00643750256, 0.999967366),
                (0.000273439443, 0.00237913431, 0.999997132),
                (0.00851195073, 0.00444322317, 0.999953901),
                (0.0199436089, 0.00823837293, 0.999767164),
                (0.01399524, 0.00423225333, 0.999893105),
                (-0.00359669136, -0.00497008354, 0.999981181),
                (-0.00967775474, -0.00873182582, 0.999915045),
                (-0.00307392949, -0.00663452746, 0.999973267),
                (-0.00394260497, -0.0081345167, 0.999959142),
                (-0.0150199886, -0.0145493064, 0.999781335),
                (-0.0154239348, -0.0161673933, 0.999750328),
                (0.00145651684, -0.00982917517, 0.999950632),
                (0.0144828731, -0.00519727034, 0.99988161),
                (0.0104662486, -0.00824134139, 0.999911265),
                (0.00523220573, -0.0114886435, 0.999920314),
                (0.0127337234, -0.00839520874, 0.99988368),
                (0.0186482443, -0.005614261, 0.999810344),
                (0.00649659692, -0.0108752752, 0.999919758),
                (-0.0109902098, -0.0183938326, 0.999770415),
                (-0.0123464953, -0.0183582581, 0.999755239),
                (-0.00340194696, -0.0135929027, 0.999901825),
                (-0.00450041821, -0.0135969389, 0.999897429),
                (-0.0126277716, -0.0169628854, 0.999776375),
                (-0.00717386557, -0.0140534367, 0.999875511),
                (0.011172391, -0.00506362723, 0.999924766),
                (0.019106263, -0.000676693363, 0.99981723),
                (0.0100784043, -0.00383573203, 0.999941855),
                (0.00392596882, -0.00529374543, 0.999978281),
                (0.0365079209, -0.000747457907, 0.999333084),
                (0.501908836, 0.00129354108, 0.864919561),
                (0.797419792, -0.00180096236, 0.603422267),
                (0.760131463, -0.00271886861, 0.649763624),
                (0.619496397, -0.00122491197, 0.784998544),
                (-0.6205239, -0.00245294233, 0.784183698),
                (-0.761203407, -0.00231313998, 0.648509077),
                (-0.798908747, -0.00618814967, 0.601420419),
                (-0.506171829, -0.0163076978, 0.862278458),
                (-0.0399345812, -0.0166466878, 0.99906362),
                (-0.00243484279, -0.0106954979, 0.999939837),
                (-0.00322498798, -0.0103010257, 0.999941742),
                (-0.00911110509, -0.0123392299, 0.999882359),
                (-0.000701839638, -0.00770031261, 0.999970106),
                (0.0166650208, 0.00126918664, 0.999860323),
                (0.019799593, 0.00390986883, 0.999796324),
                (0.00724804617, -0.000406959425, 0.99997365),
                (0.000676340045, -0.00165308702, 0.999998405),
                (0.00591892768, 0.00277909336, 0.999978621),
                (0.00398387943, 0.0039282686, 0.999984349),
                (-0.0121241145, -0.00161380968, 0.999925198),
                (-0.0219919343, -0.00451174138, 0.999747968),
                (-0.0124133397, 0.00128708643, 0.999922123),
                (-6.16810883e-05, 0.0080392084, 0.999967683),
                (-0.0016392699, 0.00806177681, 0.99996616),
                (-0.00530086878, 0.00696758393, 0.999961676),
                (0.00541093374, 0.0125217802, 0.999906959),
                (0.0190701006, 0.0195232562, 0.999627517),
                (0.0148013626, 0.0183372241, 0.999722294),
                (-0.00110844549, 0.0118519872, 0.999929148),
                (-0.00621391612, 0.010384867, 0.999926768),
                (-0.000786131967, 0.0136743024, 0.999906193),
                (-0.00476082845, 0.012324712, 0.999912714),
                (-0.01896469, 0.00583655066, 0.999803118),
                (-0.0214449588, 0.00434779768, 0.999760577),
                (-0.00611718814, 0.0107087123, 0.999923949),
                (0.00582456744, 0.0151741601, 0.999867901),
                (0.00244698186, 0.01235256, 0.99992071),
                (5.04145943e-05, 0.00995683291, 0.999950428),
                (0.0109768507, 0.0138343313, 0.999844048),
                (0.0191750476, 0.016599071, 0.999678342),
                (0.00826767105, 0.0106426869, 0.999909185),
                (-0.00837771187, 0.00208551019, 0.999962732),
                (-0.00997846401, 0.000453194693, 0.999950111),
                (-0.00328430292, 0.00249083636, 0.999991505),
                (-0.00766037642, -0.000877655996, 0.999970274),
                (-0.0180224768, -0.00731914446, 0.999810792),
                (-0.0131679538, -0.00694551158, 0.999889176),
                (0.00533996522, -0.000367331715, 0.999985675),
                (0.0141146286, 0.00171966524, 0.999898905),
                (0.0075582458, -0.00312513363, 0.999966553),
                (0.00526380703, -0.00568660622, 0.999969977),
                (0.0145893546, -0.0024923357, 0.999890463),
                (0.0165678897, -0.00236333184, 0.99985995),
                (0.000833482163, -0.0101961071, 0.999947671),
                (-0.0137257099, -0.0173470408, 0.999755313),
                (-0.0104315169, -0.0162103317, 0.999814187),
                (-0.00226460609, -0.0128996734, 0.999914231),
                (-0.00644986259, -0.0154350041, 0.99986007),
                (-0.0126198433, -0.0189626167, 0.999740546),
                (-0.00228856598, -0.0148025055, 0.999887818),
                (0.0157689176, -0.00687987163, 0.999851993),
                (0.0186732972, -0.00567660643, 0.999809524),
                (0.00812528625, -0.0103095743, 0.999913842),
                (0.00541775313, -0.0108665641, 0.99992628),
                (0.0388490659, -0.00656480572, 0.999223525),
                (0.501163835, -0.00589310627, 0.865332353),
                (0.797122006, -0.00648359522, 0.603783463),
                (0.760616216, -0.00539405375, 0.649179386),
                (0.62090872, -0.00309359886, 0.78387677),
                (-0.620961492, -0.00173299065, 0.783839156),
                (-0.76220545, -0.00059492939, 0.647334919),
                (-0.800382752, -0.00237361339, 0.599484626),
                (-0.507758357, -0.00725283745, 0.861469006),
                (-0.0367225983, -0.00500836259, 0.999312948),
                (-0.000658358498, -0.00081278016, 0.999999453),
                (-0.00433563557, -0.00275512435, 0.999986806),
                (-0.00777555889, -0.00455032155, 0.999959417),
                (0.00481189531, 0.00121833366, 0.999987681),
                (0.0205299251, 0.00867432275, 0.999751608),
                (0.0183938343, 0.00822095929, 0.999797021),
                (0.00517750881, 0.00308163781, 0.999981848),
                (0.00233866159, 0.00315005921, 0.999992304),
                (0.00785456557, 0.00733932098, 0.999942218),
                (0.00176094292, 0.00625586114, 0.999978881),
                (-0.0151150034, 0.000170972209, 0.999885747),
                (-0.0199469539, -0.0004608049, 0.999800934),
                (-0.00714857421, 0.0068411098, 0.999951047),
                (0.00231295057, 0.0123550922, 0.999920998),
                (-0.00188686812, 0.0114188777, 0.999933022),
                (-0.00270697551, 0.0120657731, 0.999923542),
                (0.0107919834, 0.0194452135, 0.999752678),
                (0.0210045761, 0.0254597295, 0.999455157),
                (0.0116656245, 0.0226423493, 0.999675566),
                (-0.00347302926, 0.0173420934, 0.999843583),
                (-0.00470052378, 0.0185472037, 0.999816936),
                (2.69094646e-05, 0.0223807634, 0.999749519),
                (-0.00783563465, 0.0201183039, 0.999766901),
                (-0.0212515935, 0.0149424592, 0.999662489),
                (-0.0184288961, 0.0168952364, 0.999687415),
                (-0.00157568548, 0.0249305731, 0.999687943),
                (0.00624992703, 0.0284580597, 0.999575449),
                (0.000752954872, 0.0256752259, 0.999670053),
                (0.00144598858, 0.025757477, 0.999667175),
                (0.0137622222, 0.0312733802, 0.999416118),
                (0.0174106383, 0.0328517506, 0.999308577),
                (0.00251133084, 0.0259274318, 0.999660673),
                (-0.0116545362, 0.019340676, 0.999745023),
                (-0.00935568226, 0.0202150805, 0.99975188),
                (-0.00412572299, 0.0221220886, 0.999746764),
                (-0.0117010455, 0.0177154443, 0.999774599),
                (-0.0198181134, 0.0126924432, 0.999723034),
                (-0.0099260225, 0.0156869748, 0.999827682),
                (0.00830923479, 0.0222932173, 0.999716944),
                (0.0122990877, 0.0222240368, 0.99967736),
                (0.00460775634, 0.0168672259, 0.999847121),
                (0.00573222809, 0.0158191814, 0.999858438),
                (0.0153592582, 0.0189351827, 0.999702732),
                (0.0125551084, 0.0164904247, 0.999785195),
                (-0.00535804469, 0.00719694114, 0.999959747),
                (-0.0157500439, 0.00142419613, 0.999874946),
                (-0.00882871745, 0.00355289245, 0.999954714),
                (-0.00278826728, 0.00505838111, 0.999983319),
                (-0.00929935, 0.000567084046, 0.999956599),
                (-0.0121289631, -0.00230548458, 0.999923784),
                (0.00238589892, 0.00286317413, 0.999993055),
                (0.0183885487, 0.00884754634, 0.999791769),
                (0.0163943432, 0.00679368784, 0.999842523),
                (0.00597378584, 0.00127215367, 0.999981348),
                (0.00688470518, 0.00144367795, 0.999975258),
                (0.0397097909, 0.00444652652, 0.999201362),
                (0.499771066, 0.000855171432, 0.866157116),
                (0.797153824, -0.00405223739, 0.603762669),
                (0.76159333, -0.00482926964, 0.648037251),
                (0.622813471, -0.00406993012, 0.782359774),
                (-0.619538713, 0.000251512867, 0.784966063),
                (-0.760823017, 0.0446422768, 0.647422122),
                (-0.794546758, 0.118753201, 0.595477226),
                (-0.491542142, 0.243320921, 0.836170588),
                (-0.0325052921, 0.287273262, 0.957296965),
                (-0.000622208586, 0.289074074, 0.95730653),
                (-0.00592353606, 0.285943167, 0.95822827),
                (-0.00572053632, 0.28550404, 0.958360432),
                (0.00933859134, 0.290790153, 0.956741281),
                (0.0212213435, 0.293966613, 0.955580078),
                (0.0147158361, 0.289928164, 0.956935266),
                (0.00310162739, 0.284955327, 0.95853578),
                (0.00387589237, 0.285703987, 0.95831008),
                (0.00802159568, 0.287644378, 0.957703694),
                (-0.00161711157, 0.284121832, 0.958786822),
                (-0.0167419226, 0.279244413, 0.960074094),
                (-0.0160433405, 0.281359753, 0.959468238),
                (-0.00217941159, 0.288138853, 0.957586159),
                (0.0034059953, 0.29067841, 0.956814748),
                (-0.0017884936, 0.289012339, 0.957323701),
                (0.00100555505, 0.291025506, 0.956714766),
                (0.0152903946, 0.297280364, 0.95466779),
                (0.0206124365, 0.299358541, 0.953918021),
                (0.00800302417, 0.294792129, 0.955527892),
                (-0.0041619132, 0.291534357, 0.956551304),
                (-0.00212776901, 0.294388742, 0.95568339),
                (0.000436929666, 0.296997578, 0.954878133),
                (-0.0101735096, 0.294278683, 0.955665505),
                (-0.0205734141, 0.292227671, 0.956127462),
                (-0.0129328187, 0.297457369, 0.954647504),
                (0.00288964913, 0.304818852, 0.952405963),
                (0.00610655166, 0.30625312, 0.951930531),
                (0.000293588477, 0.304322832, 0.95256891),
                (0.00427023878, 0.306611703, 0.951825104),
                (0.0157739434, 0.311372895, 0.950156883),
                (0.0142046225, 0.310526792, 0.950458489),
                (-0.00231761539, 0.304377744, 0.952548591),
                (-0.0122973614, 0.301720876, 0.953316992),
                (-0.00740762366, 0.304934557, 0.952344498),
                (-0.00500926156, 0.306366924, 0.951900318),
                (-0.0144091494, 0.302911422, 0.952909779),
                (-0.0187123735, 0.301813126, 0.953183447),
                (-0.00530302765, 0.307363886, 0.95157728),
                (0.00998787269, 0.312341957, 0.94991723),
                (0.00933550441, 0.310408092, 0.950557555),
                (0.00236854776, 0.306461881, 0.951879985),
                (0.00656807161, 0.307278016, 0.951597121),
                (0.0143808967, 0.309064625, 0.950932304),
                (0.00693460307, 0.30465668, 0.952436989),
                (-0.0105857048, 0.29702238, 0.954811839),
                (-0.0158701312, 0.29501358, 0.955361254),
                (-0.00721473677, 0.298201653, 0.954475627),
                (-0.00441618232, 0.298190835, 0.954496057),
                (-0.011732113, 0.294092015, 0.955705103),
                (-0.010329303, 0.293812549, 0.955807246),
                (0.00623573862, 0.299059277, 0.954214161),
                (0.0180002502, 0.301347858, 0.953344355),
                (0.0121113446, 0.296639477, 0.954912737),
                (0.00372371195, 0.291861755, 0.956453266),
                (0.00758485557, 0.292466013, 0.956245837),
                (0.0368046474, 0.292646329, 0.955512189),
                (0.479892894, 0.248383752, 0.841432304),
                (0.790161169, 0.117386728, 0.601552726),
                (0.760340869, 0.0401247643, 0.648283708),
                (0.622617767, -0.00359569347, 0.782517851),
                (-0.56435275, 0.00278156879, 0.825529065),
                (-0.707446767, 0.135765033, 0.693604302),
                (-0.709374919, 0.349976654, 0.611803535),
                (-0.363784009, 0.598691419, 0.713603377),
                (-0.0213049745, 0.65072036, 0.759018519),
                (-0.00150869847, 0.650777891, 0.75926666),
                (-0.00573793744, 0.649317709, 0.760495621),
                (-0.00258460464, 0.650137204, 0.759812435),
                (0.00947641195, 0.652248831, 0.757945684),
                (0.0149985312, 0.651492583, 0.758506729),
                (0.00777732345, 0.647914878, 0.761673043),
                (0.0010286035, 0.645693374, 0.763596103),
                (0.0036358547, 0.646159389, 0.763193832),
                (0.00491135603, 0.645757562, 0.763526718),
                (-0.00440061128, 0.643056956, 0.76580571),
                (-0.013465354, 0.641738872, 0.766804998),
                (-0.00918130626, 0.644285363, 0.764730066),
                (0.000913488986, 0.647136147, 0.762373906),
                (0.00236397896, 0.646933161, 0.762543046),
                (-0.0012022671, 0.645934956, 0.763391503),
                (0.00366437414, 0.647369169, 0.762167784),
                (0.0140009056, 0.649183598, 0.76050288),
                (0.0142702646, 0.647759483, 0.761711239),
                (0.00345290744, 0.644484457, 0.764609614),
                (-0.00294418826, 0.643680367, 0.76528878),
                (0.000188455741, 0.64541327, 0.763833539),
                (-4.55235151e-05, 0.645743468, 0.763554432),
                (-0.00925711309, 0.644287514, 0.76472734),
                (-0.0140313959, 0.645038982, 0.764020832),
                (-0.00534999434, 0.649019824, 0.760752684),
                (0.00488063119, 0.65187136, 0.75831386),
                (0.00439857746, 0.651404397, 0.758717974),
                (0.000819541341, 0.650782906, 0.759263417),
                (0.00602971629, 0.652496129, 0.757768067),
                (0.0131611415, 0.653736831, 0.756607521),
                (0.00831408135, 0.651758925, 0.75838063),
                (-0.0042367499, 0.64906722, 0.760719261),
                (-0.00846961508, 0.649598532, 0.760230237),
                (-0.00388536963, 0.652040139, 0.758174493),
                (-0.00451370677, 0.652484936, 0.757788252),
                (-0.01200262, 0.651633206, 0.758439254),
                (-0.0119378304, 0.653328638, 0.756980303),
                (-0.000225387252, 0.65712322, 0.753783141),
                (0.00836688718, 0.658550247, 0.752490244),
                (0.00518806447, 0.656815469, 0.754033503),
                (0.0013020172, 0.655665471, 0.755050392),
                (0.00614760374, 0.656691698, 0.754134087),
                (0.00977523727, 0.656603375, 0.754172694),
                (0.00116309731, 0.653641666, 0.75680329),
                (-0.0107126802, 0.651173903, 0.758852941),
                (-0.0111310995, 0.652351427, 0.757834886),
                (-0.00451692872, 0.654537675, 0.756015892),
                (-0.0049216912, 0.654217682, 0.756290289),
                (-0.0100417868, 0.653133541, 0.757176161),
                (-0.00576868573, 0.65469853, 0.755868082),
                (0.00698388255, 0.657197481, 0.753686073),
                (0.0122230175, 0.656528457, 0.754202216),
                (0.00585904807, 0.653289145, 0.757085837),
                (0.00165298772, 0.651565154, 0.758590877),
                (0.00589319373, 0.651938311, 0.758249107),
                (0.0237672915, 0.650603919, 0.759045227),
                (0.351252846, 0.600705574, 0.718174249),
                (0.702603507, 0.351658739, 0.618614939),
                (0.706842203, 0.132432625, 0.694863799),
                (0.568416672, -0.00184558408, 0.822738769),
                (-0.436322567, 0.00499710511, 0.899776442),
                (-0.573328463, 0.215651645, 0.790435855),
                (-0.541792004, 0.525076463, 0.656320145),
                (-0.228568269, 0.741287508, 0.631070025),
                (-0.0125630416, 0.767541817, 0.640875751),
                (-0.00219711052, 0.767291076, 0.641295234),
                (-0.00470733123, 0.766943759, 0.641697056),
                (-0.000408629942, 0.76793341, 0.640529555),
                (0.00789339159, 0.768592649, 0.639689795),
                (0.00922051008, 0.767158806, 0.641390948),
                (0.00311902377, 0.764928212, 0.644107989),
                (4.87099654e-05, 0.764158092, 0.645028998),
                (0.00268986644, 0.764367513, 0.644775209),
                (0.00186449347, 0.763518906, 0.645782784),
                (-0.0056284557, 0.762027527, 0.647520168),
                (-0.00985979568, 0.762210255, 0.647254441),
                (-0.00469196238, 0.764094836, 0.645086868),
                (0.0015339401, 0.765061655, 0.643955209),
                (0.000915657084, 0.764341606, 0.64481088),
                (-0.00070034111, 0.763930755, 0.645297847),
                (0.00449261854, 0.764710796, 0.644357986),
                (0.0108399982, 0.764696725, 0.644299164),
                (0.00848382062, 0.7627598, 0.646626253),
                (0.000658501151, 0.76081064, 0.648973602),
                (-0.00175981114, 0.760806714, 0.648976153),
                (0.000921644057, 0.761549488, 0.648106108),
                (-0.000965171681, 0.761119841, 0.648610558),
                (-0.00765079778, 0.760497094, 0.649296262),
                (-0.00849586445, 0.761766864, 0.647795543),
                (-0.000899498153, 0.764063169, 0.64514081),
                (0.00472252409, 0.764771195, 0.644284656),
                (0.00285897416, 0.763934661, 0.645287269),
                (0.00148407039, 0.763773339, 0.64548283),
                (0.00641539758, 0.764603985, 0.644468455),
                (0.00985320619, 0.764334094, 0.644745149),
                (0.00413738491, 0.762528549, 0.646941337),
                (-0.00410612705, 0.761476554, 0.648179449),
                (-0.00487292209, 0.762547627, 0.646913728),
                (-0.00166968502, 0.763884886, 0.645350365),
                (-0.0038230405, 0.763903757, 0.645318863),
                (-0.00871697592, 0.764049721, 0.645098472),
                (-0.00621814517, 0.765940009, 0.642881977),
                (0.00255512863, 0.768004824, 0.64043896),
                (0.00637985191, 0.768034883, 0.64037623),
                (0.00285703402, 0.766874652, 0.641790547),
                (0.00145505075, 0.766733291, 0.64196413),
                (0.00556907158, 0.767346374, 0.641208646),
                (0.00610247803, 0.766695025, 0.641982475),
                (-0.00169125824, 0.765004419, 0.644022809),
                (-0.00861073075, 0.764680596, 0.644351955),
                (-0.00677445848, 0.766312036, 0.642432852),
                (-0.00270243702, 0.767574085, 0.640954538),
                (-0.00457968473, 0.767408635, 0.64114196),
                (-0.00729988375, 0.767608976, 0.640876878),
                (-0.00216106326, 0.769224404, 0.638975075),
                (0.00635631789, 0.770255093, 0.637704233),
                (0.0074771429, 0.769125628, 0.639053879),
                (0.00225975045, 0.767362373, 0.641209702),
                (0.000922004624, 0.766984115, 0.641665424),
                (0.00418454028, 0.767149074, 0.641455211),
                (0.0128812816, 0.765948136, 0.642773309),
                (0.217147602, 0.74139695, 0.634962583),
                (0.531253001, 0.528875107, 0.661862048),
                (0.571393211, 0.214895338, 0.792041535),
                (0.440446784, 0.000826406112, 0.89777834),
                (-0.2523498, 0.00562576092, 0.967619723),
                (-0.354120495, 0.237714924, 0.904483438),
                (-0.33287994, 0.576580125, 0.746154344),
                (-0.128017484, 0.744176225, 0.655601457),
                (-0.00707197389, 0.756278938, 0.654211094),
                (-0.00257682089, 0.756013257, 0.654551232),
                (-0.00367731108, 0.75624616, 0.654276871),
                (0.00104722549, 0.757404601, 0.652945001),
                (0.00670638069, 0.757531729, 0.652763896),
                (0.00573192277, 0.755822493, 0.654751483),
                (0.00078463832, 0.754132594, 0.656721718),
                (-0.000205550854, 0.753960573, 0.656919639),
                (0.00189630924, 0.754071583, 0.656789504),
                (-0.000264012777, 0.753066155, 0.657944752),
                (-0.00624176283, 0.75214934, 0.658963133),
                (-0.00757505359, 0.753068141, 0.657898923),
                (-0.00244731606, 0.754801636, 0.65594855),
                (0.001246886, 0.755125787, 0.655578745),
                (-0.000158539475, 0.754302543, 0.656526959),
                (-0.000303791149, 0.754215692, 0.656626681),
                (0.00472289016, 0.754761113, 0.655982741),
                (0.00836182584, 0.75398503, 0.656838377),
                (0.00477119255, 0.75177965, 0.659397144),
                (-0.00082185305, 0.750333658, 0.661058792),
                (-0.00112599473, 0.750622951, 0.660729837),
                (0.000760292263, 0.750926785, 0.660385028),
                (-0.00201370775, 0.750184265, 0.661225766),
                (-0.00671189636, 0.749957556, 0.661451899),
                (-0.00529433018, 0.751498448, 0.659713614),
                (0.00113470635, 0.75313473, 0.657865328),
                (0.00399167423, 0.752972507, 0.65803987),
                (0.00186663669, 0.751962356, 0.659203406),
                (0.00203746825, 0.75194167, 0.659226496),
                (0.00640077819, 0.752305336, 0.658783509),
                (0.00743782997, 0.751263424, 0.659960564),
                (0.0016601724, 0.749375344, 0.662143366),
                (-0.00364881329, 0.748908356, 0.662663535),
                (-0.00272134364, 0.750124026, 0.661291569),
                (-0.000764682941, 0.75094056, 0.66036936),
                (-0.00355961113, 0.750757032, 0.660568852),
                (-0.00644745298, 0.751341893, 0.659881648),
                (-0.0026760322, 0.753331656, 0.657635351),
                (0.0039210074, 0.754667888, 0.656095271),
                (0.0050758855, 0.754057415, 0.656788893),
                (0.00192785037, 0.753046279, 0.65796473),
                (0.00208119907, 0.7532291, 0.657754963),
                (0.00531006405, 0.753548161, 0.65737126),
                (0.00391754709, 0.75251879, 0.658559126),
                (-0.0029105977, 0.751251174, 0.660010002),
                (-0.00671327434, 0.75179594, 0.659361659),
                (-0.00403668002, 0.753622455, 0.657295139),
                (-0.00178631204, 0.754534464, 0.656257991),
                (-0.00416738635, 0.754488708, 0.656299797),
                (-0.00511411838, 0.755304027, 0.655354616),
                (0.000237814568, 0.757007345, 0.653406323),
                (0.00589303793, 0.757462962, 0.65285154),
                (0.00485240141, 0.75610985, 0.654426733),
                (0.000802970496, 0.75491103, 0.655826724),
                (0.00101868962, 0.755054173, 0.655661619),
                (0.00319118633, 0.755097737, 0.655604472),
                (0.00584949962, 0.753927415, 0.656931683),
                (0.117673001, 0.742913738, 0.658963006),
                (0.319732944, 0.580096275, 0.749172314),
                (0.349499275, 0.239943088, 0.905691764),
                (0.254446843, 0.00343778278, 0.967080651),
                (-0.0780966962, 0.00387522825, 0.996938257),
                (-0.116286565, 0.162911821, 0.979763835),
                (-0.120745652, 0.437577622, 0.89103665),
                (-0.0477842989, 0.584843227, 0.809737649),
                (-0.00310775594, 0.592391662, 0.805644127),
                (-0.00286701396, 0.59206935, 0.805881917),
                (-0.0027400873, 0.592906284, 0.805266807),
                (0.00244315265, 0.594722222, 0.803927553),
                (0.00634818998, 0.594693013, 0.803927808),
                (0.00382621007, 0.592407437, 0.805629436),
                (-0.000333487653, 0.590739776, 0.806862074),
                (-7.39765452e-05, 0.591070767, 0.806619702),
                (0.00135655719, 0.591203337, 0.806521403),
                (-0.00195103083, 0.58976473, 0.807572757),
                (-0.00697166299, 0.58895809, 0.808133506),
                (-0.00636265727, 0.590675379, 0.8068842),
                (-0.00127738557, 0.59285081, 0.805311297),
                (0.00078824571, 0.59286161, 0.805303974),
                (-0.000911208149, 0.59179891, 0.80608512),
                (0.000178614711, 0.592067246, 0.805888544),
                (0.00515550805, 0.592787029, 0.805342759),
                (0.00688261221, 0.591364459, 0.806375041),
                (0.00238855365, 0.588370154, 0.808588187),
                (-0.00177242314, 0.586895551, 0.809660714),
                (-0.000878190572, 0.587469977, 0.809245485),
                (0.000180689655, 0.58747189, 0.809244552),
                (-0.00332008403, 0.586155156, 0.810192021),
                (-0.00660399221, 0.58603197, 0.810261018),
                (-0.00356279797, 0.588149577, 0.808744324),
                (0.00215582996, 0.589773447, 0.807565869),
                (0.00330136494, 0.588925117, 0.808180863),
                (0.00126592282, 0.587508868, 0.809216737),
                (0.00265883539, 0.587645165, 0.809114387),
                (0.00658333908, 0.587830148, 0.808957587),
                (0.00583346285, 0.585892212, 0.810367995),
                (-7.21074427e-05, 0.583293864, 0.812261204),
                (-0.00348240396, 0.582994631, 0.812468543),
                (-0.00161679982, 0.584510058, 0.811384852),
                (-0.000687405533, 0.584992628, 0.811038318),
                (-0.00387741748, 0.584406186, 0.811452016),
                (-0.00519351045, 0.585341367, 0.81077032),
                (-0.000375872591, 0.587923539, 0.808916418),
                (0.00487369551, 0.589109593, 0.808038449),
                (0.00439109942, 0.587831525, 0.808971456),
                (0.0017182362, 0.586643889, 0.809843192),
                (0.00298514349, 0.587157503, 0.809467205),
                (0.00544341618, 0.58735707, 0.809309608),
                (0.00253508576, 0.585658865, 0.81055368),
                (-0.00372798278, 0.58420572, 0.811597054),
                (-0.00550542586, 0.58542722, 0.810706273),
                (-0.00240979524, 0.587816303, 0.808990844),
                (-0.0014525047, 0.588625989, 0.80840419),
                (-0.00401023337, 0.588572773, 0.808434295),
                (-0.00348323577, 0.590092746, 0.80732795),
                (0.00219852038, 0.592464206, 0.805593775),
                (0.00600299057, 0.592749318, 0.805364644),
                (0.00359713023, 0.590912222, 0.806727839),
                (0.000427413037, 0.589877923, 0.807492324),
                (0.00159045465, 0.590553609, 0.806996843),
                (0.00274831533, 0.590569756, 0.806981914),
                (0.000623280382, 0.589021832, 0.808116881),
                (0.0379074378, 0.582180223, 0.812175606),
                (0.107373103, 0.440106608, 0.891502771),
                (0.109483028, 0.167200347, 0.979825245),
                (0.076869224, 0.00449351968, 0.997031058),
                (-0.0038905278, 0.00240423426, 0.999989542),
                (-0.00610679017, 0.0960709395, 0.995355756),
                (-0.00609033826, 0.275844596, 0.961182952),
                (-0.0019261493, 0.38967822, 0.920949062),
                (-0.000903381012, 0.395727376, 0.918367589),
                (-0.00290140267, 0.395330663, 0.918534294),
                (-0.00146645953, 0.39650784, 0.918030164),
                (0.00397238523, 0.398857831, 0.917004172),
                (0.00620284706, 0.399025272, 0.916918948),
                (0.0025251766, 0.396649977, 0.917966459),
                (-0.000762561292, 0.395126474, 0.918626414),
                (0.000354811249, 0.395835564, 0.918321338),
                (0.000848377873, 0.396062886, 0.918222996),
                (-0.00345125028, 0.394347362, 0.918954976),
                (-0.00743404894, 0.393424898, 0.919326702),
                (-0.00520798337, 0.395404046, 0.918492524),
                (-0.000410355815, 0.397774908, 0.917482945),
                (0.000285094496, 0.397637365, 0.917542612),
                (-0.00132528888, 0.396468766, 0.918047254),
                (0.000957453873, 0.397025253, 0.917807187),
                (0.00565054065, 0.398068184, 0.917338428),
                (0.005574658, 0.39654621, 0.917997836),
                (0.000474088064, 0.393251331, 0.919430892),
                (-0.00238354651, 0.391765548, 0.920061994),
                (-0.000778077951, 0.392461713, 0.919768013),
                (-0.000738904583, 0.392237538, 0.919863668),
                (-0.00476097791, 0.390434966, 0.9206182),
                (-0.00660367909, 0.390113219, 0.920743215),
                (-0.00225451319, 0.392365951, 0.919806435),
                (0.00265162595, 0.393967298, 0.919120632),
                (0.00245894351, 0.392789497, 0.919625122),
                (0.000842356067, 0.391192918, 0.920308313),
                (0.00330231793, 0.391511024, 0.920167492),
                (0.0065472012, 0.391781014, 0.920035201),
                (0.00415815468, 0.389494085, 0.92101958),
                (-0.00165308666, 0.386484582, 0.922294386),
                (-0.00341959294, 0.386122051, 0.922441363),
                (-0.00107446999, 0.38763268, 0.921813295),
                (-0.00120416957, 0.387763526, 0.921758102),
                (-0.00448170838, 0.386719755, 0.922186394),
                (-0.0041900442, 0.387598998, 0.921818562),
                (0.00142734682, 0.390402752, 0.920643066),
                (0.00538017573, 0.391576801, 0.920129699),
                (0.00371520942, 0.390036704, 0.920791815),
                (0.00176830823, 0.388832361, 0.921306826),
                (0.00390389154, 0.389636899, 0.920960285),
                (0.00538332001, 0.389916261, 0.920834583),
                (0.00116064119, 0.387899735, 0.921700845),
                (-0.00437540804, 0.386220154, 0.922396254),
                (-0.00444023012, 0.387598886, 0.921817438),
                (-0.00127505779, 0.390130286, 0.920758782),
                (-0.00146001821, 0.390752483, 0.920494631),
                (-0.00381569893, 0.39054337, 0.920576622),
                (-0.00179548798, 0.392358847, 0.919810476),
                (0.00402584846, 0.395188232, 0.918591342),
                (0.00614143416, 0.39559826, 0.918403125),
                (0.00282017061, 0.393685707, 0.91924078),
                (0.000625062865, 0.392875888, 0.919591293),
                (0.0023872193, 0.393981491, 0.919115273),
                (0.00235823076, 0.394105589, 0.919062143),
                (-0.00273045509, 0.392330644, 0.919820205),
                (-0.00690126257, 0.386719303, 0.922171651),
                (-0.00503998293, 0.278163845, 0.960520418),
                (-0.0010347197, 0.101047319, 0.994881083),
                (0.000277102459, 0.00444970839, 0.999990062)
            ] (
                interpolation = "vertex"
            )
            point3f[] points = [
                (-0.89, -0.44, 0.360456149),
                (-0.8621875, -0.44, 0.360448442),
                (-0.834375, -0.44, 0.360514001),
                (-0.8065625, -0.44, 0.360740314),
                (-0.77875, -0.44, 0.360930282),
                (-0.7509375, -0.44, 0.360905435),
                (-0.723125, -0.44, 0.360787553),
                (-0.6953125, -0.44, 0.36076096),
                (-0.6675, -0.44, 0.360749744),
                (-0.6396875, -0.44, 0.360590306),
                (-0.611875, -0.44, 0.360377775),
                (-0.5840625, -0.44, 0.360346522),
                (-0.55625, -0.44, 0.360486356),
                (-0.5284375, -0.44, 0.360577082),
                (-0.500625, -0.44, 0.360574585),
                (-0.4728125, -0.44, 0.360654111),
                (-0.445, -0.44, 0.36084252),
                (-0.4171875, -0.44, 0.360917969),
                (-0.389375, -0.44, 0.360772475),
                (-0.3615625, -0.44, 0.360592778),
                (-0.33375, -0.44, 0.360536684),
                (-0.3059375, -0.44, 0.360486015),
                (-0.278125, -0.44, 0.360312249),
                (-0.2503125, -0.44, 0.360160765),
                (-0.2225, -0.44, 0.360226009),
                (-0.1946875, -0.44, 0.360413603),
                (-0.166875, -0.44, 0.360496339),
                (-0.1390625, -0.44, 0.360486271),
                (-0.11125, -0.44, 0.360561176),
                (-0.0834375, -0.44, 0.360692479),
                (-0.055625, -0.44, 0.360660876),
                (-0.0278125, -0.44, 0.360441347),
                (0, -0.44, 0.360265035),
                (0.0278125, -0.44, 0.360241719),
                (0.055625, -0.44, 0.360214121),
                (0.0834375, -0.44, 0.360092985),
                (0.11125, -0.44, 0.360053645),
                (0.1390625, -0.44, 0.360229326),
                (0.166875, -0.44, 0.360452594),
                (0.1946875, -0.44, 0.360516991),
                (0.2225, -0.44, 0.360497277),
                (0.2503125, -0.44, 0.360564047),
                (0.278125, -0.44, 0.360641381),
                (0.3059375, -0.44, 0.360535365),
                (0.33375, -0.44, 0.360303591),
                (0.3615625, -0.44, 0.360192731),
                (0.389375, -0.44, 0.360245563),
                (0.4171875, -0.44, 0.360273031),
                (0.445, -0.44, 0.36022828),
                (0.4728125, -0.44, 0.36029791),
                (0.500625, -0.44, 0.360543681),
                (0.5284375, -0.44, 0.360747716),
                (0.55625, -0.44, 0.360752588),
                (0.5840625, -0.44, 0.360696323),
                (0.611875, -0.44, 0.360731096),
                (0.6396875, -0.44, 0.360742497),
                (0.6675, -0.44, 0.360578081),
                (0.6953125, -0.44, 0.360366201),
                (0.723125, -0.44, 0.360337118),
                (0.7509375, -0.44, 0.360455056),
                (0.77875, -0.44, 0.360512822),
                (0.8065625, -0.44, 0.360509773),
                (0.834375, -0.44, 0.360629161),
                (0.8621875, -0.44, 0.36086223),
                (0.89, -0.44, 0.360970436),
                (-0.89, -0.418, 0.360358254),
                (-0.8621875, -0.418, 0.362484682),
                (-0.834375, -0.418, 0.366793162),
                (-0.8065625, -0.418, 0.370004306),
                (-0.77875, -0.418, 0.370321389),
                (-0.7509375, -0.418, 0.370246314),
                (-0.723125, -0.418, 0.370131949),
                (-0.6953125, -0.418, 0.370136687),
                (-0.6675, -0.418, 0.370102506),
                (-0.6396875, -0.418, 0.369888659),
                (-0.611875, -0.418, 0.369687891),
                (-0.5840625, -0.418, 0.369736855),
                (-0.55625, -0.418, 0.369927886),
                (-0.5284375, -0.418, 0.370012783),
                (-0.500625, -0.418, 0.370027831),
                (-0.4728125, -0.418, 0.370178476),
                (-0.445, -0.418, 0.370405575),
                (-0.4171875, -0.418, 0.370433984),
                (-0.389375, -0.418, 0.370231602),
                (-0.3615625, -0.418, 0.37005985),
                (-0.33375, -0.418, 0.370026469),
                (-0.3059375, -0.418, 0.369941831),
                (-0.278125, -0.418, 0.369724536),
                (-0.2503125, -0.418, 0.369606328),
                (-0.2225, -0.418, 0.369750383),
                (-0.1946875, -0.418, 0.369962642),
                (-0.166875, -0.418, 0.37001618),
                (-0.1390625, -0.418, 0.370009788),
                (-0.11125, -0.418, 0.37012702),
                (-0.0834375, -0.418, 0.370248208),
                (-0.055625, -0.418, 0.370131958),
                (-0.0278125, -0.418, 0.369847789),
                (0, -0.418, 0.369679279),
                (0.0278125, -0.418, 0.369665),
                (0.055625, -0.418, 0.369592261),
                (0.0834375, -0.418, 0.369437775),
                (0.11125, -0.418, 0.369443767),
                (0.1390625, -0.418, 0.369682823),
                (0.166875, -0.418, 0.369897136),
                (0.1946875, -0.418, 0.369910768),
                (0.2225, -0.418, 0.369884716),
                (0.2503125, -0.418, 0.369971132),
                (0.278125, -0.418, 0.370006485),
                (0.3059375, -0.418, 0.369806817),
                (0.33375, -0.418, 0.369531711),
                (0.3615625, -0.418, 0.369450726),
                (0.389375, -0.418, 0.369519383),
                (0.4171875, -0.418, 0.369513606),
                (0.445, -0.418, 0.369464936),
                (0.4728125, -0.418, 0.369601838),
                (0.500625, -0.418, 0.369903565),
                (0.5284375, -0.418, 0.370081708),
                (0.55625, -0.418, 0.37003795),
                (0.5840625, -0.418, 0.369988147),
                (0.611875, -0.418, 0.370043052),
                (0.6396875, -0.418, 0.370011138),
                (0.6675, -0.418, 0.36977887),
                (0.6953125, -0.418, 0.369571897),
                (0.723125, -0.418, 0.369609824),
                (0.7509375, -0.418, 0.369761172),
                (0.77875, -0.418, 0.369807716),
                (0.8065625, -0.418, 0.369690835),
                (0.834375, -0.418, 0.366965798),
                (0.8621875, -0.418, 0.363009527),
                (0.89, -0.418, 0.360917543),
                (-0.89, -0.396, 0.360257845),
                (-0.8621875, -0.396, 0.367525862),
                (-0.834375, -0.396, 0.381996929),
                (-0.8065625, -0.396, 0.392348485),
                (-0.77875, -0.396, 0.392980584),
                (-0.7509375, -0.396, 0.392826232),
                (-0.723125, -0.396, 0.392709827),
                (-0.6953125, -0.396, 0.392739808),
                (-0.6675, -0.396, 0.392641722),
                (-0.6396875, -0.396, 0.392327364),
                (-0.611875, -0.396, 0.392139616),
                (-0.5840625, -0.396, 0.392307118),
                (-0.55625, -0.396, 0.392573691),
                (-0.5284375, -0.396, 0.392660327),
                (-0.500625, -0.396, 0.3927251),
                (-0.4728125, -0.396, 0.39300194),
                (-0.445, -0.396, 0.393291445),
                (-0.4171875, -0.396, 0.393247242),
                (-0.389375, -0.396, 0.392960551),
                (-0.3615625, -0.396, 0.392797919),
                (-0.33375, -0.396, 0.392784548),
                (-0.3059375, -0.396, 0.392634936),
                (-0.278125, -0.396, 0.392354659),
                (-0.2503125, -0.396, 0.392302506),
                (-0.2225, -0.396, 0.392581007),
                (-0.1946875, -0.396, 0.392845997),
                (-0.166875, -0.396, 0.392880754),
                (-0.1390625, -0.396, 0.392910408),
                (-0.11125, -0.396, 0.393109661),
                (-0.0834375, -0.396, 0.393216695),
                (-0.055625, -0.396, 0.392970194),
                (-0.0278125, -0.396, 0.392589795),
                (0, -0.396, 0.392429739),
                (0.0278125, -0.396, 0.392417875),
                (0.055625, -0.396, 0.392272228),
                (0.0834375, -0.396, 0.392080454),
                (0.11125, -0.396, 0.392176284),
                (0.1390625, -0.396, 0.392526855),
                (0.166875, -0.396, 0.392740723),
                (0.1946875, -0.396, 0.392696256),
                (0.2225, -0.396, 0.392676683),
                (0.2503125, -0.396, 0.392791051),
                (0.278125, -0.396, 0.392745838),
                (0.3059375, -0.396, 0.392388566),
                (0.33375, -0.396, 0.392037709),
                (0.3615625, -0.396, 0.391988081),
                (0.389375, -0.396, 0.392063444),
                (0.4171875, -0.396, 0.392001514),
                (0.445, -0.396, 0.391957647),
                (0.4728125, -0.396, 0.392209048),
                (0.500625, -0.396, 0.392598114),
                (0.5284375, -0.396, 0.392735934),
                (0.55625, -0.396, 0.392620434),
                (0.5840625, -0.396, 0.392575331),
                (0.611875, -0.396, 0.392637839),
                (0.6396875, -0.396, 0.392508871),
                (0.6675, -0.396, 0.392150879),
                (0.6953125, -0.396, 0.39193739),
                (0.723125, -0.396, 0.392061665),
                (0.7509375, -0.396, 0.392250026),
                (0.77875, -0.396, 0.392280648),
                (0.8065625, -0.396, 0.391878281),
                (0.834375, -0.396, 0.382225609),
                (0.8621875, -0.396, 0.368131772),
                (0.89, -0.396, 0.360799403),
                (-0.89, -0.374, 0.360201843),
                (-0.8621875, -0.374, 0.373756366),
                (-0.834375, -0.374, 0.400639783),
                (-0.8065625, -0.374, 0.419666554),
                (-0.77875, -0.374, 0.42062219),
                (-0.7509375, -0.374, 0.420366345),
                (-0.723125, -0.374, 0.42025932),
                (-0.6953125, -0.374, 0.420286418),
                (-0.6675, -0.374, 0.420063287),
                (-0.6396875, -0.374, 0.419635587),
                (-0.611875, -0.374, 0.419508844),
                (-0.5840625, -0.374, 0.419823715),
                (-0.55625, -0.374, 0.420142439),
                (-0.5284375, -0.374, 0.420221045),
                (-0.500625, -0.374, 0.420376969),
                (-0.4728125, -0.374, 0.420807611),
                (-0.445, -0.374, 0.421120308),
                (-0.4171875, -0.374, 0.420953687),
                (-0.389375, -0.374, 0.420591554),
                (-0.3615625, -0.374, 0.420470569),
                (-0.33375, -0.374, 0.420465477),
                (-0.3059375, -0.374, 0.420222945),
                (-0.278125, -0.374, 0.419911304),
                (-0.2503125, -0.374, 0.420001021),
                (-0.2225, -0.374, 0.420449325),
                (-0.1946875, -0.374, 0.420752661),
                (-0.166875, -0.374, 0.420778863),
                (-0.1390625, -0.374, 0.420896576),
                (-0.11125, -0.374, 0.421197862),
                (-0.0834375, -0.374, 0.421248953),
                (-0.055625, -0.374, 0.420842123),
                (-0.0278125, -0.374, 0.420398874),
                (0, -0.374, 0.420288401),
                (0.0278125, -0.374, 0.420270983),
                (0.055625, -0.374, 0.420041952),
                (0.0834375, -0.374, 0.419863259),
                (0.11125, -0.374, 0.420119508),
                (0.1390625, -0.374, 0.420592783),
                (0.166875, -0.374, 0.420774949),
                (0.1946875, -0.374, 0.420675556),
                (0.2225, -0.374, 0.420695847),
                (0.2503125, -0.374, 0.420826393),
                (0.278125, -0.374, 0.420639406),
                (0.3059375, -0.374, 0.420096586),
                (0.33375, -0.374, 0.419703544),
                (0.3615625, -0.374, 0.419708755),
                (0.389375, -0.374, 0.419763914),
                (0.4171875, -0.374, 0.419629765),
                (0.445, -0.374, 0.419631412),
                (0.4728125, -0.374, 0.420034347),
                (0.500625, -0.374, 0.420478762),
                (0.5284375, -0.374, 0.420517857),
                (0.55625, -0.374, 0.420318162),
                (0.5840625, -0.374, 0.420285802),
                (0.611875, -0.374, 0.420313962),
                (0.6396875, -0.374, 0.420016444),
                (0.6675, -0.374, 0.419514308),
                (0.6953125, -0.374, 0.419330064),
                (0.723125, -0.374, 0.419549794),
                (0.7509375, -0.374, 0.419738115),
                (0.77875, -0.374, 0.419740368),
                (0.8065625, -0.374, 0.419014003),
                (0.834375, -0.374, 0.400881961),
                (0.8621875, -0.374, 0.374374031),
                (0.89, -0.374, 0.360661726),
                (-0.89, -0.352, 0.360217343),
                (-0.8621875, -0.352, 0.37936768),
                (-0.834375, -0.352, 0.417275971),
                (-0.8065625, -0.352, 0.443926525),
                (-0.77875, -0.352, 0.445088715),
                (-0.7509375, -0.352, 0.444744246),
                (-0.723125, -0.352, 0.444656392),
                (-0.6953125, -0.352, 0.444623038),
                (-0.6675, -0.352, 0.444225913),
                (-0.6396875, -0.352, 0.443721548),
                (-0.611875, -0.352, 0.443710475),
                (-0.5840625, -0.352, 0.444146071),
                (-0.55625, -0.352, 0.444448182),
                (-0.5284375, -0.352, 0.44450806),
                (-0.500625, -0.352, 0.444780522),
                (-0.4728125, -0.352, 0.445325082),
                (-0.445, -0.352, 0.445565776),
                (-0.4171875, -0.352, 0.445239594),
                (-0.389375, -0.352, 0.444844791),
                (-0.3615625, -0.352, 0.444786146),
                (-0.33375, -0.352, 0.44474887),
                (-0.3059375, -0.352, 0.444403423),
                (-0.278125, -0.352, 0.44413038),
                (-0.2503125, -0.352, 0.444420055),
                (-0.2225, -0.352, 0.445007605),
                (-0.1946875, -0.352, 0.445300345),
                (-0.166875, -0.352, 0.445338931),
                (-0.1390625, -0.352, 0.445585402),
                (-0.11125, -0.352, 0.445958641),
                (-0.0834375, -0.352, 0.4458952),
                (-0.055625, -0.352, 0.445348827),
                (-0.0278125, -0.352, 0.444927607),
                (0, -0.352, 0.444906208),
                (0.0278125, -0.352, 0.444867566),
                (0.055625, -0.352, 0.444583728),
                (0.0834375, -0.352, 0.444509554),
                (0.11125, -0.352, 0.444974911),
                (0.1390625, -0.352, 0.445531119),
                (0.166875, -0.352, 0.445648258),
                (0.1946875, -0.352, 0.445534435),
                (0.2225, -0.352, 0.445634534),
                (0.2503125, -0.352, 0.445748433),
                (0.278125, -0.352, 0.445383337),
                (0.3059375, -0.352, 0.444706328),
                (0.33375, -0.352, 0.444359277),
                (0.3615625, -0.352, 0.444438892),
                (0.389375, -0.352, 0.444446881),
                (0.4171875, -0.352, 0.444266448),
                (0.445, -0.352, 0.44438023),
                (0.4728125, -0.352, 0.444934278),
                (0.500625, -0.352, 0.445357024),
                (0.5284375, -0.352, 0.445253921),
                (0.55625, -0.352, 0.444999218),
                (0.5840625, -0.352, 0.444988923),
                (0.611875, -0.352, 0.444924288),
                (0.6396875, -0.352, 0.444420945),
                (0.6675, -0.352, 0.443824373),
                (0.6953125, -0.352, 0.443725479),
                (0.723125, -0.352, 0.444013589),
                (0.7509375, -0.352, 0.44414517),
                (0.77875, -0.352, 0.444124118),
                (0.8065625, -0.352, 0.443147059),
                (0.834375, -0.352, 0.417462434),
                (0.8621875, -0.352, 0.379907239),
                (0.89, -0.352, 0.360555039),
                (-0.89, -0.33, 0.360300544),
                (-0.8621875, -0.33, 0.382510132),
                (-0.834375, -0.33, 0.426396771),
                (-0.8065625, -0.33, 0.45706856),
                (-0.77875, -0.33, 0.458256809),
                (-0.7509375, -0.33, 0.457883934),
                (-0.723125, -0.33, 0.457815597),
                (-0.6953125, -0.33, 0.457667372),
                (-0.6675, -0.33, 0.457110094),
                (-0.6396875, -0.33, 0.456617107),
                (-0.611875, -0.33, 0.456746588),
                (-0.5840625, -0.33, 0.45721824),
                (-0.55625, -0.33, 0.457429433),
                (-0.5284375, -0.33, 0.457475601),
                (-0.500625, -0.33, 0.457849894),
                (-0.4728125, -0.33, 0.458399625),
                (-0.445, -0.33, 0.458466591),
                (-0.4171875, -0.33, 0.457994624),
                (-0.389375, -0.33, 0.457625377),
                (-0.3615625, -0.33, 0.457610692),
                (-0.33375, -0.33, 0.457486967),
                (-0.3059375, -0.33, 0.457064394),
                (-0.278125, -0.33, 0.456902099),
                (-0.2503125, -0.33, 0.457374386),
                (-0.2225, -0.33, 0.457994099),
                (-0.1946875, -0.33, 0.458215503),
                (-0.166875, -0.33, 0.458286819),
                (-0.1390625, -0.33, 0.458648171),
                (-0.11125, -0.33, 0.459004356),
                (-0.0834375, -0.33, 0.45878351),
                (-0.055625, -0.33, 0.458173039),
                (-0.0278125, -0.33, 0.457860057),
                (0, -0.33, 0.457923485),
                (0.0278125, -0.33, 0.457842913),
                (0.055625, -0.33, 0.457566656),
                (0.0834375, -0.33, 0.457674144),
                (0.11125, -0.33, 0.45832022),
                (0.1390625, -0.33, 0.458871051),
                (0.166875, -0.33, 0.458912374),
                (0.1946875, -0.33, 0.458845599),
                (0.2225, -0.33, 0.45903622),
                (0.2503125, -0.33, 0.459087621),
                (0.278125, -0.33, 0.458570332),
                (0.3059375, -0.33, 0.457885665),
                (0.33375, -0.33, 0.457679417),
                (0.3615625, -0.33, 0.457827201),
                (0.389375, -0.33, 0.457783337),
                (0.4171875, -0.33, 0.457629191),
                (0.445, -0.33, 0.457909936),
                (0.4728125, -0.33, 0.458559301),
                (0.500625, -0.33, 0.458879934),
                (0.5284375, -0.33, 0.458653119),
                (0.55625, -0.33, 0.458414026),
                (0.5840625, -0.33, 0.458428144),
                (0.611875, -0.33, 0.458234035),
                (0.6396875, -0.33, 0.457572737),
                (0.6675, -0.33, 0.456998725),
                (0.6953125, -0.33, 0.457029791),
                (0.723125, -0.33, 0.457330756),
                (0.7509375, -0.33, 0.457373651),
                (0.77875, -0.33, 0.45736691),
                (0.8065625, -0.33, 0.456304464),
                (0.834375, -0.33, 0.426481451),
                (0.8621875, -0.33, 0.382901172),
                (0.89, -0.33, 0.36051347),
                (-0.89, -0.308, 0.360419524),
                (-0.8621875, -0.308, 0.382863196),
                (-0.834375, -0.308, 0.427110666),
                (-0.8065625, -0.308, 0.457862249),
                (-0.77875, -0.308, 0.458951789),
                (-0.7509375, -0.308, 0.458625955),
                (-0.723125, -0.308, 0.458568817),
                (-0.6953125, -0.308, 0.458293657),
                (-0.6675, -0.308, 0.457656739),
                (-0.6396875, -0.308, 0.457270581),
                (-0.611875, -0.308, 0.457524022),
                (-0.5840625, -0.308, 0.457945306),
                (-0.55625, -0.308, 0.458041321),
                (-0.5284375, -0.308, 0.458100406),
                (-0.500625, -0.308, 0.45853244),
                (-0.4728125, -0.308, 0.458976612),
                (-0.445, -0.308, 0.458830494),
                (-0.4171875, -0.308, 0.458278084),
                (-0.389375, -0.308, 0.457975881),
                (-0.3615625, -0.308, 0.457959184),
                (-0.33375, -0.308, 0.457719535),
                (-0.3059375, -0.308, 0.457274826),
                (-0.278125, -0.308, 0.457257203),
                (-0.2503125, -0.308, 0.457827056),
                (-0.2225, -0.308, 0.458359891),
                (-0.1946875, -0.308, 0.458478074),
                (-0.166875, -0.308, 0.458589443),
                (-0.1390625, -0.308, 0.458998613),
                (-0.11125, -0.308, 0.459237892),
                (-0.0834375, -0.308, 0.458858873),
                (-0.055625, -0.308, 0.458268755),
                (-0.0278125, -0.308, 0.458092902),
                (0, -0.308, 0.458188295),
                (0.0278125, -0.308, 0.458051005),
                (0.055625, -0.308, 0.457840495),
                (0.0834375, -0.308, 0.45813868),
                (0.11125, -0.308, 0.458865923),
                (0.1390625, -0.308, 0.459321199),
                (0.166875, -0.308, 0.459301882),
                (0.1946875, -0.308, 0.459319701),
                (0.2225, -0.308, 0.459563396),
                (0.2503125, -0.308, 0.459512919),
                (0.278125, -0.308, 0.458914285),
                (0.3059375, -0.308, 0.458343902),
                (0.33375, -0.308, 0.458313833),
                (0.3615625, -0.308, 0.458494489),
                (0.389375, -0.308, 0.458418797),
                (0.4171875, -0.308, 0.458365821),
                (0.445, -0.308, 0.458816456),
                (0.4728125, -0.308, 0.459475592),
                (0.500625, -0.308, 0.459657324),
                (0.5284375, -0.308, 0.459377637),
                (0.55625, -0.308, 0.459220388),
                (0.5840625, -0.308, 0.459247548),
                (0.611875, -0.308, 0.458932384),
                (0.6396875, -0.308, 0.458224183),
                (0.6675, -0.308, 0.457790123),
                (0.6953125, -0.308, 0.457956518),
                (0.723125, -0.308, 0.458222656),
                (0.7509375, -0.308, 0.458197691),
                (0.77875, -0.308, 0.458259278),
                (0.8065625, -0.308, 0.457267461),
                (0.834375, -0.308, 0.427108558),
                (0.8621875, -0.308, 0.383092113),
                (0.89, -0.308, 0.360540941),
                (-0.89, -0.286, 0.360529438),
                (-0.8621875, -0.286, 0.383083539),
                (-0.834375, -0.286, 0.427419316),
                (-0.8065625, -0.286, 0.458088053),
                (-0.77875, -0.286, 0.459140319),
                (-0.7509375, -0.286, 0.458899723),
                (-0.723125, -0.286, 0.458838934),
                (-0.6953125, -0.286, 0.458447715),
                (-0.6675, -0.286, 0.457800034),
                (-0.6396875, -0.286, 0.457570439),
                (-0.611875, -0.286, 0.45792735),
                (-0.5840625, -0.286, 0.4582726),
                (-0.55625, -0.286, 0.458286173),
                (-0.5284375, -0.286, 0.45839858),
                (-0.500625, -0.286, 0.458866534),
                (-0.4728125, -0.286, 0.459162259),
                (-0.445, -0.286, 0.45882017),
                (-0.4171875, -0.286, 0.458240541),
                (-0.389375, -0.286, 0.458008548),
                (-0.3615625, -0.286, 0.457947733),
                (-0.33375, -0.286, 0.457588106),
                (-0.3059375, -0.286, 0.457162528),
                (-0.278125, -0.286, 0.457291066),
                (-0.2503125, -0.286, 0.457895076),
                (-0.2225, -0.286, 0.458293756),
                (-0.1946875, -0.286, 0.458321197),
                (-0.166875, -0.286, 0.458476447),
                (-0.1390625, -0.286, 0.458876277),
                (-0.11125, -0.286, 0.458942475),
                (-0.0834375, -0.286, 0.458416346),
                (-0.055625, -0.286, 0.45787552),
                (-0.0278125, -0.286, 0.457805664),
                (0, -0.286, 0.457872715),
                (0.0278125, -0.286, 0.457669539),
                (0.055625, -0.286, 0.457548681),
                (0.0834375, -0.286, 0.458009834),
                (0.11125, -0.286, 0.458741842),
                (0.1390625, -0.286, 0.459064953),
                (0.166875, -0.286, 0.459006687),
                (0.1946875, -0.286, 0.459108685),
                (0.2225, -0.286, 0.459352361),
                (0.2503125, -0.286, 0.459170347),
                (0.278125, -0.286, 0.458528807),
                (0.3059375, -0.286, 0.458109177),
                (0.33375, -0.286, 0.458227795),
                (0.3615625, -0.286, 0.458404049),
                (0.389375, -0.286, 0.458318983),
                (0.4171875, -0.286, 0.45840748),
                (0.445, -0.286, 0.459009529),
                (0.4728125, -0.286, 0.45963109),
                (0.500625, -0.286, 0.459683983),
                (0.5284375, -0.286, 0.459409483),
                (0.55625, -0.286, 0.459354736),
                (0.5840625, -0.286, 0.459371862),
                (0.611875, -0.286, 0.458951552),
                (0.6396875, -0.286, 0.458270285),
                (0.6675, -0.286, 0.458024431),
                (0.6953125, -0.286, 0.458309326),
                (0.723125, -0.286, 0.458531296),
                (0.7509375, -0.286, 0.458488727),
                (0.77875, -0.286, 0.458666742),
                (0.8065625, -0.286, 0.457737841),
                (0.834375, -0.286, 0.427382899),
                (0.8621875, -0.286, 0.383187123),
                (0.89, -0.286, 0.36061075),
                (-0.89, -0.264, 0.360593172),
                (-0.8621875, -0.264, 0.383228794),
                (-0.834375, -0.264, 0.427583151),
                (-0.8065625, -0.264, 0.458161899),
                (-0.77875, -0.264, 0.459240865),
                (-0.7509375, -0.264, 0.459104119),
                (-0.723125, -0.264, 0.459022478),
                (-0.6953125, -0.264, 0.458543476),
                (-0.6675, -0.264, 0.457959498),
                (-0.6396875, -0.264, 0.457921965),
                (-0.611875, -0.264, 0.458358594),
                (-0.5840625, -0.264, 0.458624542),
                (-0.55625, -0.264, 0.458608955),
                (-0.5284375, -0.264, 0.458813793),
                (-0.500625, -0.264, 0.459295897),
                (-0.4728125, -0.264, 0.459425264),
                (-0.445, -0.264, 0.458934495),
                (-0.4171875, -0.264, 0.458387759),
                (-0.389375, -0.264, 0.458226099),
                (-0.3615625, -0.264, 0.458096694),
                (-0.33375, -0.264, 0.457643862),
                (-0.3059375, -0.264, 0.457290989),
                (-0.278125, -0.264, 0.45756284),
                (-0.2503125, -0.264, 0.45814916),
                (-0.2225, -0.264, 0.458398509),
                (-0.1946875, -0.264, 0.458368476),
                (-0.166875, -0.264, 0.458569501),
                (-0.1390625, -0.264, 0.458906847),
                (-0.11125, -0.264, 0.458769571),
                (-0.0834375, -0.264, 0.458128278),
                (-0.055625, -0.264, 0.457659949),
                (-0.0278125, -0.264, 0.457654779),
                (0, -0.264, 0.457644739),
                (0.0278125, -0.264, 0.457383254),
                (0.055625, -0.264, 0.457369276),
                (0.0834375, -0.264, 0.457947331),
                (0.11125, -0.264, 0.458609064),
                (0.1390625, -0.264, 0.458778864),
                (0.166875, -0.264, 0.458700156),
                (0.1946875, -0.264, 0.458862734),
                (0.2225, -0.264, 0.459041872),
                (0.2503125, -0.264, 0.458705857),
                (0.278125, -0.264, 0.458054942),
                (0.3059375, -0.264, 0.457792893),
                (0.33375, -0.264, 0.458007247),
                (0.3615625, -0.264, 0.458139759),
                (0.389375, -0.264, 0.45806506),
                (0.4171875, -0.264, 0.458309185),
                (0.445, -0.264, 0.459015022),
                (0.4728125, -0.264, 0.459546605),
                (0.500625, -0.264, 0.459484477),
                (0.5284375, -0.264, 0.459255354),
                (0.55625, -0.264, 0.459293124),
                (0.5840625, -0.264, 0.459265455),
                (0.611875, -0.264, 0.458760315),
                (0.6396875, -0.264, 0.458168331),
                (0.6675, -0.264, 0.458128947),
                (0.6953125, -0.264, 0.458499508),
                (0.723125, -0.264, 0.458675928),
                (0.7509375, -0.264, 0.458668321),
                (0.77875, -0.264, 0.458992418),
                (0.8065625, -0.264, 0.458099604),
                (0.834375, -0.264, 0.427561283),
                (0.8621875, -0.264, 0.383249055),
                (0.89, -0.264, 0.360678574),
                (-0.89, -0.242, 0.360598095),
                (-0.8621875, -0.242, 0.383267653),
                (-0.834375, -0.242, 0.427550638),
                (-0.8065625, -0.242, 0.458022248),
                (-0.77875, -0.242, 0.459173229),
                (-0.7509375, -0.242, 0.459132653),
                (-0.723125, -0.242, 0.459007716),
                (-0.6953125, -0.242, 0.458477495),
                (-0.6675, -0.242, 0.45802285),
                (-0.6396875, -0.242, 0.458188867),
                (-0.611875, -0.242, 0.458673883),
                (-0.5840625, -0.242, 0.458870927),
                (-0.55625, -0.242, 0.45888432),
                (-0.5284375, -0.242, 0.459206541),
                (-0.500625, -0.242, 0.459676049),
                (-0.4728125, -0.242, 0.45964081),
                (-0.445, -0.242, 0.459067244),
                (-0.4171875, -0.242, 0.458609973),
                (-0.389375, -0.242, 0.458514088),
                (-0.3615625, -0.242, 0.458310384),
                (-0.33375, -0.242, 0.457816813),
                (-0.3059375, -0.242, 0.457595033),
                (-0.278125, -0.242, 0.458002609),
                (-0.2503125, -0.242, 0.458535386),
                (-0.2225, -0.242, 0.45865169),
                (-0.1946875, -0.242, 0.458613124),
                (-0.166875, -0.242, 0.45886068),
                (-0.1390625, -0.242, 0.459094965),
                (-0.11125, -0.242, 0.458756236),
                (-0.0834375, -0.242, 0.458053773),
                (-0.055625, -0.242, 0.457680009),
                (-0.0278125, -0.242, 0.457700981),
                (0, -0.242, 0.457589456),
                (0.0278125, -0.242, 0.45729945),
                (0.055625, -0.242, 0.457407563),
                (0.0834375, -0.242, 0.458049976),
                (0.11125, -0.242, 0.45858165),
                (0.1390625, -0.242, 0.45859939),
                (0.166875, -0.242, 0.458519153),
                (0.1946875, -0.242, 0.45870572),
                (0.2225, -0.242, 0.458759646),
                (0.2503125, -0.242, 0.458264479),
                (0.278125, -0.242, 0.4576371),
                (0.3059375, -0.242, 0.457517917),
                (0.33375, -0.242, 0.457763446),
                (0.3615625, -0.242, 0.45782049),
                (0.389375, -0.242, 0.457774273),
                (0.4171875, -0.242, 0.458163241),
                (0.445, -0.242, 0.458903408),
                (0.4728125, -0.242, 0.459293565),
                (0.500625, -0.242, 0.459131623),
                (0.5284375, -0.242, 0.45896587),
                (0.55625, -0.242, 0.459057928),
                (0.5840625, -0.242, 0.458943549),
                (0.611875, -0.242, 0.458375384),
                (0.6396875, -0.242, 0.457915664),
                (0.6675, -0.242, 0.45806788),
                (0.6953125, -0.242, 0.458475861),
                (0.723125, -0.242, 0.458607467),
                (0.7509375, -0.242, 0.458676389),
                (0.77875, -0.242, 0.459147158),
                (0.8065625, -0.242, 0.458247775),
                (0.834375, -0.242, 0.427565177),
                (0.8621875, -0.242, 0.383228995),
                (0.89, -0.242, 0.360702933),
                (-0.89, -0.22, 0.360561342),
                (-0.8621875, -0.22, 0.383213944),
                (-0.834375, -0.22, 0.427344625),
                (-0.8065625, -0.22, 0.45769498),
                (-0.77875, -0.22, 0.458937252),
                (-0.7509375, -0.22, 0.458957937),
                (-0.723125, -0.22, 0.458762644),
                (-0.6953125, -0.22, 0.45821782),
                (-0.6675, -0.22, 0.457936138),
                (-0.6396875, -0.22, 0.458286492),
                (-0.611875, -0.22, 0.458779227),
                (-0.5840625, -0.22, 0.458923098),
                (-0.55625, -0.22, 0.459013017),
                (-0.5284375, -0.22, 0.459452382),
                (-0.500625, -0.22, 0.459873857),
                (-0.4728125, -0.22, 0.459688172),
                (-0.445, -0.22, 0.459100683),
                (-0.4171875, -0.22, 0.45877209),
                (-0.389375, -0.22, 0.458727721),
                (-0.3615625, -0.22, 0.458458082),
                (-0.33375, -0.22, 0.457989197),
                (-0.3059375, -0.22, 0.457948081),
                (-0.278125, -0.22, 0.45847453),
                (-0.2503125, -0.22, 0.458933432),
                (-0.2225, -0.22, 0.4589572),
                (-0.1946875, -0.22, 0.458963725),
                (-0.166875, -0.22, 0.459254139),
                (-0.1390625, -0.22, 0.459360995),
                (-0.11125, -0.22, 0.458854258),
                (-0.0834375, -0.22, 0.458159632),
                (-0.055625, -0.22, 0.457899661),
                (-0.0278125, -0.22, 0.457918321),
                (0, -0.22, 0.457711033),
                (0.0278125, -0.22, 0.457443006),
                (0.055625, -0.22, 0.457687107),
                (0.0834375, -0.22, 0.458345219),
                (0.11125, -0.22, 0.458714137),
                (0.1390625, -0.22, 0.458607546),
                (0.166875, -0.22, 0.458547592),
                (0.1946875, -0.22, 0.458719656),
                (0.2225, -0.22, 0.458606799),
                (0.2503125, -0.22, 0.457972845),
                (0.278125, -0.22, 0.457404534),
                (0.3059375, -0.22, 0.457401737),
                (0.33375, -0.22, 0.457618572),
                (0.3615625, -0.22, 0.457587218),
                (0.389375, -0.22, 0.457589616),
                (0.4171875, -0.22, 0.458094753),
                (0.445, -0.22, 0.458792699),
                (0.4728125, -0.22, 0.45900296),
                (0.500625, -0.22, 0.458760524),
                (0.5284375, -0.22, 0.458656256),
                (0.55625, -0.22, 0.458746119),
                (0.5840625, -0.22, 0.458506162),
                (0.611875, -0.22, 0.457899059),
                (0.6396875, -0.22, 0.457592181),
                (0.6675, -0.22, 0.457891812),
                (0.6953125, -0.22, 0.458280719),
                (0.723125, -0.22, 0.458369501),
                (0.7509375, -0.22, 0.45853792),
                (0.77875, -0.22, 0.459124126),
                (0.8065625, -0.22, 0.45816182),
                (0.834375, -0.22, 0.427381095),
                (0.8621875, -0.22, 0.383113397),
                (0.89, -0.22, 0.360663917),
                (-0.89, -0.198, 0.360521277),
                (-0.8621875, -0.198, 0.383118123),
                (-0.834375, -0.198, 0.427052362),
                (-0.8065625, -0.198, 0.457285933),
                (-0.77875, -0.198, 0.458613675),
                (-0.7509375, -0.198, 0.458641016),
                (-0.723125, -0.198, 0.458349515),
                (-0.6953125, -0.198, 0.45782287),
                (-0.6675, -0.198, 0.457729784),
                (-0.6396875, -0.198, 0.458215985),
                (-0.611875, -0.198, 0.45866958),
                (-0.5840625, -0.198, 0.458775615),
                (-0.55625, -0.198, 0.458968079),
                (-0.5284375, -0.198, 0.459494335),
                (-0.500625, -0.198, 0.459823471),
                (-0.4728125, -0.198, 0.459506839),
                (-0.445, -0.198, 0.458962668),
                (-0.4171875, -0.198, 0.458774018),
                (-0.389375, -0.198, 0.458753777),
                (-0.3615625, -0.198, 0.45843366),
                (-0.33375, -0.198, 0.458052411),
                (-0.3059375, -0.198, 0.458218873),
                (-0.278125, -0.198, 0.458832922),
                (-0.2503125, -0.198, 0.459208226),
                (-0.2225, -0.198, 0.459190941),
                (-0.1946875, -0.198, 0.459286227),
                (-0.166875, -0.198, 0.459605417),
                (-0.1390625, -0.198, 0.459574483),
                (-0.11125, -0.198, 0.458955363),
                (-0.0834375, -0.198, 0.458339296),
                (-0.055625, -0.198, 0.458203756),
                (-0.0278125, -0.198, 0.458203027),
                (0, -0.198, 0.457932655),
                (0.0278125, -0.198, 0.457748674),
                (0.055625, -0.198, 0.458137538),
                (0.0834375, -0.198, 0.458771866),
                (0.11125, -0.198, 0.458976221),
                (0.1390625, -0.198, 0.458795925),
                (0.166875, -0.198, 0.458779384),
                (0.1946875, -0.198, 0.458904547),
                (0.2225, -0.198, 0.458612035),
                (0.2503125, -0.198, 0.457887164),
                (0.278125, -0.198, 0.457416622),
                (0.3059375, -0.198, 0.45750142),
                (0.33375, -0.198, 0.457648514),
                (0.3615625, -0.198, 0.457542184),
                (0.389375, -0.198, 0.45761822),
                (0.4171875, -0.198, 0.458202576),
                (0.445, -0.198, 0.458791052),
                (0.4728125, -0.198, 0.458807408),
                (0.500625, -0.198, 0.458511863),
                (0.5284375, -0.198, 0.458454662),
                (0.55625, -0.198, 0.458482793),
                (0.5840625, -0.198, 0.45809424),
                (0.611875, -0.198, 0.457478374),
                (0.6396875, -0.198, 0.457326165),
                (0.6675, -0.198, 0.457711418),
                (0.6953125, -0.198, 0.458028871),
                (0.723125, -0.198, 0.458081325),
                (0.7509375, -0.198, 0.458353063),
                (0.77875, -0.198, 0.45899792),
                (0.8065625, -0.198, 0.457911357),
                (0.834375, -0.198, 0.427068488),
                (0.8621875, -0.198, 0.382932067),
                (0.89, -0.198, 0.360571798),
                (-0.89, -0.176, 0.360519039),
                (-0.8621875, -0.176, 0.383042767),
                (-0.834375, -0.176, 0.426787931),
                (-0.8065625, -0.176, 0.456937453),
                (-0.77875, -0.176, 0.458327473),
                (-0.7509375, -0.176, 0.45830128),
                (-0.723125, -0.176, 0.457898634),
                (-0.6953125, -0.176, 0.457419957),
                (-0.6675, -0.176, 0.457505293),
                (-0.6396875, -0.176, 0.45805946),
                (-0.611875, -0.176, 0.458429365),
                (-0.5840625, -0.176, 0.458511388),
                (-0.55625, -0.176, 0.458807508),
                (-0.5284375, -0.176, 0.459364252),
                (-0.500625, -0.176, 0.459553345),
                (-0.4728125, -0.176, 0.459127005),
                (-0.445, -0.176, 0.458662657),
                (-0.4171875, -0.176, 0.458594068),
                (-0.389375, -0.176, 0.45855891),
                (-0.3615625, -0.176, 0.458205512),
                (-0.33375, -0.176, 0.457959406),
                (-0.3059375, -0.176, 0.458328652),
                (-0.278125, -0.176, 0.45898266),
                (-0.2503125, -0.176, 0.459269631),
                (-0.2225, -0.176, 0.459259322),
                (-0.1946875, -0.176, 0.459463731),
                (-0.166875, -0.176, 0.459782098),
                (-0.1390625, -0.176, 0.459611811),
                (-0.11125, -0.176, 0.458944216),
                (-0.0834375, -0.176, 0.458463481),
                (-0.055625, -0.176, 0.458447213),
                (-0.0278125, -0.176, 0.458417989),
                (0, -0.176, 0.458133745),
                (0.0278125, -0.176, 0.458092838),
                (0.055625, -0.176, 0.458622899),
                (0.0834375, -0.176, 0.459202882),
                (0.11125, -0.176, 0.459266904),
                (0.1390625, -0.176, 0.459075247),
                (0.166875, -0.176, 0.459120329),
                (0.1946875, -0.176, 0.45917497),
                (0.2225, -0.176, 0.458719781),
                (0.2503125, -0.176, 0.457973113),
                (0.278125, -0.176, 0.457637953),
                (0.3059375, -0.176, 0.457784788),
                (0.33375, -0.176, 0.457847453),
                (0.3615625, -0.176, 0.457706135),
                (0.389375, -0.176, 0.457884617),
                (0.4171875, -0.176, 0.458510885),
                (0.445, -0.176, 0.458944725),
                (0.4728125, -0.176, 0.458783912),
                (0.500625, -0.176, 0.458472258),
                (0.5284375, -0.176, 0.458443443),
                (0.55625, -0.176, 0.458362538),
                (0.5840625, -0.176, 0.457828948),
                (0.611875, -0.176, 0.457244085),
                (0.6396875, -0.176, 0.457236853),
                (0.6675, -0.176, 0.457643902),
                (0.6953125, -0.176, 0.457855354),
                (0.723125, -0.176, 0.457887512),
                (0.7509375, -0.176, 0.458252251),
                (0.77875, -0.176, 0.458886588),
                (0.8065625, -0.176, 0.457622861),
                (0.834375, -0.176, 0.4267359),
                (0.8621875, -0.176, 0.382746332),
                (0.89, -0.176, 0.36046175),
                (-0.89, -0.154, 0.360578549),
                (-0.8621875, -0.154, 0.383033245),
                (-0.834375, -0.154, 0.426643667),
                (-0.8065625, -0.154, 0.456767888),
                (-0.77875, -0.154, 0.45819022),
                (-0.7509375, -0.154, 0.458060916),
                (-0.723125, -0.154, 0.457553022),
                (-0.6953125, -0.154, 0.457152482),
                (-0.6675, -0.154, 0.457388524),
                (-0.6396875, -0.154, 0.457938864),
                (-0.611875, -0.154, 0.458194343),
                (-0.5840625, -0.154, 0.458267471),
                (-0.55625, -0.154, 0.458647586),
                (-0.5284375, -0.154, 0.459164116),
                (-0.500625, -0.154, 0.459172585),
                (-0.4728125, -0.154, 0.458660379),
                (-0.445, -0.154, 0.458290101),
                (-0.4171875, -0.154, 0.458296309),
                (-0.389375, -0.154, 0.458203141),
                (-0.3615625, -0.154, 0.457834162),
                (-0.33375, -0.154, 0.457748592),
                (-0.3059375, -0.154, 0.458283392),
                (-0.278125, -0.154, 0.458917388),
                (-0.2503125, -0.154, 0.459113458),
                (-0.2225, -0.154, 0.459143954),
                (-0.1946875, -0.154, 0.459447277),
                (-0.166875, -0.154, 0.459719214),
                (-0.1390625, -0.154, 0.459412401),
                (-0.11125, -0.154, 0.45875497),
                (-0.0834375, -0.154, 0.458439576),
                (-0.055625, -0.154, 0.458516924),
                (-0.0278125, -0.154, 0.458453312),
                (0, -0.154, 0.458207438),
                (0.0278125, -0.154, 0.458350106),
                (0.055625, -0.154, 0.458998214),
                (0.0834375, -0.154, 0.459498589),
                (0.11125, -0.154, 0.459461591),
                (0.1390625, -0.154, 0.459316988),
                (0.166875, -0.154, 0.459428237),
                (0.1946875, -0.154, 0.459395434),
                (0.2225, -0.154, 0.458817551),
                (0.2503125, -0.154, 0.458126072),
                (0.278125, -0.154, 0.457954254),
                (0.3059375, -0.154, 0.45814125),
                (0.33375, -0.154, 0.458130275),
                (0.3615625, -0.154, 0.458012305),
                (0.389375, -0.154, 0.458319521),
                (0.4171875, -0.154, 0.45895349),
                (0.445, -0.154, 0.459215055),
                (0.4728125, -0.154, 0.458922575),
                (0.500625, -0.154, 0.458637899),
                (0.5284375, -0.154, 0.458619939),
                (0.55625, -0.154, 0.458405367),
                (0.5840625, -0.154, 0.457761076),
                (0.611875, -0.154, 0.457256253),
                (0.6396875, -0.154, 0.457379493),
                (0.6675, -0.154, 0.457756682),
                (0.6953125, -0.154, 0.457855518),
                (0.723125, -0.154, 0.457896087),
                (0.7509375, -0.154, 0.458336329),
                (0.77875, -0.154, 0.458894062),
                (0.8065625, -0.154, 0.457422493),
                (0.834375, -0.154, 0.42649571),
                (0.8621875, -0.154, 0.382622507),
                (0.89, -0.154, 0.360377184),
                (-0.89, -0.132, 0.360694124),
                (-0.8621875, -0.132, 0.383096853),
                (-0.834375, -0.132, 0.426651965),
                (-0.8065625, -0.132, 0.456820724),
                (-0.77875, -0.132, 0.458247635),
                (-0.7509375, -0.132, 0.457989186),
                (-0.723125, -0.132, 0.457408419),
                (-0.6953125, -0.132, 0.457118922),
                (-0.6675, -0.132, 0.457470627),
                (-0.6396875, -0.132, 0.457957514),
                (-0.611875, -0.132, 0.458091842),
                (-0.5840625, -0.132, 0.458176305),
                (-0.55625, -0.132, 0.458608746),
                (-0.5284375, -0.132, 0.45901617),
                (-0.500625, -0.132, 0.45882285),
                (-0.4728125, -0.132, 0.45825487),
                (-0.445, -0.132, 0.457975683),
                (-0.4171875, -0.132, 0.457999044),
                (-0.389375, -0.132, 0.457812823),
                (-0.3615625, -0.132, 0.457449263),
                (-0.33375, -0.132, 0.457528152),
                (-0.3059375, -0.132, 0.45816701),
                (-0.278125, -0.132, 0.458718959),
                (-0.2503125, -0.132, 0.458825224),
                (-0.2225, -0.132, 0.458912023),
                (-0.1946875, -0.132, 0.459275059),
                (-0.166875, -0.132, 0.459445164),
                (-0.1390625, -0.132, 0.45900828),
                (-0.11125, -0.132, 0.458405488),
                (-0.0834375, -0.132, 0.458253123),
                (-0.055625, -0.132, 0.458379206),
                (-0.0278125, -0.132, 0.458276),
                (0, -0.132, 0.458112074),
                (0.0278125, -0.132, 0.458449172),
                (0.055625, -0.132, 0.459169427),
                (0.0834375, -0.132, 0.459566832),
                (0.11125, -0.132, 0.459470702),
                (0.1390625, -0.132, 0.459412598),
                (0.166875, -0.132, 0.459573607),
                (0.1946875, -0.132, 0.459439183),
                (0.2225, -0.132, 0.458790051),
                (0.2503125, -0.132, 0.458222084),
                (0.278125, -0.132, 0.458222103),
                (0.3059375, -0.132, 0.458427954),
                (0.33375, -0.132, 0.458371762),
                (0.3615625, -0.132, 0.458339298),
                (0.389375, -0.132, 0.458789058),
                (0.4171875, -0.132, 0.459398472),
                (0.445, -0.132, 0.459494995),
                (0.4728125, -0.132, 0.459134781),
                (0.500625, -0.132, 0.458917443),
                (0.5284375, -0.132, 0.458894705),
                (0.55625, -0.132, 0.458547276),
                (0.5840625, -0.132, 0.457852817),
                (0.611875, -0.132, 0.457480274),
                (0.6396875, -0.132, 0.45771773),
                (0.6675, -0.132, 0.458034012),
                (0.6953125, -0.132, 0.45804404),
                (0.723125, -0.132, 0.45813243),
                (0.7509375, -0.132, 0.458628564),
                (0.77875, -0.132, 0.459059347),
                (0.8065625, -0.132, 0.457380692),
                (0.834375, -0.132, 0.426417258),
                (0.8621875, -0.132, 0.382602452),
                (0.89, -0.132, 0.360349309),
                (-0.89, -0.11, 0.360831413),
                (-0.8621875, -0.11, 0.383199798),
                (-0.834375, -0.11, 0.426774121),
                (-0.8065625, -0.11, 0.457045895),
                (-0.77875, -0.11, 0.458456218),
                (-0.7509375, -0.11, 0.458071713),
                (-0.723125, -0.11, 0.457474997),
                (-0.6953125, -0.11, 0.457330518),
                (-0.6675, -0.11, 0.457763434),
                (-0.6396875, -0.11, 0.458150896),
                (-0.611875, -0.11, 0.45818584),
                (-0.5840625, -0.11, 0.458308217),
                (-0.55625, -0.11, 0.458758417),
                (-0.5284375, -0.11, 0.459004746),
                (-0.500625, -0.11, 0.458617257),
                (-0.4728125, -0.11, 0.458032882),
                (-0.445, -0.11, 0.457832695),
                (-0.4171875, -0.11, 0.457819019),
                (-0.389375, -0.11, 0.457525286),
                (-0.3615625, -0.11, 0.45719575),
                (-0.33375, -0.11, 0.457427556),
                (-0.3059375, -0.11, 0.458099065),
                (-0.278125, -0.11, 0.458518702),
                (-0.2503125, -0.11, 0.458544601),
                (-0.2225, -0.11, 0.458687331),
                (-0.1946875, -0.11, 0.459051815),
                (-0.166875, -0.11, 0.459066996),
                (-0.1390625, -0.11, 0.45851351),
                (-0.11125, -0.11, 0.457993411),
                (-0.0834375, -0.11, 0.457972955),
                (-0.055625, -0.11, 0.458092081),
                (-0.0278125, -0.11, 0.457946505),
                (0, -0.11, 0.457893151),
                (0.0278125, -0.11, 0.458402899),
                (0.055625, -0.11, 0.459130479),
                (0.0834375, -0.11, 0.459403414),
                (0.11125, -0.11, 0.459283097),
                (0.1390625, -0.11, 0.459322559),
                (0.166875, -0.11, 0.459494177),
                (0.1946875, -0.11, 0.459244469),
                (0.2225, -0.11, 0.458575443),
                (0.2503125, -0.11, 0.458176305),
                (0.278125, -0.11, 0.458330485),
                (0.3059375, -0.11, 0.458531112),
                (0.33375, -0.11, 0.458464811),
                (0.3615625, -0.11, 0.458567647),
                (0.389375, -0.11, 0.459151487),
                (0.4171875, -0.11, 0.459702675),
                (0.445, -0.11, 0.459657836),
                (0.4728125, -0.11, 0.45929665),
                (0.500625, -0.11, 0.459172744),
                (0.5284375, -0.11, 0.459128493),
                (0.55625, -0.11, 0.45866985),
                (0.5840625, -0.11, 0.457999561),
                (0.611875, -0.11, 0.457803772),
                (0.6396875, -0.11, 0.45813609),
                (0.6675, -0.11, 0.45838188),
                (0.6953125, -0.11, 0.458350877),
                (0.723125, -0.11, 0.45852911),
                (0.7509375, -0.11, 0.459060284),
                (0.77875, -0.11, 0.459335703),
                (0.8065625, -0.11, 0.457483145),
                (0.834375, -0.11, 0.426498903),
                (0.8621875, -0.11, 0.382684408),
                (0.89, -0.11, 0.360382259),
                (-0.89, -0.088, 0.36094145),
                (-0.8621875, -0.088, 0.383283317),
                (-0.834375, -0.088, 0.426920795),
                (-0.8065625, -0.088, 0.457321614),
                (-0.77875, -0.088, 0.458699968),
                (-0.7509375, -0.088, 0.458218603),
                (-0.723125, -0.088, 0.457677384),
                (-0.6953125, -0.088, 0.457706379),
                (-0.6675, -0.088, 0.458189737),
                (-0.6396875, -0.088, 0.458469081),
                (-0.611875, -0.088, 0.458451052),
                (-0.5840625, -0.088, 0.458640536),
                (-0.55625, -0.088, 0.459076772),
                (-0.5284375, -0.088, 0.459136271),
                (-0.500625, -0.088, 0.458593339),
                (-0.4728125, -0.088, 0.45804028),
                (-0.445, -0.088, 0.457904906),
                (-0.4171875, -0.088, 0.457816848),
                (-0.389375, -0.088, 0.457429845),
                (-0.3615625, -0.088, 0.457172682),
                (-0.33375, -0.088, 0.457537939),
                (-0.3059375, -0.088, 0.458176457),
                (-0.278125, -0.088, 0.458438014),
                (-0.2503125, -0.088, 0.458405967),
                (-0.2225, -0.088, 0.458594715),
                (-0.1946875, -0.088, 0.458898075),
                (-0.166875, -0.088, 0.458721976),
                (-0.1390625, -0.088, 0.458077802),
                (-0.11125, -0.088, 0.457655355),
                (-0.0834375, -0.088, 0.457717969),
                (-0.055625, -0.088, 0.457777376),
                (-0.0278125, -0.088, 0.457594509),
                (0, -0.088, 0.457665401),
                (0.0278125, -0.088, 0.45829931),
                (0.055625, -0.088, 0.458961484),
                (0.0834375, -0.088, 0.459094693),
                (0.11125, -0.088, 0.458974345),
                (0.1390625, -0.088, 0.459093247),
                (0.166875, -0.088, 0.459219442),
                (0.1946875, -0.088, 0.458843284),
                (0.2225, -0.088, 0.458198043),
                (0.2503125, -0.088, 0.457982476),
                (0.278125, -0.088, 0.458247058),
                (0.3059375, -0.088, 0.458415425),
                (0.33375, -0.088, 0.458371294),
                (0.3615625, -0.088, 0.458634341),
                (0.389375, -0.088, 0.459316367),
                (0.4171875, -0.088, 0.459772213),
                (0.445, -0.088, 0.459616131),
                (0.4728125, -0.088, 0.459307786),
                (0.500625, -0.088, 0.459279269),
                (0.5284375, -0.088, 0.459191955),
                (0.55625, -0.088, 0.458655657),
                (0.5840625, -0.088, 0.458081391),
                (0.611875, -0.088, 0.458086659),
                (0.6396875, -0.088, 0.458487508),
                (0.6675, -0.088, 0.458669219),
                (0.6953125, -0.088, 0.458655526),
                (0.723125, -0.088, 0.458955909),
                (0.7509375, -0.088, 0.45949702),
                (0.77875, -0.088, 0.459609548),
                (0.8065625, -0.088, 0.457640795),
                (0.834375, -0.088, 0.426671133),
                (0.8621875, -0.088, 0.382822803),
                (0.89, -0.088, 0.360450602),
                (-0.89, -0.066, 0.360981683),
                (-0.8621875, -0.066, 0.383291596),
                (-0.834375, -0.066, 0.426994521),
                (-0.8065625, -0.066, 0.457507139),
                (-0.77875, -0.066, 0.458840198),
                (-0.7509375, -0.066, 0.458307652),
                (-0.723125, -0.066, 0.457892415),
                (-0.6953125, -0.066, 0.458108176),
                (-0.6675, -0.066, 0.458613383),
                (-0.6396875, -0.066, 0.458798746),
                (-0.611875, -0.066, 0.458787132),
                (-0.5840625, -0.066, 0.459066965),
                (-0.55625, -0.066, 0.45946122),
                (-0.5284375, -0.066, 0.459335638),
                (-0.500625, -0.066, 0.458700675),
                (-0.4728125, -0.066, 0.458228454),
                (-0.445, -0.066, 0.45814459),
                (-0.4171875, -0.066, 0.457968489),
                (-0.389375, -0.066, 0.45753128),
                (-0.3615625, -0.066, 0.457391623),
                (-0.33375, -0.066, 0.457868177),
                (-0.3059375, -0.066, 0.458425736),
                (-0.278125, -0.066, 0.458534821),
                (-0.2503125, -0.066, 0.458481135),
                (-0.2225, -0.066, 0.458702692),
                (-0.1946875, -0.066, 0.458892522),
                (-0.166875, -0.066, 0.458517246),
                (-0.1390625, -0.066, 0.457824527),
                (-0.11125, -0.066, 0.457507257),
                (-0.0834375, -0.066, 0.457600863),
                (-0.055625, -0.066, 0.457565421),
                (-0.0278125, -0.066, 0.457364372),
                (0, -0.066, 0.4575626),
                (0.0278125, -0.066, 0.458257872),
                (0.055625, -0.066, 0.458789335),
                (0.0834375, -0.066, 0.458780979),
                (0.11125, -0.066, 0.45867564),
                (0.1390625, -0.066, 0.458834174),
                (0.166875, -0.066, 0.458854723),
                (0.1946875, -0.066, 0.458349657),
                (0.2225, -0.066, 0.457762279),
                (0.2503125, -0.066, 0.457715653),
                (0.278125, -0.066, 0.458028973),
                (0.3059375, -0.066, 0.458139684),
                (0.33375, -0.066, 0.458142317),
                (0.3615625, -0.066, 0.458560653),
                (0.389375, -0.066, 0.45928014),
                (0.4171875, -0.066, 0.459602286),
                (0.445, -0.066, 0.459364109),
                (0.4728125, -0.066, 0.459138609),
                (0.500625, -0.066, 0.459179449),
                (0.5284375, -0.066, 0.459021848),
                (0.55625, -0.066, 0.45844444),
                (0.5840625, -0.066, 0.458020684),
                (0.611875, -0.066, 0.458222039),
                (0.6396875, -0.066, 0.458655176),
                (0.6675, -0.066, 0.458787048),
                (0.6953125, -0.066, 0.458843736),
                (0.723125, -0.066, 0.459276497),
                (0.7509375, -0.066, 0.459793982),
                (0.77875, -0.066, 0.459750855),
                (0.8065625, -0.066, 0.457733932),
                (0.834375, -0.066, 0.426829082),
                (0.8621875, -0.066, 0.382947311),
                (0.89, -0.066, 0.360510484),
                (-0.89, -0.044, 0.360934664),
                (-0.8621875, -0.044, 0.383198762),
                (-0.834375, -0.044, 0.426934955),
                (-0.8065625, -0.044, 0.45750321),
                (-0.77875, -0.044, 0.458776572),
                (-0.7509375, -0.044, 0.458242991),
                (-0.723125, -0.044, 0.458007218),
                (-0.6953125, -0.044, 0.458399118),
                (-0.6675, -0.044, 0.458896245),
                (-0.6396875, -0.044, 0.459014884),
                (-0.611875, -0.044, 0.459066103),
                (-0.5840625, -0.044, 0.459443001),
                (-0.55625, -0.044, 0.459768169),
                (-0.5284375, -0.044, 0.459480706),
                (-0.500625, -0.044, 0.458828179),
                (-0.4728125, -0.044, 0.458477268),
                (-0.445, -0.044, 0.458430977),
                (-0.4171875, -0.044, 0.458175836),
                (-0.389375, -0.044, 0.457751718),
                (-0.3615625, -0.044, 0.4577728),
                (-0.33375, -0.044, 0.458336687),
                (-0.3059375, -0.044, 0.458787872),
                (-0.278125, -0.044, 0.458779632),
                (-0.2503125, -0.044, 0.458749384),
                (-0.2225, -0.044, 0.458990142),
                (-0.1946875, -0.044, 0.459033769),
                (-0.166875, -0.044, 0.458484493),
                (-0.1390625, -0.044, 0.457800286),
                (-0.11125, -0.044, 0.457592448),
                (-0.0834375, -0.044, 0.457674506),
                (-0.055625, -0.044, 0.457537259),
                (-0.0278125, -0.044, 0.457354157),
                (0, -0.044, 0.457677337),
                (0.0278125, -0.044, 0.458371095),
                (0.055625, -0.044, 0.458728732),
                (0.0834375, -0.044, 0.458596748),
                (0.11125, -0.044, 0.458516847),
                (0.1390625, -0.044, 0.458666111),
                (0.166875, -0.044, 0.458532363),
                (0.1946875, -0.044, 0.45791251),
                (0.2225, -0.044, 0.457410047),
                (0.2503125, -0.044, 0.457497084),
                (0.278125, -0.044, 0.457793933),
                (0.3059375, -0.044, 0.457831569),
                (0.33375, -0.044, 0.457898279),
                (0.3615625, -0.044, 0.458440756),
                (0.389375, -0.044, 0.459122792),
                (0.4171875, -0.044, 0.459278734),
                (0.445, -0.044, 0.458984113),
                (0.4728125, -0.044, 0.458844772),
                (0.500625, -0.044, 0.458905505),
                (0.5284375, -0.044, 0.45864893),
                (0.55625, -0.044, 0.458064575),
                (0.5840625, -0.044, 0.457819596),
                (0.611875, -0.044, 0.458180985),
                (0.6396875, -0.044, 0.458601565),
                (0.6675, -0.044, 0.458698897),
                (0.6953125, -0.044, 0.458860799),
                (0.723125, -0.044, 0.459406513),
                (0.7509375, -0.044, 0.45985663),
                (0.77875, -0.044, 0.459672544),
                (0.8065625, -0.044, 0.457670088),
                (0.834375, -0.044, 0.426879767),
                (0.8621875, -0.044, 0.382992868),
                (0.89, -0.044, 0.360519479),
                (-0.89, -0.022, 0.360816096),
                (-0.8621875, -0.022, 0.383022612),
                (-0.834375, -0.022, 0.426746463),
                (-0.8065625, -0.022, 0.457293589),
                (-0.77875, -0.022, 0.458492323),
                (-0.7509375, -0.022, 0.458002473),
                (-0.723125, -0.022, 0.457971285),
                (-0.6953125, -0.022, 0.458501177),
                (-0.6675, -0.022, 0.458957063),
                (-0.6396875, -0.022, 0.459038805),
                (-0.611875, -0.022, 0.459191329),
                (-0.5840625, -0.022, 0.459647316),
                (-0.55625, -0.022, 0.459873923),
                (-0.5284375, -0.022, 0.45945938),
                (-0.500625, -0.022, 0.458858278),
                (-0.4728125, -0.022, 0.458648569),
                (-0.445, -0.022, 0.458621404),
                (-0.4171875, -0.022, 0.458311791),
                (-0.389375, -0.022, 0.457969526),
                (-0.3615625, -0.022, 0.458180532),
                (-0.33375, -0.022, 0.458803098),
                (-0.3059375, -0.022, 0.459142621),
                (-0.278125, -0.022, 0.459071505),
                (-0.2503125, -0.022, 0.459107819),
                (-0.2225, -0.022, 0.459352279),
                (-0.1946875, -0.022, 0.459239134),
                (-0.166875, -0.022, 0.458569649),
                (-0.1390625, -0.022, 0.457958059),
                (-0.11125, -0.022, 0.457860819),
                (-0.0834375, -0.022, 0.457905474),
                (-0.055625, -0.022, 0.457690166),
                (-0.0278125, -0.022, 0.457574949),
                (0, -0.022, 0.458017634),
                (0.0278125, -0.022, 0.458658147),
                (0.055625, -0.022, 0.4588302),
                (0.0834375, -0.022, 0.458613905),
                (0.11125, -0.022, 0.458568907),
                (0.1390625, -0.022, 0.45866373),
                (0.166875, -0.022, 0.458352216),
                (0.1946875, -0.022, 0.457653748),
                (0.2225, -0.022, 0.457260096),
                (0.2503125, -0.022, 0.457437217),
                (0.278125, -0.022, 0.457664925),
                (0.3059375, -0.022, 0.457632713),
                (0.33375, -0.022, 0.457777169),
                (0.3615625, -0.022, 0.458396352),
                (0.389375, -0.022, 0.458967636),
                (0.4171875, -0.022, 0.458940626),
                (0.445, -0.022, 0.458613642),
                (0.4728125, -0.022, 0.458542129),
                (0.500625, -0.022, 0.458562052),
                (0.5284375, -0.022, 0.458185258),
                (0.55625, -0.022, 0.457625217),
                (0.5840625, -0.022, 0.457560337),
                (0.611875, -0.022, 0.458021578),
                (0.6396875, -0.022, 0.458383061),
                (0.6675, -0.022, 0.458459647),
                (0.6953125, -0.022, 0.458737143),
                (0.723125, -0.022, 0.45934735),
                (0.7509375, -0.022, 0.459679746),
                (0.77875, -0.022, 0.459372108),
                (0.8065625, -0.022, 0.457429302),
                (0.834375, -0.022, 0.42678297),
                (0.8621875, -0.022, 0.382927498),
                (0.89, -0.022, 0.360456294),
                (-0.89, 0, 0.36066857),
                (-0.8621875, 0, 0.382818652),
                (-0.834375, 0, 0.426495697),
                (-0.8065625, 0, 0.456949637),
                (-0.77875, 0, 0.458063487),
                (-0.7509375, 0, 0.457652069),
                (-0.723125, 0, 0.457819012),
                (-0.6953125, 0, 0.458425486),
                (-0.6675, 0, 0.458806113),
                (-0.6396875, 0, 0.45887608),
                (-0.611875, 0, 0.459141293),
                (-0.5840625, 0, 0.459631994),
                (-0.55625, 0, 0.45972792),
                (-0.5284375, 0, 0.459223465),
                (-0.500625, 0, 0.458723227),
                (-0.4728125, 0, 0.458646488),
                (-0.445, 0, 0.45861279),
                (-0.4171875, 0, 0.458279562),
                (-0.389375, 0, 0.458077279),
                (-0.3615625, 0, 0.458482059),
                (-0.33375, 0, 0.459126207),
                (-0.3059375, 0, 0.459361754),
                (-0.278125, 0, 0.459286298),
                (-0.2503125, 0, 0.459417211),
                (-0.2225, 0, 0.459643718),
                (-0.1946875, 0, 0.459381247),
                (-0.166875, 0, 0.458661791),
                (-0.1390625, 0, 0.458181046),
                (-0.11125, 0, 0.458188714),
                (-0.0834375, 0, 0.458187035),
                (-0.055625, 0, 0.457941659),
                (-0.0278125, 0, 0.457948199),
                (0, 0, 0.4585),
                (0.0278125, 0, 0.459051801),
                (0.055625, 0, 0.459058341),
                (0.0834375, 0, 0.458812965),
                (0.11125, 0, 0.458811286),
                (0.1390625, 0, 0.458818954),
                (0.166875, 0, 0.458338209),
                (0.1946875, 0, 0.457618753),
                (0.2225, 0, 0.457356282),
                (0.2503125, 0, 0.457582789),
                (0.278125, 0, 0.457713702),
                (0.3059375, 0, 0.457638246),
                (0.33375, 0, 0.457873793),
                (0.3615625, 0, 0.458517941),
                (0.389375, 0, 0.458922721),
                (0.4171875, 0, 0.458720438),
                (0.445, 0, 0.45838721),
                (0.4728125, 0, 0.458353512),
                (0.500625, 0, 0.458276773),
                (0.5284375, 0, 0.457776535),
                (0.55625, 0, 0.45727208),
                (0.5840625, 0, 0.457368006),
                (0.611875, 0, 0.457858707),
                (0.6396875, 0, 0.45812392),
                (0.6675, 0, 0.458193887),
                (0.6953125, 0, 0.458574514),
                (0.723125, 0, 0.459180988),
                (0.7509375, 0, 0.459347931),
                (0.77875, 0, 0.458936513),
                (0.8065625, 0, 0.457076034),
                (0.834375, 0, 0.426567657),
                (0.8621875, 0, 0.382765729),
                (0.89, 0, 0.36033143),
                (-0.89, 0.022, 0.360543706),
                (-0.8621875, 0.022, 0.382656882),
                (-0.834375, 0.022, 0.426280384),
                (-0.8065625, 0.022, 0.456596369),
                (-0.77875, 0.022, 0.457627892),
                (-0.7509375, 0.022, 0.457320254),
                (-0.723125, 0.022, 0.45765265),
                (-0.6953125, 0.022, 0.458262857),
                (-0.6675, 0.022, 0.458540353),
                (-0.6396875, 0.022, 0.458616939),
                (-0.611875, 0.022, 0.458978422),
                (-0.5840625, 0.022, 0.459439663),
                (-0.55625, 0.022, 0.459374783),
                (-0.5284375, 0.022, 0.458814742),
                (-0.500625, 0.022, 0.458437948),
                (-0.4728125, 0.022, 0.458457871),
                (-0.445, 0.022, 0.458386358),
                (-0.4171875, 0.022, 0.458059374),
                (-0.389375, 0.022, 0.458032364),
                (-0.3615625, 0.022, 0.458603648),
                (-0.33375, 0.022, 0.459222831),
                (-0.3059375, 0.022, 0.459367287),
                (-0.278125, 0.022, 0.459335075),
                (-0.2503125, 0.022, 0.459562783),
                (-0.2225, 0.022, 0.459739904),
                (-0.1946875, 0.022, 0.459346252),
                (-0.166875, 0.022, 0.458647784),
                (-0.1390625, 0.022, 0.45833627),
                (-0.11125, 0.022, 0.458431093),
                (-0.0834375, 0.022, 0.458386095),
                (-0.055625, 0.022, 0.4581698),
                (-0.0278125, 0.022, 0.458341853),
                (0, 0.022, 0.458982366),
                (0.0278125, 0.022, 0.459425051),
                (0.055625, 0.022, 0.459309834),
                (0.0834375, 0.022, 0.459094526),
                (0.11125, 0.022, 0.459139181),
                (0.1390625, 0.022, 0.459041941),
                (0.166875, 0.022, 0.458430351),
                (0.1946875, 0.022, 0.457760866),
                (0.2225, 0.022, 0.457647721),
                (0.2503125, 0.022, 0.457892181),
                (0.278125, 0.022, 0.457928495),
                (0.3059375, 0.022, 0.457857379),
                (0.33375, 0.022, 0.458196902),
                (0.3615625, 0.022, 0.458819468),
                (0.389375, 0.022, 0.459030474),
                (0.4171875, 0.022, 0.458688209),
                (0.445, 0.022, 0.458378596),
                (0.4728125, 0.022, 0.458351431),
                (0.500625, 0.022, 0.458141722),
                (0.5284375, 0.022, 0.45754062),
                (0.55625, 0.022, 0.457126077),
                (0.5840625, 0.022, 0.457352684),
                (0.611875, 0.022, 0.457808671),
                (0.6396875, 0.022, 0.457961195),
                (0.6675, 0.022, 0.458042937),
                (0.6953125, 0.022, 0.458498823),
                (0.723125, 0.022, 0.459028715),
                (0.7509375, 0.022, 0.458997527),
                (0.77875, 0.022, 0.458507677),
                (0.8065625, 0.022, 0.456732082),
                (0.834375, 0.022, 0.426316891),
                (0.8621875, 0.022, 0.382561769),
                (0.89, 0.022, 0.360183904),
                (-0.89, 0.044, 0.360480521),
                (-0.8621875, 0.044, 0.382591513),
                (-0.834375, 0.044, 0.426183588),
                (-0.8065625, 0.044, 0.456355583),
                (-0.77875, 0.044, 0.457327456),
                (-0.7509375, 0.044, 0.45714337),
                (-0.723125, 0.044, 0.457593487),
                (-0.6953125, 0.044, 0.458139201),
                (-0.6675, 0.044, 0.458301103),
                (-0.6396875, 0.044, 0.458398435),
                (-0.611875, 0.044, 0.458819015),
                (-0.5840625, 0.044, 0.459180404),
                (-0.55625, 0.044, 0.458935425),
                (-0.5284375, 0.044, 0.45835107),
                (-0.500625, 0.044, 0.458094495),
                (-0.4728125, 0.044, 0.458155228),
                (-0.445, 0.044, 0.458015887),
                (-0.4171875, 0.044, 0.457721266),
                (-0.389375, 0.044, 0.457877208),
                (-0.3615625, 0.044, 0.458559244),
                (-0.33375, 0.044, 0.459101721),
                (-0.3059375, 0.044, 0.459168431),
                (-0.278125, 0.044, 0.459206067),
                (-0.2503125, 0.044, 0.459502916),
                (-0.2225, 0.044, 0.459589953),
                (-0.1946875, 0.044, 0.45908749),
                (-0.166875, 0.044, 0.458467637),
                (-0.1390625, 0.044, 0.458333889),
                (-0.11125, 0.044, 0.458483153),
                (-0.0834375, 0.044, 0.458403252),
                (-0.055625, 0.044, 0.458271268),
                (-0.0278125, 0.044, 0.458628905),
                (0, 0.044, 0.459322663),
                (0.0278125, 0.044, 0.459645843),
                (0.055625, 0.044, 0.459462741),
                (0.0834375, 0.044, 0.459325494),
                (0.11125, 0.044, 0.459407552),
                (0.1390625, 0.044, 0.459199714),
                (0.166875, 0.044, 0.458515507),
                (0.1946875, 0.044, 0.457966231),
                (0.2225, 0.044, 0.458009858),
                (0.2503125, 0.044, 0.458250616),
                (0.278125, 0.044, 0.458220368),
                (0.3059375, 0.044, 0.458212128),
                (0.33375, 0.044, 0.458663313),
                (0.3615625, 0.044, 0.4592272),
                (0.389375, 0.044, 0.459248282),
                (0.4171875, 0.044, 0.458824164),
                (0.445, 0.044, 0.458569023),
                (0.4728125, 0.044, 0.458522732),
                (0.500625, 0.044, 0.458171821),
                (0.5284375, 0.044, 0.457519294),
                (0.55625, 0.044, 0.457231831),
                (0.5840625, 0.044, 0.457556999),
                (0.611875, 0.044, 0.457933897),
                (0.6396875, 0.044, 0.457985116),
                (0.6675, 0.044, 0.458103755),
                (0.6953125, 0.044, 0.458600882),
                (0.723125, 0.044, 0.458992782),
                (0.7509375, 0.044, 0.458757009),
                (0.77875, 0.044, 0.458223428),
                (0.8065625, 0.044, 0.456522461),
                (0.834375, 0.044, 0.4261284),
                (0.8621875, 0.044, 0.382385618),
                (0.89, 0.044, 0.360065336),
                (-0.89, 0.066, 0.360489516),
                (-0.8621875, 0.066, 0.38263707),
                (-0.834375, 0.066, 0.426234273),
                (-0.8065625, 0.066, 0.456291739),
                (-0.77875, 0.066, 0.457249145),
                (-0.7509375, 0.066, 0.457206018),
                (-0.723125, 0.066, 0.457723503),
                (-0.6953125, 0.066, 0.458156264),
                (-0.6675, 0.066, 0.458212952),
                (-0.6396875, 0.066, 0.458344824),
                (-0.611875, 0.066, 0.458777961),
                (-0.5840625, 0.066, 0.458979316),
                (-0.55625, 0.066, 0.45855556),
                (-0.5284375, 0.066, 0.457978152),
                (-0.500625, 0.066, 0.457820551),
                (-0.4728125, 0.066, 0.457861391),
                (-0.445, 0.066, 0.457635891),
                (-0.4171875, 0.066, 0.457397714),
                (-0.389375, 0.066, 0.45771986),
                (-0.3615625, 0.066, 0.458439347),
                (-0.33375, 0.066, 0.458857683),
                (-0.3059375, 0.066, 0.458860316),
                (-0.278125, 0.066, 0.458971027),
                (-0.2503125, 0.066, 0.459284347),
                (-0.2225, 0.066, 0.459237721),
                (-0.1946875, 0.066, 0.458650343),
                (-0.166875, 0.066, 0.458145277),
                (-0.1390625, 0.066, 0.458165826),
                (-0.11125, 0.066, 0.45832436),
                (-0.0834375, 0.066, 0.458219021),
                (-0.055625, 0.066, 0.458210665),
                (-0.0278125, 0.066, 0.458742128),
                (0, 0.066, 0.4594374),
                (0.0278125, 0.066, 0.459635628),
                (0.055625, 0.066, 0.459434579),
                (0.0834375, 0.066, 0.459399137),
                (0.11125, 0.066, 0.459492743),
                (0.1390625, 0.066, 0.459175473),
                (0.166875, 0.066, 0.458482754),
                (0.1946875, 0.066, 0.458107478),
                (0.2225, 0.066, 0.458297308),
                (0.2503125, 0.066, 0.458518865),
                (0.278125, 0.066, 0.458465179),
                (0.3059375, 0.066, 0.458574264),
                (0.33375, 0.066, 0.459131823),
                (0.3615625, 0.066, 0.459608377),
                (0.389375, 0.066, 0.45946872),
                (0.4171875, 0.066, 0.459031511),
                (0.445, 0.066, 0.45885541),
                (0.4728125, 0.066, 0.458771546),
                (0.500625, 0.066, 0.458299325),
                (0.5284375, 0.066, 0.457664362),
                (0.55625, 0.066, 0.45753878),
                (0.5840625, 0.066, 0.457933035),
                (0.611875, 0.066, 0.458212868),
                (0.6396875, 0.066, 0.458201254),
                (0.6675, 0.066, 0.458386617),
                (0.6953125, 0.066, 0.458891824),
                (0.723125, 0.066, 0.459107585),
                (0.7509375, 0.066, 0.458692348),
                (0.77875, 0.066, 0.458159802),
                (0.8065625, 0.066, 0.456518532),
                (0.834375, 0.066, 0.426068834),
                (0.8621875, 0.066, 0.382292785),
                (0.89, 0.066, 0.360018317),
                (-0.89, 0.088, 0.360549398),
                (-0.8621875, 0.088, 0.382761577),
                (-0.834375, 0.088, 0.426392221),
                (-0.8065625, 0.088, 0.456384876),
                (-0.77875, 0.088, 0.457390452),
                (-0.7509375, 0.088, 0.45750298),
                (-0.723125, 0.088, 0.458044091),
                (-0.6953125, 0.088, 0.458344474),
                (-0.6675, 0.088, 0.458330781),
                (-0.6396875, 0.088, 0.458512492),
                (-0.611875, 0.088, 0.458913341),
                (-0.5840625, 0.088, 0.458918609),
                (-0.55625, 0.088, 0.458344343),
                (-0.5284375, 0.088, 0.457808045),
                (-0.500625, 0.088, 0.457720731),
                (-0.4728125, 0.088, 0.457692214),
                (-0.445, 0.088, 0.457383869),
                (-0.4171875, 0.088, 0.457227787),
                (-0.389375, 0.088, 0.457683633),
                (-0.3615625, 0.088, 0.458365659),
                (-0.33375, 0.088, 0.458628706),
                (-0.3059375, 0.088, 0.458584575),
                (-0.278125, 0.088, 0.458752942),
                (-0.2503125, 0.088, 0.459017524),
                (-0.2225, 0.088, 0.458801957),
                (-0.1946875, 0.088, 0.458156716),
                (-0.166875, 0.088, 0.457780558),
                (-0.1390625, 0.088, 0.457906753),
                (-0.11125, 0.088, 0.458025655),
                (-0.0834375, 0.088, 0.457905307),
                (-0.055625, 0.088, 0.458038516),
                (-0.0278125, 0.088, 0.45870069),
                (0, 0.088, 0.459334599),
                (0.0278125, 0.088, 0.459405491),
                (0.055625, 0.088, 0.459222624),
                (0.0834375, 0.088, 0.459282031),
                (0.11125, 0.088, 0.459344645),
                (0.1390625, 0.088, 0.458922198),
                (0.166875, 0.088, 0.458278024),
                (0.1946875, 0.088, 0.458101925),
                (0.2225, 0.088, 0.458405285),
                (0.2503125, 0.088, 0.458594033),
                (0.278125, 0.088, 0.458561986),
                (0.3059375, 0.088, 0.458823543),
                (0.33375, 0.088, 0.459462061),
                (0.3615625, 0.088, 0.459827318),
                (0.389375, 0.088, 0.459570155),
                (0.4171875, 0.088, 0.459183152),
                (0.445, 0.088, 0.459095094),
                (0.4728125, 0.088, 0.45895972),
                (0.500625, 0.088, 0.458406661),
                (0.5284375, 0.088, 0.457863729),
                (0.55625, 0.088, 0.457923228),
                (0.5840625, 0.088, 0.458359464),
                (0.611875, 0.088, 0.458548948),
                (0.6396875, 0.088, 0.458530919),
                (0.6675, 0.088, 0.458810263),
                (0.6953125, 0.088, 0.459293621),
                (0.723125, 0.088, 0.459322616),
                (0.7509375, 0.088, 0.458781397),
                (0.77875, 0.088, 0.458300032),
                (0.8065625, 0.088, 0.456704057),
                (0.834375, 0.088, 0.426142559),
                (0.8621875, 0.088, 0.382301064),
                (0.89, 0.088, 0.36005855),
                (-0.89, 0.11, 0.360617741),
                (-0.8621875, 0.11, 0.382899973),
                (-0.834375, 0.11, 0.426564452),
                (-0.8065625, 0.11, 0.456542526),
                (-0.77875, 0.11, 0.457664297),
                (-0.7509375, 0.11, 0.457939716),
                (-0.723125, 0.11, 0.45847089),
                (-0.6953125, 0.11, 0.458649123),
                (-0.6675, 0.11, 0.45861812),
                (-0.6396875, 0.11, 0.45886391),
                (-0.611875, 0.11, 0.459196228),
                (-0.5840625, 0.11, 0.459000439),
                (-0.55625, 0.11, 0.45833015),
                (-0.5284375, 0.11, 0.457871507),
                (-0.500625, 0.11, 0.457827256),
                (-0.4728125, 0.11, 0.45770335),
                (-0.445, 0.11, 0.457342164),
                (-0.4171875, 0.11, 0.457297325),
                (-0.389375, 0.11, 0.457848513),
                (-0.3615625, 0.11, 0.458432353),
                (-0.33375, 0.11, 0.458535189),
                (-0.3059375, 0.11, 0.458468888),
                (-0.278125, 0.11, 0.458669515),
                (-0.2503125, 0.11, 0.458823695),
                (-0.2225, 0.11, 0.458424557),
                (-0.1946875, 0.11, 0.457755531),
                (-0.166875, 0.11, 0.457505823),
                (-0.1390625, 0.11, 0.457677441),
                (-0.11125, 0.11, 0.457716903),
                (-0.0834375, 0.11, 0.457596586),
                (-0.055625, 0.11, 0.457869521),
                (-0.0278125, 0.11, 0.458597101),
                (0, 0.11, 0.459106849),
                (0.0278125, 0.11, 0.459053495),
                (0.055625, 0.11, 0.458907919),
                (0.0834375, 0.11, 0.459027045),
                (0.11125, 0.11, 0.459006589),
                (0.1390625, 0.11, 0.45848649),
                (0.166875, 0.11, 0.457933004),
                (0.1946875, 0.11, 0.457948185),
                (0.2225, 0.11, 0.458312669),
                (0.2503125, 0.11, 0.458455399),
                (0.278125, 0.11, 0.458481298),
                (0.3059375, 0.11, 0.458900935),
                (0.33375, 0.11, 0.459572444),
                (0.3615625, 0.11, 0.45980425),
                (0.389375, 0.11, 0.459474714),
                (0.4171875, 0.11, 0.459180981),
                (0.445, 0.11, 0.459167305),
                (0.4728125, 0.11, 0.458967118),
                (0.500625, 0.11, 0.458382743),
                (0.5284375, 0.11, 0.457995254),
                (0.55625, 0.11, 0.458241583),
                (0.5840625, 0.11, 0.458691783),
                (0.611875, 0.11, 0.45881416),
                (0.6396875, 0.11, 0.458849104),
                (0.6675, 0.11, 0.459236566),
                (0.6953125, 0.11, 0.459669482),
                (0.723125, 0.11, 0.459525003),
                (0.7509375, 0.11, 0.458928287),
                (0.77875, 0.11, 0.458543782),
                (0.8065625, 0.11, 0.456979776),
                (0.834375, 0.11, 0.426289234),
                (0.8621875, 0.11, 0.382384582),
                (0.89, 0.11, 0.360168587),
                (-0.89, 0.132, 0.360650691),
                (-0.8621875, 0.132, 0.382981929),
                (-0.834375, 0.132, 0.426646097),
                (-0.8065625, 0.132, 0.456644979),
                (-0.77875, 0.132, 0.457940653),
                (-0.7509375, 0.132, 0.458371436),
                (-0.723125, 0.132, 0.45886757),
                (-0.6953125, 0.132, 0.45895596),
                (-0.6675, 0.132, 0.458965988),
                (-0.6396875, 0.132, 0.45928227),
                (-0.611875, 0.132, 0.459519726),
                (-0.5840625, 0.132, 0.459147183),
                (-0.55625, 0.132, 0.458452724),
                (-0.5284375, 0.132, 0.458105295),
                (-0.500625, 0.132, 0.458082557),
                (-0.4728125, 0.132, 0.457865219),
                (-0.445, 0.132, 0.457505005),
                (-0.4171875, 0.132, 0.457601528),
                (-0.389375, 0.132, 0.458210942),
                (-0.3615625, 0.132, 0.458660702),
                (-0.33375, 0.132, 0.458628238),
                (-0.3059375, 0.132, 0.458572046),
                (-0.278125, 0.132, 0.458777897),
                (-0.2503125, 0.132, 0.458777916),
                (-0.2225, 0.132, 0.458209949),
                (-0.1946875, 0.132, 0.457560817),
                (-0.166875, 0.132, 0.457426393),
                (-0.1390625, 0.132, 0.457587402),
                (-0.11125, 0.132, 0.457529298),
                (-0.0834375, 0.132, 0.457433168),
                (-0.055625, 0.132, 0.457830573),
                (-0.0278125, 0.132, 0.458550828),
                (0, 0.132, 0.458887926),
                (0.0278125, 0.132, 0.458724),
                (0.055625, 0.132, 0.458620794),
                (0.0834375, 0.132, 0.458746877),
                (0.11125, 0.132, 0.458594512),
                (0.1390625, 0.132, 0.45799172),
                (0.166875, 0.132, 0.457554836),
                (0.1946875, 0.132, 0.457724941),
                (0.2225, 0.132, 0.458087977),
                (0.2503125, 0.132, 0.458174776),
                (0.278125, 0.132, 0.458281041),
                (0.3059375, 0.132, 0.45883299),
                (0.33375, 0.132, 0.459471848),
                (0.3615625, 0.132, 0.459550737),
                (0.389375, 0.132, 0.459187177),
                (0.4171875, 0.132, 0.459000956),
                (0.445, 0.132, 0.459024317),
                (0.4728125, 0.132, 0.45874513),
                (0.500625, 0.132, 0.45817715),
                (0.5284375, 0.132, 0.45798383),
                (0.55625, 0.132, 0.458391254),
                (0.5840625, 0.132, 0.458823695),
                (0.611875, 0.132, 0.458908158),
                (0.6396875, 0.132, 0.459042486),
                (0.6675, 0.132, 0.459529373),
                (0.6953125, 0.132, 0.459881078),
                (0.723125, 0.132, 0.459591581),
                (0.7509375, 0.132, 0.459010814),
                (0.77875, 0.132, 0.458752365),
                (0.8065625, 0.132, 0.457204947),
                (0.834375, 0.132, 0.42641139),
                (0.8621875, 0.132, 0.382487527),
                (0.89, 0.132, 0.360305876),
                (-0.89, 0.154, 0.360622816),
                (-0.8621875, 0.154, 0.382961873),
                (-0.834375, 0.154, 0.426567645),
                (-0.8065625, 0.154, 0.456603178),
                (-0.77875, 0.154, 0.458105938),
                (-0.7509375, 0.154, 0.458663671),
                (-0.723125, 0.154, 0.459103913),
                (-0.6953125, 0.154, 0.459144482),
                (-0.6675, 0.154, 0.459243318),
                (-0.6396875, 0.154, 0.459620507),
                (-0.611875, 0.154, 0.459743747),
                (-0.5840625, 0.154, 0.459238924),
                (-0.55625, 0.154, 0.458594633),
                (-0.5284375, 0.154, 0.458380061),
                (-0.500625, 0.154, 0.458362101),
                (-0.4728125, 0.154, 0.458077425),
                (-0.445, 0.154, 0.457784945),
                (-0.4171875, 0.154, 0.45804651),
                (-0.389375, 0.154, 0.458680479),
                (-0.3615625, 0.154, 0.458987695),
                (-0.33375, 0.154, 0.458869725),
                (-0.3059375, 0.154, 0.45885875),
                (-0.278125, 0.154, 0.459045746),
                (-0.2503125, 0.154, 0.458873928),
                (-0.2225, 0.154, 0.458182449),
                (-0.1946875, 0.154, 0.457604566),
                (-0.166875, 0.154, 0.457571763),
                (-0.1390625, 0.154, 0.457683012),
                (-0.11125, 0.154, 0.457538409),
                (-0.0834375, 0.154, 0.457501411),
                (-0.055625, 0.154, 0.458001786),
                (-0.0278125, 0.154, 0.458649894),
                (0, 0.154, 0.458792562),
                (0.0278125, 0.154, 0.458546688),
                (0.055625, 0.154, 0.458483076),
                (0.0834375, 0.154, 0.458560424),
                (0.11125, 0.154, 0.45824503),
                (0.1390625, 0.154, 0.457587599),
                (0.166875, 0.154, 0.457280786),
                (0.1946875, 0.154, 0.457552723),
                (0.2225, 0.154, 0.457856046),
                (0.2503125, 0.154, 0.457886542),
                (0.278125, 0.154, 0.458082612),
                (0.3059375, 0.154, 0.458716608),
                (0.33375, 0.154, 0.459251408),
                (0.3615625, 0.154, 0.459165838),
                (0.389375, 0.154, 0.458796859),
                (0.4171875, 0.154, 0.458703691),
                (0.445, 0.154, 0.458709899),
                (0.4728125, 0.154, 0.458339621),
                (0.500625, 0.154, 0.457827415),
                (0.5284375, 0.154, 0.457835884),
                (0.55625, 0.154, 0.458352414),
                (0.5840625, 0.154, 0.458732529),
                (0.611875, 0.154, 0.458805657),
                (0.6396875, 0.154, 0.459061136),
                (0.6675, 0.154, 0.459611476),
                (0.6953125, 0.154, 0.459847518),
                (0.723125, 0.154, 0.459446978),
                (0.7509375, 0.154, 0.458939084),
                (0.77875, 0.154, 0.45880978),
                (0.8065625, 0.154, 0.457257783),
                (0.834375, 0.154, 0.426419687),
                (0.8621875, 0.154, 0.382551136),
                (0.89, 0.154, 0.360421451),
                (-0.89, 0.176, 0.36053825),
                (-0.8621875, 0.176, 0.382838049),
                (-0.834375, 0.176, 0.426327455),
                (-0.8065625, 0.176, 0.45640281),
                (-0.77875, 0.176, 0.458113412),
                (-0.7509375, 0.176, 0.458747749),
                (-0.723125, 0.176, 0.459112488),
                (-0.6953125, 0.176, 0.459144646),
                (-0.6675, 0.176, 0.459356098),
                (-0.6396875, 0.176, 0.459763147),
                (-0.611875, 0.176, 0.459755915),
                (-0.5840625, 0.176, 0.459171052),
                (-0.55625, 0.176, 0.458637462),
                (-0.5284375, 0.176, 0.458556557),
                (-0.500625, 0.176, 0.458527742),
                (-0.4728125, 0.176, 0.458216088),
                (-0.445, 0.176, 0.458055275),
                (-0.4171875, 0.176, 0.458489115),
                (-0.389375, 0.176, 0.459115383),
                (-0.3615625, 0.176, 0.459293865),
                (-0.33375, 0.176, 0.459152547),
                (-0.3059375, 0.176, 0.459215212),
                (-0.278125, 0.176, 0.459362047),
                (-0.2503125, 0.176, 0.459026887),
                (-0.2225, 0.176, 0.458280219),
                (-0.1946875, 0.176, 0.45782503),
                (-0.166875, 0.176, 0.457879671),
                (-0.1390625, 0.176, 0.457924753),
                (-0.11125, 0.176, 0.457733096),
                (-0.0834375, 0.176, 0.457797118),
                (-0.055625, 0.176, 0.458377101),
                (-0.0278125, 0.176, 0.458907162),
                (0, 0.176, 0.458866255),
                (0.0278125, 0.176, 0.458582011),
                (0.055625, 0.176, 0.458552787),
                (0.0834375, 0.176, 0.458536519),
                (0.11125, 0.176, 0.458055784),
                (0.1390625, 0.176, 0.457388189),
                (0.166875, 0.176, 0.457217902),
                (0.1946875, 0.176, 0.457536269),
                (0.2225, 0.176, 0.457740678),
                (0.2503125, 0.176, 0.457730369),
                (0.278125, 0.176, 0.45801734),
                (0.3059375, 0.176, 0.458671348),
                (0.33375, 0.176, 0.459040594),
                (0.3615625, 0.176, 0.458794488),
                (0.389375, 0.176, 0.45844109),
                (0.4171875, 0.176, 0.458405932),
                (0.445, 0.176, 0.458337343),
                (0.4728125, 0.176, 0.457872995),
                (0.500625, 0.176, 0.457446655),
                (0.5284375, 0.176, 0.457635748),
                (0.55625, 0.176, 0.458192492),
                (0.5840625, 0.176, 0.458488612),
                (0.611875, 0.176, 0.458570635),
                (0.6396875, 0.176, 0.45894054),
                (0.6675, 0.176, 0.459494707),
                (0.6953125, 0.176, 0.459580043),
                (0.723125, 0.176, 0.459101366),
                (0.7509375, 0.176, 0.45869872),
                (0.77875, 0.176, 0.458672527),
                (0.8065625, 0.176, 0.457088218),
                (0.834375, 0.176, 0.426275424),
                (0.8621875, 0.176, 0.382541613),
                (0.89, 0.176, 0.360480961),
                (-0.89, 0.198, 0.360428202),
                (-0.8621875, 0.198, 0.382652314),
                (-0.834375, 0.198, 0.425994867),
                (-0.8065625, 0.198, 0.456114314),
                (-0.77875, 0.198, 0.45800208),
                (-0.7509375, 0.198, 0.458646937),
                (-0.723125, 0.198, 0.458918675),
                (-0.6953125, 0.198, 0.458971129),
                (-0.6675, 0.198, 0.459288582),
                (-0.6396875, 0.198, 0.459673835),
                (-0.611875, 0.198, 0.459521626),
                (-0.5840625, 0.198, 0.45890576),
                (-0.55625, 0.198, 0.458517207),
                (-0.5284375, 0.198, 0.458545338),
                (-0.500625, 0.198, 0.458488137),
                (-0.4728125, 0.198, 0.458192592),
                (-0.445, 0.198, 0.458208948),
                (-0.4171875, 0.198, 0.458797424),
                (-0.389375, 0.198, 0.45938178),
                (-0.3615625, 0.198, 0.459457816),
                (-0.33375, 0.198, 0.459351486),
                (-0.3059375, 0.198, 0.45949858),
                (-0.278125, 0.198, 0.459583378),
                (-0.2503125, 0.198, 0.459112836),
                (-0.2225, 0.198, 0.458387965),
                (-0.1946875, 0.198, 0.458095453),
                (-0.166875, 0.198, 0.458220616),
                (-0.1390625, 0.198, 0.458204075),
                (-0.11125, 0.198, 0.458023779),
                (-0.0834375, 0.198, 0.458228134),
                (-0.055625, 0.198, 0.458862462),
                (-0.0278125, 0.198, 0.459251326),
                (0, 0.198, 0.459067345),
                (0.0278125, 0.198, 0.458796973),
                (0.055625, 0.198, 0.458796244),
                (0.0834375, 0.198, 0.458660704),
                (0.11125, 0.198, 0.458044637),
                (0.1390625, 0.198, 0.457425517),
                (0.166875, 0.198, 0.457394583),
                (0.1946875, 0.198, 0.457713773),
                (0.2225, 0.198, 0.457809059),
                (0.2503125, 0.198, 0.457791774),
                (0.278125, 0.198, 0.458167078),
                (0.3059375, 0.198, 0.458781127),
                (0.33375, 0.198, 0.458947589),
                (0.3615625, 0.198, 0.45856634),
                (0.389375, 0.198, 0.458246223),
                (0.4171875, 0.198, 0.458225982),
                (0.445, 0.198, 0.458037332),
                (0.4728125, 0.198, 0.457493161),
                (0.500625, 0.198, 0.457176529),
                (0.5284375, 0.198, 0.457505665),
                (0.55625, 0.198, 0.458031921),
                (0.5840625, 0.198, 0.458224385),
                (0.611875, 0.198, 0.45833042),
                (0.6396875, 0.198, 0.458784015),
                (0.6675, 0.198, 0.459270216),
                (0.6953125, 0.198, 0.45917713),
                (0.723125, 0.198, 0.458650485),
                (0.7509375, 0.198, 0.458358984),
                (0.77875, 0.198, 0.458386325),
                (0.8065625, 0.198, 0.456739737),
                (0.834375, 0.198, 0.426010993),
                (0.8621875, 0.198, 0.382466257),
                (0.89, 0.198, 0.360478723),
                (-0.89, 0.22, 0.360336083),
                (-0.8621875, 0.22, 0.382470984),
                (-0.834375, 0.22, 0.425682259),
                (-0.8065625, 0.22, 0.455863851),
                (-0.77875, 0.22, 0.457875874),
                (-0.7509375, 0.22, 0.45846208),
                (-0.723125, 0.22, 0.458630499),
                (-0.6953125, 0.22, 0.458719281),
                (-0.6675, 0.22, 0.459108188),
                (-0.6396875, 0.22, 0.459407819),
                (-0.611875, 0.22, 0.459100941),
                (-0.5840625, 0.22, 0.458493838),
                (-0.55625, 0.22, 0.458253881),
                (-0.5284375, 0.22, 0.458343744),
                (-0.500625, 0.22, 0.458239476),
                (-0.4728125, 0.22, 0.45799704),
                (-0.445, 0.22, 0.458207301),
                (-0.4171875, 0.22, 0.458905247),
                (-0.389375, 0.22, 0.459410384),
                (-0.3615625, 0.22, 0.459412782),
                (-0.33375, 0.22, 0.459381428),
                (-0.3059375, 0.22, 0.459598263),
                (-0.278125, 0.22, 0.459595466),
                (-0.2503125, 0.22, 0.459027155),
                (-0.2225, 0.22, 0.458393201),
                (-0.1946875, 0.22, 0.458280344),
                (-0.166875, 0.22, 0.458452408),
                (-0.1390625, 0.22, 0.458392454),
                (-0.11125, 0.22, 0.458285863),
                (-0.0834375, 0.22, 0.458654781),
                (-0.055625, 0.22, 0.459312893),
                (-0.0278125, 0.22, 0.459556994),
                (0, 0.22, 0.459288967),
                (0.0278125, 0.22, 0.459081679),
                (0.055625, 0.22, 0.459100339),
                (0.0834375, 0.22, 0.458840368),
                (0.11125, 0.22, 0.458145742),
                (0.1390625, 0.22, 0.457639005),
                (0.166875, 0.22, 0.457745861),
                (0.1946875, 0.22, 0.458036275),
                (0.2225, 0.22, 0.4580428),
                (0.2503125, 0.22, 0.458066568),
                (0.278125, 0.22, 0.45852547),
                (0.3059375, 0.22, 0.459051919),
                (0.33375, 0.22, 0.459010803),
                (0.3615625, 0.22, 0.458541918),
                (0.389375, 0.22, 0.458272279),
                (0.4171875, 0.22, 0.45822791),
                (0.445, 0.22, 0.457899317),
                (0.4728125, 0.22, 0.457311828),
                (0.500625, 0.22, 0.457126143),
                (0.5284375, 0.22, 0.457547618),
                (0.55625, 0.22, 0.457986983),
                (0.5840625, 0.22, 0.458076902),
                (0.611875, 0.22, 0.458220773),
                (0.6396875, 0.22, 0.458713508),
                (0.6675, 0.22, 0.459063862),
                (0.6953125, 0.22, 0.45878218),
                (0.723125, 0.22, 0.458237356),
                (0.7509375, 0.22, 0.458042063),
                (0.77875, 0.22, 0.458062748),
                (0.8065625, 0.22, 0.456330691),
                (0.834375, 0.22, 0.425718729),
                (0.8621875, 0.22, 0.382370437),
                (0.89, 0.22, 0.360438658),
                (-0.89, 0.242, 0.360297067),
                (-0.8621875, 0.242, 0.382355386),
                (-0.834375, 0.242, 0.425498178),
                (-0.8065625, 0.242, 0.455777896),
                (-0.77875, 0.242, 0.457852842),
                (-0.7509375, 0.242, 0.458323611),
                (-0.723125, 0.242, 0.458392533),
                (-0.6953125, 0.242, 0.458524139),
                (-0.6675, 0.242, 0.45893212),
                (-0.6396875, 0.242, 0.459084336),
                (-0.611875, 0.242, 0.458624616),
                (-0.5840625, 0.242, 0.458056451),
                (-0.55625, 0.242, 0.457942072),
                (-0.5284375, 0.242, 0.45803413),
                (-0.500625, 0.242, 0.457868377),
                (-0.4728125, 0.242, 0.457706435),
                (-0.445, 0.242, 0.458096592),
                (-0.4171875, 0.242, 0.458836759),
                (-0.389375, 0.242, 0.459225727),
                (-0.3615625, 0.242, 0.45917951),
                (-0.33375, 0.242, 0.459236554),
                (-0.3059375, 0.242, 0.459482083),
                (-0.278125, 0.242, 0.4593629),
                (-0.2503125, 0.242, 0.458735521),
                (-0.2225, 0.242, 0.458240354),
                (-0.1946875, 0.242, 0.45829428),
                (-0.166875, 0.242, 0.458480847),
                (-0.1390625, 0.242, 0.45840061),
                (-0.11125, 0.242, 0.45841835),
                (-0.0834375, 0.242, 0.458950024),
                (-0.055625, 0.242, 0.459592437),
                (-0.0278125, 0.242, 0.45970055),
                (0, 0.242, 0.459410544),
                (0.0278125, 0.242, 0.459299019),
                (0.055625, 0.242, 0.459319991),
                (0.0834375, 0.242, 0.458946227),
                (0.11125, 0.242, 0.458243764),
                (0.1390625, 0.242, 0.457905035),
                (0.166875, 0.242, 0.45813932),
                (0.1946875, 0.242, 0.458386876),
                (0.2225, 0.242, 0.45834831),
                (0.2503125, 0.242, 0.458464614),
                (0.278125, 0.242, 0.458997391),
                (0.3059375, 0.242, 0.459404967),
                (0.33375, 0.242, 0.459183187),
                (0.3615625, 0.242, 0.458689616),
                (0.389375, 0.242, 0.458485912),
                (0.4171875, 0.242, 0.458390027),
                (0.445, 0.242, 0.457932756),
                (0.4728125, 0.242, 0.45735919),
                (0.500625, 0.242, 0.457323951),
                (0.5284375, 0.242, 0.457793459),
                (0.55625, 0.242, 0.45811568),
                (0.5840625, 0.242, 0.458129073),
                (0.611875, 0.242, 0.458326117),
                (0.6396875, 0.242, 0.458811133),
                (0.6675, 0.242, 0.45897715),
                (0.6953125, 0.242, 0.458522505),
                (0.723125, 0.242, 0.457992284),
                (0.7509375, 0.242, 0.457867347),
                (0.77875, 0.242, 0.457826771),
                (0.8065625, 0.242, 0.456003423),
                (0.834375, 0.242, 0.425512717),
                (0.8621875, 0.242, 0.382316728),
                (0.89, 0.242, 0.360401905),
                (-0.89, 0.264, 0.360321426),
                (-0.8621875, 0.264, 0.382335326),
                (-0.834375, 0.264, 0.425502071),
                (-0.8065625, 0.264, 0.455926067),
                (-0.77875, 0.264, 0.458007582),
                (-0.7509375, 0.264, 0.458331679),
                (-0.723125, 0.264, 0.458324072),
                (-0.6953125, 0.264, 0.458500492),
                (-0.6675, 0.264, 0.458871053),
                (-0.6396875, 0.264, 0.458831669),
                (-0.611875, 0.264, 0.458239685),
                (-0.5840625, 0.264, 0.457734545),
                (-0.55625, 0.264, 0.457706876),
                (-0.5284375, 0.264, 0.457744646),
                (-0.500625, 0.264, 0.457515523),
                (-0.4728125, 0.264, 0.457453395),
                (-0.445, 0.264, 0.457984978),
                (-0.4171875, 0.264, 0.458690815),
                (-0.389375, 0.264, 0.45893494),
                (-0.3615625, 0.264, 0.458860241),
                (-0.33375, 0.264, 0.458992753),
                (-0.3059375, 0.264, 0.459207107),
                (-0.278125, 0.264, 0.458945058),
                (-0.2503125, 0.264, 0.458294143),
                (-0.2225, 0.264, 0.457958128),
                (-0.1946875, 0.264, 0.458137266),
                (-0.166875, 0.264, 0.458299844),
                (-0.1390625, 0.264, 0.458221136),
                (-0.11125, 0.264, 0.458390936),
                (-0.0834375, 0.264, 0.459052669),
                (-0.055625, 0.264, 0.459630724),
                (-0.0278125, 0.264, 0.459616746),
                (0, 0.264, 0.459355261),
                (0.0278125, 0.264, 0.459345221),
                (0.055625, 0.264, 0.459340051),
                (0.0834375, 0.264, 0.458871722),
                (0.11125, 0.264, 0.458230429),
                (0.1390625, 0.264, 0.458093153),
                (0.166875, 0.264, 0.458430499),
                (0.1946875, 0.264, 0.458631524),
                (0.2225, 0.264, 0.458601491),
                (0.2503125, 0.264, 0.45885084),
                (0.278125, 0.264, 0.45943716),
                (0.3059375, 0.264, 0.459709011),
                (0.33375, 0.264, 0.459356138),
                (0.3615625, 0.264, 0.458903306),
                (0.389375, 0.264, 0.458773901),
                (0.4171875, 0.264, 0.458612241),
                (0.445, 0.264, 0.458065505),
                (0.4728125, 0.264, 0.457574736),
                (0.500625, 0.264, 0.457704103),
                (0.5284375, 0.264, 0.458186207),
                (0.55625, 0.264, 0.458391045),
                (0.5840625, 0.264, 0.458375458),
                (0.611875, 0.264, 0.458641406),
                (0.6396875, 0.264, 0.459078035),
                (0.6675, 0.264, 0.459040502),
                (0.6953125, 0.264, 0.458456524),
                (0.723125, 0.264, 0.457977522),
                (0.7509375, 0.264, 0.457895881),
                (0.77875, 0.264, 0.457759135),
                (0.8065625, 0.264, 0.455863772),
                (0.834375, 0.264, 0.425480204),
                (0.8621875, 0.264, 0.382355587),
                (0.89, 0.264, 0.360406828),
                (-0.89, 0.286, 0.36038925),
                (-0.8621875, 0.286, 0.382397258),
                (-0.834375, 0.286, 0.425680456),
                (-0.8065625, 0.286, 0.45628783),
                (-0.77875, 0.286, 0.458333258),
                (-0.7509375, 0.286, 0.458511273),
                (-0.723125, 0.286, 0.458468704),
                (-0.6953125, 0.286, 0.458690674),
                (-0.6675, 0.286, 0.458975569),
                (-0.6396875, 0.286, 0.458729715),
                (-0.611875, 0.286, 0.458048448),
                (-0.5840625, 0.286, 0.457628138),
                (-0.55625, 0.286, 0.457645264),
                (-0.5284375, 0.286, 0.457590517),
                (-0.500625, 0.286, 0.457316017),
                (-0.4728125, 0.286, 0.45736891),
                (-0.445, 0.286, 0.457990471),
                (-0.4171875, 0.286, 0.45859252),
                (-0.389375, 0.286, 0.458681017),
                (-0.3615625, 0.286, 0.458595951),
                (-0.33375, 0.286, 0.458772205),
                (-0.3059375, 0.286, 0.458890823),
                (-0.278125, 0.286, 0.458471193),
                (-0.2503125, 0.286, 0.457829653),
                (-0.2225, 0.286, 0.457647639),
                (-0.1946875, 0.286, 0.457891315),
                (-0.166875, 0.286, 0.457993313),
                (-0.1390625, 0.286, 0.457935047),
                (-0.11125, 0.286, 0.458258158),
                (-0.0834375, 0.286, 0.458990166),
                (-0.055625, 0.286, 0.459451319),
                (-0.0278125, 0.286, 0.459330461),
                (0, 0.286, 0.459127285),
                (0.0278125, 0.286, 0.459194336),
                (0.055625, 0.286, 0.45912448),
                (0.0834375, 0.286, 0.458583654),
                (0.11125, 0.286, 0.458057525),
                (0.1390625, 0.286, 0.458123723),
                (0.166875, 0.286, 0.458523553),
                (0.1946875, 0.286, 0.458678803),
                (0.2225, 0.286, 0.458706244),
                (0.2503125, 0.286, 0.459104924),
                (0.278125, 0.286, 0.459708934),
                (0.3059375, 0.286, 0.459837472),
                (0.33375, 0.286, 0.459411894),
                (0.3615625, 0.286, 0.459052267),
                (0.389375, 0.286, 0.458991452),
                (0.4171875, 0.286, 0.458759459),
                (0.445, 0.286, 0.45817983),
                (0.4728125, 0.286, 0.457837741),
                (0.500625, 0.286, 0.458133466),
                (0.5284375, 0.286, 0.45860142),
                (0.55625, 0.286, 0.458713827),
                (0.5840625, 0.286, 0.4587274),
                (0.611875, 0.286, 0.45907265),
                (0.6396875, 0.286, 0.459429561),
                (0.6675, 0.286, 0.459199966),
                (0.6953125, 0.286, 0.458552285),
                (0.723125, 0.286, 0.458161066),
                (0.7509375, 0.286, 0.458100277),
                (0.77875, 0.286, 0.457859681),
                (0.8065625, 0.286, 0.455937618),
                (0.834375, 0.286, 0.425644038),
                (0.8621875, 0.286, 0.382500841),
                (0.89, 0.286, 0.360470562),
                (-0.89, 0.308, 0.360459059),
                (-0.8621875, 0.308, 0.382492268),
                (-0.834375, 0.308, 0.425954797),
                (-0.8065625, 0.308, 0.45675821),
                (-0.77875, 0.308, 0.458740722),
                (-0.7509375, 0.308, 0.458802309),
                (-0.723125, 0.308, 0.458777344),
                (-0.6953125, 0.308, 0.459043482),
                (-0.6675, 0.308, 0.459209877),
                (-0.6396875, 0.308, 0.458775817),
                (-0.611875, 0.308, 0.458067616),
                (-0.5840625, 0.308, 0.457752452),
                (-0.55625, 0.308, 0.457779612),
                (-0.5284375, 0.308, 0.457622363),
                (-0.500625, 0.308, 0.457342676),
                (-0.4728125, 0.308, 0.457524408),
                (-0.445, 0.308, 0.458183544),
                (-0.4171875, 0.308, 0.458634179),
                (-0.389375, 0.308, 0.458581203),
                (-0.3615625, 0.308, 0.458505511),
                (-0.33375, 0.308, 0.458686167),
                (-0.3059375, 0.308, 0.458656098),
                (-0.278125, 0.308, 0.458085715),
                (-0.2503125, 0.308, 0.457487081),
                (-0.2225, 0.308, 0.457436604),
                (-0.1946875, 0.308, 0.457680299),
                (-0.166875, 0.308, 0.457698118),
                (-0.1390625, 0.308, 0.457678801),
                (-0.11125, 0.308, 0.458134077),
                (-0.0834375, 0.308, 0.45886132),
                (-0.055625, 0.308, 0.459159505),
                (-0.0278125, 0.308, 0.458948995),
                (0, 0.308, 0.458811705),
                (0.0278125, 0.308, 0.458907098),
                (0.055625, 0.308, 0.458731245),
                (0.0834375, 0.308, 0.458141127),
                (0.11125, 0.308, 0.457762108),
                (0.1390625, 0.308, 0.458001387),
                (0.166875, 0.308, 0.458410557),
                (0.1946875, 0.308, 0.458521926),
                (0.2225, 0.308, 0.458640109),
                (0.2503125, 0.308, 0.459172944),
                (0.278125, 0.308, 0.459742797),
                (0.3059375, 0.308, 0.459725174),
                (0.33375, 0.308, 0.459280465),
                (0.3615625, 0.308, 0.459040816),
                (0.389375, 0.308, 0.459024119),
                (0.4171875, 0.308, 0.458721916),
                (0.445, 0.308, 0.458169506),
                (0.4728125, 0.308, 0.458023388),
                (0.500625, 0.308, 0.45846756),
                (0.5284375, 0.308, 0.458899594),
                (0.55625, 0.308, 0.458958679),
                (0.5840625, 0.308, 0.459054694),
                (0.611875, 0.308, 0.459475978),
                (0.6396875, 0.308, 0.459729419),
                (0.6675, 0.308, 0.459343261),
                (0.6953125, 0.308, 0.458706343),
                (0.723125, 0.308, 0.458431183),
                (0.7509375, 0.308, 0.458374045),
                (0.77875, 0.308, 0.458048211),
                (0.8065625, 0.308, 0.456163422),
                (0.834375, 0.308, 0.425952688),
                (0.8621875, 0.308, 0.382721184),
                (0.89, 0.308, 0.360580476),
                (-0.89, 0.33, 0.36048653),
                (-0.8621875, 0.33, 0.382437696),
                (-0.834375, 0.33, 0.42585467),
                (-0.8065625, 0.33, 0.456658273),
                (-0.77875, 0.33, 0.458553777),
                (-0.7509375, 0.33, 0.458547036),
                (-0.723125, 0.33, 0.458589931),
                (-0.6953125, 0.33, 0.458890896),
                (-0.6675, 0.33, 0.458921962),
                (-0.6396875, 0.33, 0.45834795),
                (-0.611875, 0.33, 0.457686652),
                (-0.5840625, 0.33, 0.457492543),
                (-0.55625, 0.33, 0.457506661),
                (-0.5284375, 0.33, 0.457267568),
                (-0.500625, 0.33, 0.457040753),
                (-0.4728125, 0.33, 0.457361386),
                (-0.445, 0.33, 0.458010751),
                (-0.4171875, 0.33, 0.458291496),
                (-0.389375, 0.33, 0.45813735),
                (-0.3615625, 0.33, 0.458093486),
                (-0.33375, 0.33, 0.45824127),
                (-0.3059375, 0.33, 0.458035022),
                (-0.278125, 0.33, 0.457350355),
                (-0.2503125, 0.33, 0.456833066),
                (-0.2225, 0.33, 0.456884468),
                (-0.1946875, 0.33, 0.457075088),
                (-0.166875, 0.33, 0.457008313),
                (-0.1390625, 0.33, 0.457049636),
                (-0.11125, 0.33, 0.457600467),
                (-0.0834375, 0.33, 0.458246543),
                (-0.055625, 0.33, 0.458354031),
                (-0.0278125, 0.33, 0.458077774),
                (0, 0.33, 0.457997202),
                (0.0278125, 0.33, 0.45806063),
                (0.055625, 0.33, 0.457747648),
                (0.0834375, 0.33, 0.457137177),
                (0.11125, 0.33, 0.456916331),
                (0.1390625, 0.33, 0.457272516),
                (0.166875, 0.33, 0.457633868),
                (0.1946875, 0.33, 0.457705184),
                (0.2225, 0.33, 0.457926588),
                (0.2503125, 0.33, 0.458546302),
                (0.278125, 0.33, 0.459018588),
                (0.3059375, 0.33, 0.458856293),
                (0.33375, 0.33, 0.458433721),
                (0.3615625, 0.33, 0.458309995),
                (0.389375, 0.33, 0.45829531),
                (0.4171875, 0.33, 0.457926063),
                (0.445, 0.33, 0.457454096),
                (0.4728125, 0.33, 0.457521063),
                (0.500625, 0.33, 0.458070793),
                (0.5284375, 0.33, 0.458445086),
                (0.55625, 0.33, 0.458491254),
                (0.5840625, 0.33, 0.458702447),
                (0.611875, 0.33, 0.459174099),
                (0.6396875, 0.33, 0.45930358),
                (0.6675, 0.33, 0.458810593),
                (0.6953125, 0.33, 0.458253315),
                (0.723125, 0.33, 0.45810509),
                (0.7509375, 0.33, 0.458036753),
                (0.77875, 0.33, 0.457663878),
                (0.8065625, 0.33, 0.455894176),
                (0.834375, 0.33, 0.42593935),
                (0.8621875, 0.33, 0.382828736),
                (0.89, 0.33, 0.360699456),
                (-0.89, 0.352, 0.360444961),
                (-0.8621875, 0.352, 0.379458296),
                (-0.834375, 0.352, 0.417180086),
                (-0.8065625, 0.352, 0.443954458),
                (-0.77875, 0.352, 0.445536854),
                (-0.7509375, 0.352, 0.445515802),
                (-0.723125, 0.352, 0.445647383),
                (-0.6953125, 0.352, 0.445935493),
                (-0.6675, 0.352, 0.445836599),
                (-0.6396875, 0.352, 0.445240027),
                (-0.611875, 0.352, 0.444736684),
                (-0.5840625, 0.352, 0.444672049),
                (-0.55625, 0.352, 0.444661754),
                (-0.5284375, 0.352, 0.444407051),
                (-0.500625, 0.352, 0.444303948),
                (-0.4728125, 0.352, 0.444726694),
                (-0.445, 0.352, 0.445280742),
                (-0.4171875, 0.352, 0.445394524),
                (-0.389375, 0.352, 0.445214091),
                (-0.3615625, 0.352, 0.44522208),
                (-0.33375, 0.352, 0.445301695),
                (-0.3059375, 0.352, 0.444954644),
                (-0.278125, 0.352, 0.444277635),
                (-0.2503125, 0.352, 0.443912539),
                (-0.2225, 0.352, 0.444026438),
                (-0.1946875, 0.352, 0.444126537),
                (-0.166875, 0.352, 0.444012714),
                (-0.1390625, 0.352, 0.444129854),
                (-0.11125, 0.352, 0.444686061),
                (-0.0834375, 0.352, 0.445151418),
                (-0.055625, 0.352, 0.445077244),
                (-0.0278125, 0.352, 0.444793406),
                (0, 0.352, 0.444754765),
                (0.0278125, 0.352, 0.444733365),
                (0.055625, 0.352, 0.444312145),
                (0.0834375, 0.352, 0.443765772),
                (0.11125, 0.352, 0.443702331),
                (0.1390625, 0.352, 0.44407557),
                (0.166875, 0.352, 0.444322042),
                (0.1946875, 0.352, 0.444360628),
                (0.2225, 0.352, 0.444653368),
                (0.2503125, 0.352, 0.445240917),
                (0.278125, 0.352, 0.445530592),
                (0.3059375, 0.352, 0.445257549),
                (0.33375, 0.352, 0.444912102),
                (0.3615625, 0.352, 0.444874826),
                (0.389375, 0.352, 0.444816181),
                (0.4171875, 0.352, 0.444421378),
                (0.445, 0.352, 0.444095196),
                (0.4728125, 0.352, 0.44433589),
                (0.500625, 0.352, 0.444880451),
                (0.5284375, 0.352, 0.445152912),
                (0.55625, 0.352, 0.44521279),
                (0.5840625, 0.352, 0.445514901),
                (0.611875, 0.352, 0.445950498),
                (0.6396875, 0.352, 0.445939424),
                (0.6675, 0.352, 0.44543506),
                (0.6953125, 0.352, 0.445037935),
                (0.723125, 0.352, 0.445004581),
                (0.7509375, 0.352, 0.444916726),
                (0.77875, 0.352, 0.444572257),
                (0.8065625, 0.352, 0.443174991),
                (0.834375, 0.352, 0.417366548),
                (0.8621875, 0.352, 0.379997856),
                (0.89, 0.352, 0.360782657),
                (-0.89, 0.374, 0.360338274),
                (-0.8621875, 0.374, 0.373825204),
                (-0.834375, 0.374, 0.40068487),
                (-0.8065625, 0.374, 0.419743618),
                (-0.77875, 0.374, 0.420831778),
                (-0.7509375, 0.374, 0.420834031),
                (-0.723125, 0.374, 0.421022352),
                (-0.6953125, 0.374, 0.421242082),
                (-0.6675, 0.374, 0.421057839),
                (-0.6396875, 0.374, 0.420555703),
                (-0.611875, 0.374, 0.420258185),
                (-0.5840625, 0.374, 0.420286345),
                (-0.55625, 0.374, 0.420253984),
                (-0.5284375, 0.374, 0.420054289),
                (-0.500625, 0.374, 0.420093384),
                (-0.4728125, 0.374, 0.420537799),
                (-0.445, 0.374, 0.420940735),
                (-0.4171875, 0.374, 0.420942381),
                (-0.389375, 0.374, 0.420808233),
                (-0.3615625, 0.374, 0.420863391),
                (-0.33375, 0.374, 0.420868602),
                (-0.3059375, 0.374, 0.420475561),
                (-0.278125, 0.374, 0.419932741),
                (-0.2503125, 0.374, 0.419745753),
                (-0.2225, 0.374, 0.419876299),
                (-0.1946875, 0.374, 0.41989659),
                (-0.166875, 0.374, 0.419797197),
                (-0.1390625, 0.374, 0.419979364),
                (-0.11125, 0.374, 0.420452638),
                (-0.0834375, 0.374, 0.420708888),
                (-0.055625, 0.374, 0.420530194),
                (-0.0278125, 0.374, 0.420301164),
                (0, 0.374, 0.420283745),
                (0.0278125, 0.374, 0.420173273),
                (0.055625, 0.374, 0.419730023),
                (0.0834375, 0.374, 0.419323193),
                (0.11125, 0.374, 0.419374285),
                (0.1390625, 0.374, 0.41967557),
                (0.166875, 0.374, 0.419793284),
                (0.1946875, 0.374, 0.419819486),
                (0.2225, 0.374, 0.420122821),
                (0.2503125, 0.374, 0.420571126),
                (0.278125, 0.374, 0.420660842),
                (0.3059375, 0.374, 0.420349201),
                (0.33375, 0.374, 0.420106669),
                (0.3615625, 0.374, 0.420101578),
                (0.389375, 0.374, 0.419980592),
                (0.4171875, 0.374, 0.419618459),
                (0.445, 0.374, 0.419451839),
                (0.4728125, 0.374, 0.419764535),
                (0.500625, 0.374, 0.420195178),
                (0.5284375, 0.374, 0.420351101),
                (0.55625, 0.374, 0.420429708),
                (0.5840625, 0.374, 0.420748431),
                (0.611875, 0.374, 0.421063302),
                (0.6396875, 0.374, 0.420936559),
                (0.6675, 0.374, 0.42050886),
                (0.6953125, 0.374, 0.420285728),
                (0.723125, 0.374, 0.420312826),
                (0.7509375, 0.374, 0.420205801),
                (0.77875, 0.374, 0.419949956),
                (0.8065625, 0.374, 0.419091067),
                (0.834375, 0.374, 0.400927047),
                (0.8621875, 0.374, 0.374442869),
                (0.89, 0.374, 0.360798157),
                (-0.89, 0.396, 0.360200597),
                (-0.8621875, 0.396, 0.367453942),
                (-0.834375, 0.396, 0.381978721),
                (-0.8065625, 0.396, 0.392269781),
                (-0.77875, 0.396, 0.392840461),
                (-0.7509375, 0.396, 0.392871083),
                (-0.723125, 0.396, 0.393059445),
                (-0.6953125, 0.396, 0.393183719),
                (-0.6675, 0.396, 0.39297023),
                (-0.6396875, 0.396, 0.392612238),
                (-0.611875, 0.396, 0.39248327),
                (-0.5840625, 0.396, 0.392545778),
                (-0.55625, 0.396, 0.392500675),
                (-0.5284375, 0.396, 0.392385176),
                (-0.500625, 0.396, 0.392522996),
                (-0.4728125, 0.396, 0.392912061),
                (-0.445, 0.396, 0.393163462),
                (-0.4171875, 0.396, 0.393119595),
                (-0.389375, 0.396, 0.393057666),
                (-0.3615625, 0.396, 0.393133028),
                (-0.33375, 0.396, 0.393083401),
                (-0.3059375, 0.396, 0.392732544),
                (-0.278125, 0.396, 0.392375271),
                (-0.2503125, 0.396, 0.392330058),
                (-0.2225, 0.396, 0.392444426),
                (-0.1946875, 0.396, 0.392424853),
                (-0.166875, 0.396, 0.392380386),
                (-0.1390625, 0.396, 0.392594254),
                (-0.11125, 0.396, 0.392944825),
                (-0.0834375, 0.396, 0.393040656),
                (-0.055625, 0.396, 0.392848881),
                (-0.0278125, 0.396, 0.392703234),
                (0, 0.396, 0.392691371),
                (0.0278125, 0.396, 0.392531314),
                (0.055625, 0.396, 0.392150915),
                (0.0834375, 0.396, 0.391904414),
                (0.11125, 0.396, 0.392011448),
                (0.1390625, 0.396, 0.392210701),
                (0.166875, 0.396, 0.392240356),
                (0.1946875, 0.396, 0.392275113),
                (0.2225, 0.396, 0.392540102),
                (0.2503125, 0.396, 0.392818603),
                (0.278125, 0.396, 0.39276645),
                (0.3059375, 0.396, 0.392486173),
                (0.33375, 0.396, 0.392336561),
                (0.3615625, 0.396, 0.392323191),
                (0.389375, 0.396, 0.392160559),
                (0.4171875, 0.396, 0.391873867),
                (0.445, 0.396, 0.391829664),
                (0.4728125, 0.396, 0.392119169),
                (0.500625, 0.396, 0.392396009),
                (0.5284375, 0.396, 0.392460782),
                (0.55625, 0.396, 0.392547418),
                (0.5840625, 0.396, 0.392813991),
                (0.611875, 0.396, 0.392981493),
                (0.6396875, 0.396, 0.392793746),
                (0.6675, 0.396, 0.392479388),
                (0.6953125, 0.396, 0.392381301),
                (0.723125, 0.396, 0.392411282),
                (0.7509375, 0.396, 0.392294877),
                (0.77875, 0.396, 0.392140525),
                (0.8065625, 0.396, 0.391799577),
                (0.834375, 0.396, 0.382207402),
                (0.8621875, 0.396, 0.368059852),
                (0.89, 0.396, 0.360742155),
                (-0.89, 0.418, 0.360082457),
                (-0.8621875, 0.418, 0.362261193),
                (-0.834375, 0.418, 0.366684498),
                (-0.8065625, 0.418, 0.369799016),
                (-0.77875, 0.418, 0.369967044),
                (-0.7509375, 0.418, 0.370013588),
                (-0.723125, 0.418, 0.370164936),
                (-0.6953125, 0.418, 0.370202864),
                (-0.6675, 0.418, 0.369995891),
                (-0.6396875, 0.418, 0.369763623),
                (-0.611875, 0.418, 0.369731709),
                (-0.5840625, 0.418, 0.369786613),
                (-0.55625, 0.418, 0.36973681),
                (-0.5284375, 0.418, 0.369693053),
                (-0.500625, 0.418, 0.369871196),
                (-0.4728125, 0.418, 0.370172923),
                (-0.445, 0.418, 0.370309825),
                (-0.4171875, 0.418, 0.370261155),
                (-0.389375, 0.418, 0.370255378),
                (-0.3615625, 0.418, 0.370324034),
                (-0.33375, 0.418, 0.370243049),
                (-0.3059375, 0.418, 0.369967943),
                (-0.278125, 0.418, 0.369768276),
                (-0.2503125, 0.418, 0.369803628),
                (-0.2225, 0.418, 0.369890044),
                (-0.1946875, 0.418, 0.369863992),
                (-0.166875, 0.418, 0.369877624),
                (-0.1390625, 0.418, 0.370091938),
                (-0.11125, 0.418, 0.370330993),
                (-0.0834375, 0.418, 0.370336985),
                (-0.055625, 0.418, 0.3701825),
                (-0.0278125, 0.418, 0.370109761),
                (0, 0.418, 0.370095481),
                (0.0278125, 0.418, 0.369926971),
                (0.055625, 0.418, 0.369642802),
                (0.0834375, 0.418, 0.369526553),
                (0.11125, 0.418, 0.36964774),
                (0.1390625, 0.418, 0.369764973),
                (0.166875, 0.418, 0.369758581),
                (0.1946875, 0.418, 0.369812118),
                (0.2225, 0.418, 0.370024378),
                (0.2503125, 0.418, 0.370168432),
                (0.278125, 0.418, 0.370050225),
                (0.3059375, 0.418, 0.36983293),
                (0.33375, 0.418, 0.369748292),
                (0.3615625, 0.418, 0.369714911),
                (0.389375, 0.418, 0.369543159),
                (0.4171875, 0.418, 0.369340777),
                (0.445, 0.418, 0.369369186),
                (0.4728125, 0.418, 0.369596284),
                (0.500625, 0.418, 0.36974693),
                (0.5284375, 0.418, 0.369761978),
                (0.55625, 0.418, 0.369846874),
                (0.5840625, 0.418, 0.370037906),
                (0.611875, 0.418, 0.37008687),
                (0.6396875, 0.418, 0.369886101),
                (0.6675, 0.418, 0.369672255),
                (0.6953125, 0.418, 0.369638074),
                (0.723125, 0.418, 0.369642812),
                (0.7509375, 0.418, 0.369528447),
                (0.77875, 0.418, 0.369453371),
                (0.8065625, 0.418, 0.369485544),
                (0.834375, 0.418, 0.366857133),
                (0.8621875, 0.418, 0.362786038),
                (0.89, 0.418, 0.360641746),
                (-0.89, 0.44, 0.360029564),
                (-0.8621875, 0.44, 0.36013777),
                (-0.834375, 0.44, 0.360370839),
                (-0.8065625, 0.44, 0.360490227),
                (-0.77875, 0.44, 0.360487178),
                (-0.7509375, 0.44, 0.360544944),
                (-0.723125, 0.44, 0.360662882),
                (-0.6953125, 0.44, 0.360633799),
                (-0.6675, 0.44, 0.360421919),
                (-0.6396875, 0.44, 0.360257503),
                (-0.611875, 0.44, 0.360268904),
                (-0.5840625, 0.44, 0.360303677),
                (-0.55625, 0.44, 0.360247412),
                (-0.5284375, 0.44, 0.360252284),
                (-0.500625, 0.44, 0.360456319),
                (-0.4728125, 0.44, 0.36070209),
                (-0.445, 0.44, 0.36077172),
                (-0.4171875, 0.44, 0.360726969),
                (-0.389375, 0.44, 0.360754437),
                (-0.3615625, 0.44, 0.360807269),
                (-0.33375, 0.44, 0.360696409),
                (-0.3059375, 0.44, 0.360464635),
                (-0.278125, 0.44, 0.360358619),
                (-0.2503125, 0.44, 0.360435953),
                (-0.2225, 0.44, 0.360502723),
                (-0.1946875, 0.44, 0.360483009),
                (-0.166875, 0.44, 0.360547406),
                (-0.1390625, 0.44, 0.360770674),
                (-0.11125, 0.44, 0.360946355),
                (-0.0834375, 0.44, 0.360907015),
                (-0.055625, 0.44, 0.360785879),
                (-0.0278125, 0.44, 0.360758281),
                (0, 0.44, 0.360734965),
                (0.0278125, 0.44, 0.360558653),
                (0.055625, 0.44, 0.360339124),
                (0.0834375, 0.44, 0.360307521),
                (0.11125, 0.44, 0.360438824),
                (0.1390625, 0.44, 0.360513729),
                (0.166875, 0.44, 0.360503661),
                (0.1946875, 0.44, 0.360586397),
                (0.2225, 0.44, 0.360773991),
                (0.2503125, 0.44, 0.360839235),
                (0.278125, 0.44, 0.360687751),
                (0.3059375, 0.44, 0.360513985),
                (0.33375, 0.44, 0.360463316),
                (0.3615625, 0.44, 0.360407222),
                (0.389375, 0.44, 0.360227525),
                (0.4171875, 0.44, 0.360082031),
                (0.445, 0.44, 0.36015748),
                (0.4728125, 0.44, 0.360345889),
                (0.500625, 0.44, 0.360425415),
                (0.5284375, 0.44, 0.360422918),
                (0.55625, 0.44, 0.360513644),
                (0.5840625, 0.44, 0.360653478),
                (0.611875, 0.44, 0.360622225),
                (0.6396875, 0.44, 0.360409694),
                (0.6675, 0.44, 0.360250256),
                (0.6953125, 0.44, 0.36023904),
                (0.723125, 0.44, 0.360212447),
                (0.7509375, 0.44, 0.360094565),
                (0.77875, 0.44, 0.360069718),
                (0.8065625, 0.44, 0.360259686),
                (0.834375, 0.44, 0.360485999),
                (0.8621875, 0.44, 0.360551558),
                (0.89, 0.44, 0.360543851)
            ]
            texCoord2f[] primvars:st = [
                (0, 0),
                (0.015625, 0),
                (0.03125, 0),
                (0.046875, 0),
                (0.0625, 0),
                (0.078125, 0),
                (0.09375, 0),
                (0.109375, 0),
                (0.125, 0),
                (0.140625, 0),
                (0.15625, 0),
                (0.171875, 0),
                (0.1875, 0),
                (0.203125, 0),
                (0.21875, 0),
                (0.234375, 0),
                (0.25, 0),
                (0.265625, 0),
                (0.28125, 0),
                (0.296875, 0),
                (0.3125, 0),
                (0.328125, 0),
                (0.34375, 0),
                (0.359375, 0),
                (0.375, 0),
                (0.390625, 0),
                (0.40625, 0),
                (0.421875, 0),
                (0.4375, 0),
                (0.453125, 0),
                (0.46875, 0),
                (0.484375, 0),
                (0.5, 0),
                (0.515625, 0),
                (0.53125, 0),
                (0.546875, 0),
                (0.5625, 0),
                (0.578125, 0),
                (0.59375, 0),
                (0.609375, 0),
                (0.625, 0),
                (0.640625, 0),
                (0.65625, 0),
                (0.671875, 0),
                (0.6875, 0),
                (0.703125, 0),
                (0.71875, 0),
                (0.734375, 0),
                (0.75, 0),
                (0.765625, 0),
                (0.78125, 0),
                (0.796875, 0),
                (0.8125, 0),
                (0.828125, 0),
                (0.84375, 0),
                (0.859375, 0),
                (0.875, 0),
                (0.890625, 0),
                (0.90625, 0),
                (0.921875, 0),
                (0.9375, 0),
                (0.953125, 0),
                (0.96875, 0),
                (0.984375, 0),
                (1, 0),
                (0, 0.025),
                (0.015625, 0.025),
                (0.03125, 0.025),
                (0.046875, 0.025),
                (0.0625, 0.025),
                (0.078125, 0.025),
                (0.09375, 0.025),
                (0.109375, 0.025),
                (0.125, 0.025),
                (0.140625, 0.025),
                (0.15625, 0.025),
                (0.171875, 0.025),
                (0.1875, 0.025),
                (0.203125, 0.025),
                (0.21875, 0.025),
                (0.234375, 0.025),
                (0.25, 0.025),
                (0.265625, 0.025),
                (0.28125, 0.025),
                (0.296875, 0.025),
                (0.3125, 0.025),
                (0.328125, 0.025),
                (0.34375, 0.025),
                (0.359375, 0.025),
                (0.375, 0.025),
                (0.390625, 0.025),
                (0.40625, 0.025),
                (0.421875, 0.025),
                (0.4375, 0.025),
                (0.453125, 0.025),
                (0.46875, 0.025),
                (0.484375, 0.025),
                (0.5, 0.025),
                (0.515625, 0.025),
                (0.53125, 0.025),
                (0.546875, 0.025),
                (0.5625, 0.025),
                (0.578125, 0.025),
                (0.59375, 0.025),
                (0.609375, 0.025),
                (0.625, 0.025),
                (0.640625, 0.025),
                (0.65625, 0.025),
                (0.671875, 0.025),
                (0.6875, 0.025),
                (0.703125, 0.025),
                (0.71875, 0.025),
                (0.734375, 0.025),
                (0.75, 0.025),
                (0.765625, 0.025),
                (0.78125, 0.025),
                (0.796875, 0.025),
                (0.8125, 0.025),
                (0.828125, 0.025),
                (0.84375, 0.025),
                (0.859375, 0.025),
                (0.875, 0.025),
                (0.890625, 0.025),
                (0.90625, 0.025),
                (0.921875, 0.025),
                (0.9375, 0.025),
                (0.953125, 0.025),
                (0.96875, 0.025),
                (0.984375, 0.025),
                (1, 0.025),
                (0, 0.05),
                (0.015625, 0.05),
                (0.03125, 0.05),
                (0.046875, 0.05),
                (0.0625, 0.05),
                (0.078125, 0.05),
                (0.09375, 0.05),
                (0.109375, 0.05),
                (0.125, 0.05),
                (0.140625, 0.05),
                (0.15625, 0.05),
                (0.171875, 0.05),
                (0.1875, 0.05),
                (0.203125, 0.05),
                (0.21875, 0.05),
                (0.234375, 0.05),
                (0.25, 0.05),
                (0.265625, 0.05),
                (0.28125, 0.05),
                (0.296875, 0.05),
                (0.3125, 0.05),
                (0.328125, 0.05),
                (0.34375, 0.05),
                (0.359375, 0.05),
                (0.375, 0.05),
                (0.390625, 0.05),
                (0.40625, 0.05),
                (0.421875, 0.05),
                (0.4375, 0.05),
                (0.453125, 0.05),
                (0.46875, 0.05),
                (0.484375, 0.05),
                (0.5, 0.05),
                (0.515625, 0.05),
                (0.53125, 0.05),
                (0.546875, 0.05),
                (0.5625, 0.05),
                (0.578125, 0.05),
                (0.59375, 0.05),
                (0.609375, 0.05),
                (0.625, 0.05),
                (0.640625, 0.05),
                (0.65625, 0.05),
                (0.671875, 0.05),
                (0.6875, 0.05),
                (0.703125, 0.05),
                (0.71875, 0.05),
                (0.734375, 0.05),
                (0.75, 0.05),
                (0.765625, 0.05),
                (0.78125, 0.05),
                (0.796875, 0.05),
                (0.8125, 0.05),
                (0.828125, 0.05),
                (0.84375, 0.05),
                (0.859375, 0.05),
                (0.875, 0.05),
                (0.890625, 0.05),
                (0.90625, 0.05),
                (0.921875, 0.05),
                (0.9375, 0.05),
                (0.953125, 0.05),
                (0.96875, 0.05),
                (0.984375, 0.05),
                (1, 0.05),
                (0, 0.075),
                (0.015625, 0.075),
                (0.03125, 0.075),
                (0.046875, 0.075),
                (0.0625, 0.075),
                (0.078125, 0.075),
                (0.09375, 0.075),
                (0.109375, 0.075),
                (0.125, 0.075),
                (0.140625, 0.075),
                (0.15625, 0.075),
                (0.171875, 0.075),
                (0.1875, 0.075),
                (0.203125, 0.075),
                (0.21875, 0.075),
                (0.234375, 0.075),
                (0.25, 0.075),
                (0.265625, 0.075),
                (0.28125, 0.075),
                (0.296875, 0.075),
                (0.3125, 0.075),
                (0.328125, 0.075),
                (0.34375, 0.075),
                (0.359375, 0.075),
                (0.375, 0.075),
                (0.390625, 0.075),
                (0.40625, 0.075),
                (0.421875, 0.075),
                (0.4375, 0.075),
                (0.453125, 0.075),
                (0.46875, 0.075),
                (0.484375, 0.075),
                (0.5, 0.075),
                (0.515625, 0.075),
                (0.53125, 0.075),
                (0.546875, 0.075),
                (0.5625, 0.075),
                (0.578125, 0.075),
                (0.59375, 0.075),
                (0.609375, 0.075),
                (0.625, 0.075),
                (0.640625, 0.075),
                (0.65625, 0.075),
                (0.671875, 0.075),
                (0.6875, 0.075),
                (0.703125, 0.075),
                (0.71875, 0.075),
                (0.734375, 0.075),
                (0.75, 0.075),
                (0.765625, 0.075),
                (0.78125, 0.075),
                (0.796875, 0.075),
                (0.8125, 0.075),
                (0.828125, 0.075),
                (0.84375, 0.075),
                (0.859375, 0.075),
                (0.875, 0.075),
                (0.890625, 0.075),
                (0.90625, 0.075),
                (0.921875, 0.075),
                (0.9375, 0.075),
                (0.953125, 0.075),
                (0.96875, 0.075),
                (0.984375, 0.075),
                (1, 0.075),
                (0, 0.1),
                (0.015625, 0.1),
                (0.03125, 0.1),
                (0.046875, 0.1),
                (0.0625, 0.1),
                (0.078125, 0.1),
                (0.09375, 0.1),
                (0.109375, 0.1),
                (0.125, 0.1),
                (0.140625, 0.1),
                (0.15625, 0.1),
                (0.171875, 0.1),
                (0.1875, 0.1),
                (0.203125, 0.1),
                (0.21875, 0.1),
                (0.234375, 0.1),
                (0.25, 0.1),
                (0.265625, 0.1),
                (0.28125, 0.1),
                (0.296875, 0.1),
                (0.3125, 0.1),
                (0.328125, 0.1),
                (0.34375, 0.1),
                (0.359375, 0.1),
                (0.375, 0.1),
                (0.390625, 0.1),
                (0.40625, 0.1),
                (0.421875, 0.1),
                (0.4375, 0.1),
                (0.453125, 0.1),
                (0.46875, 0.1),
                (0.484375, 0.1),
                (0.5, 0.1),
                (0.515625, 0.1),
                (0.53125, 0.1),
                (0.546875, 0.1),
                (0.5625, 0.1),
                (0.578125, 0.1),
                (0.59375, 0.1),
                (0.609375, 0.1),
                (0.625, 0.1),
                (0.640625, 0.1),
                (0.65625, 0.1),
                (0.671875, 0.1),
                (0.6875, 0.1),
                (0.703125, 0.1),
                (0.71875, 0.1),
                (0.734375, 0.1),
                (0.75, 0.1),
                (0.765625, 0.1),
                (0.78125, 0.1),
                (0.796875, 0.1),
                (0.8125, 0.1),
                (0.828125, 0.1),
                (0.84375, 0.1),
                (0.859375, 0.1),
                (0.875, 0.1),
                (0.890625, 0.1),
                (0.90625, 0.1),
                (0.921875, 0.1),
                (0.9375, 0.1),
                (0.953125, 0.1),
                (0.96875, 0.1),
                (0.984375, 0.1),
                (1, 0.1),
                (0, 0.125),
                (0.015625, 0.125),
                (0.03125, 0.125),
                (0.046875, 0.125),
                (0.0625, 0.125),
                (0.078125, 0.125),
                (0.09375, 0.125),
                (0.109375, 0.125),
                (0.125, 0.125),
                (0.140625, 0.125),
                (0.15625, 0.125),
                (0.171875, 0.125),
                (0.1875, 0.125),
                (0.203125, 0.125),
                (0.21875, 0.125),
                (0.234375, 0.125),
                (0.25, 0.125),
                (0.265625, 0.125),
                (0.28125, 0.125),
                (0.296875, 0.125),
                (0.3125, 0.125),
                (0.328125, 0.125),
                (0.34375, 0.125),
                (0.359375, 0.125),
                (0.375, 0.125),
                (0.390625, 0.125),
                (0.40625, 0.125),
                (0.421875, 0.125),
                (0.4375, 0.125),
                (0.453125, 0.125),
                (0.46875, 0.125),
                (0.484375, 0.125),
                (0.5, 0.125),
                (0.515625, 0.125),
                (0.53125, 0.125),
                (0.546875, 0.125),
                (0.5625, 0.125),
                (0.578125, 0.125),
                (0.59375, 0.125),
                (0.609375, 0.125),
                (0.625, 0.125),
                (0.640625, 0.125),
                (0.65625, 0.125),
                (0.671875, 0.125),
                (0.6875, 0.125),
                (0.703125, 0.125),
                (0.71875, 0.125),
                (0.734375, 0.125),
                (0.75, 0.125),
                (0.765625, 0.125),
                (0.78125, 0.125),
                (0.796875, 0.125),
                (0.8125, 0.125),
                (0.828125, 0.125),
                (0.84375, 0.125),
                (0.859375, 0.125),
                (0.875, 0.125),
                (0.890625, 0.125),
                (0.90625, 0.125),
                (0.921875, 0.125),
                (0.9375, 0.125),
                (0.953125, 0.125),
                (0.96875, 0.125),
                (0.984375, 0.125),
                (1, 0.125),
                (0, 0.15),
                (0.015625, 0.15),
                (0.03125, 0.15),
                (0.046875, 0.15),
                (0.0625, 0.15),
                (0.078125, 0.15),
                (0.09375, 0.15),
                (0.109375, 0.15),
                (0.125, 0.15),
                (0.140625, 0.15),
                (0.15625, 0.15),
                (0.171875, 0.15),
                (0.1875, 0.15),
                (0.203125, 0.15),
                (0.21875, 0.15),
                (0.234375, 0.15),
                (0.25, 0.15),
                (0.265625, 0.15),
                (0.28125, 0.15),
                (0.296875, 0.15),
                (0.3125, 0.15),
                (0.328125, 0.15),
                (0.34375, 0.15),
                (0.359375, 0.15),
                (0.375, 0.15),
                (0.390625, 0.15),
                (0.40625, 0.15),
                (0.421875, 0.15),
                (0.4375, 0.15),
                (0.453125, 0.15),
                (0.46875, 0.15),
                (0.484375, 0.15),
                (0.5, 0.15),
                (0.515625, 0.15),
                (0.53125, 0.15),
                (0.546875, 0.15),
                (0.5625, 0.15),
                (0.578125, 0.15),
                (0.59375, 0.15),
                (0.609375, 0.15),
                (0.625, 0.15),
                (0.640625, 0.15),
                (0.65625, 0.15),
                (0.671875, 0.15),
                (0.6875, 0.15),
                (0.703125, 0.15),
                (0.71875, 0.15),
                (0.734375, 0.15),
                (0.75, 0.15),
                (0.765625, 0.15),
                (0.78125, 0.15),
                (0.796875, 0.15),
                (0.8125, 0.15),
                (0.828125, 0.15),
                (0.84375, 0.15),
                (0.859375, 0.15),
                (0.875, 0.15),
                (0.890625, 0.15),
                (0.90625, 0.15),
                (0.921875, 0.15),
                (0.9375, 0.15),
                (0.953125, 0.15),
                (0.96875, 0.15),
                (0.984375, 0.15),
                (1, 0.15),
                (0, 0.175),
                (0.015625, 0.175),
                (0.03125, 0.175),
                (0.046875, 0.175),
                (0.0625, 0.175),
                (0.078125, 0.175),
                (0.09375, 0.175),
                (0.109375, 0.175),
                (0.125, 0.175),
                (0.140625, 0.175),
                (0.15625, 0.175),
                (0.171875, 0.175),
                (0.1875, 0.175),
                (0.203125, 0.175),
                (0.21875, 0.175),
                (0.234375, 0.175),
                (0.25, 0.175),
                (0.265625, 0.175),
                (0.28125, 0.175),
                (0.296875, 0.175),
                (0.3125, 0.175),
                (0.328125, 0.175),
                (0.34375, 0.175),
                (0.359375, 0.175),
                (0.375, 0.175),
                (0.390625, 0.175),
                (0.40625, 0.175),
                (0.421875, 0.175),
                (0.4375, 0.175),
                (0.453125, 0.175),
                (0.46875, 0.175),
                (0.484375, 0.175),
                (0.5, 0.175),
                (0.515625, 0.175),
                (0.53125, 0.175),
                (0.546875, 0.175),
                (0.5625, 0.175),
                (0.578125, 0.175),
                (0.59375, 0.175),
                (0.609375, 0.175),
                (0.625, 0.175),
                (0.640625, 0.175),
                (0.65625, 0.175),
                (0.671875, 0.175),
                (0.6875, 0.175),
                (0.703125, 0.175),
                (0.71875, 0.175),
                (0.734375, 0.175),
                (0.75, 0.175),
                (0.765625, 0.175),
                (0.78125, 0.175),
                (0.796875, 0.175),
                (0.8125, 0.175),
                (0.828125, 0.175),
                (0.84375, 0.175),
                (0.859375, 0.175),
                (0.875, 0.175),
                (0.890625, 0.175),
                (0.90625, 0.175),
                (0.921875, 0.175),
                (0.9375, 0.175),
                (0.953125, 0.175),
                (0.96875, 0.175),
                (0.984375, 0.175),
                (1, 0.175),
                (0, 0.2),
                (0.015625, 0.2),
                (0.03125, 0.2),
                (0.046875, 0.2),
                (0.0625, 0.2),
                (0.078125, 0.2),
                (0.09375, 0.2),
                (0.109375, 0.2),
                (0.125, 0.2),
                (0.140625, 0.2),
                (0.15625, 0.2),
                (0.171875, 0.2),
                (0.1875, 0.2),
                (0.203125, 0.2),
                (0.21875, 0.2),
                (0.234375, 0.2),
                (0.25, 0.2),
                (0.265625, 0.2),
                (0.28125, 0.2),
                (0.296875, 0.2),
                (0.3125, 0.2),
                (0.328125, 0.2),
                (0.34375, 0.2),
                (0.359375, 0.2),
                (0.375, 0.2),
                (0.390625, 0.2),
                (0.40625, 0.2),
                (0.421875, 0.2),
                (0.4375, 0.2),
                (0.453125, 0.2),
                (0.46875, 0.2),
                (0.484375, 0.2),
                (0.5, 0.2),
                (0.515625, 0.2),
                (0.53125, 0.2),
                (0.546875, 0.2),
                (0.5625, 0.2),
                (0.578125, 0.2),
                (0.59375, 0.2),
                (0.609375, 0.2),
                (0.625, 0.2),
                (0.640625, 0.2),
                (0.65625, 0.2),
                (0.671875, 0.2),
                (0.6875, 0.2),
                (0.703125, 0.2),
                (0.71875, 0.2),
                (0.734375, 0.2),
                (0.75, 0.2),
                (0.765625, 0.2),
                (0.78125, 0.2),
                (0.796875, 0.2),
                (0.8125, 0.2),
                (0.828125, 0.2),
                (0.84375, 0.2),
                (0.859375, 0.2),
                (0.875, 0.2),
                (0.890625, 0.2),
                (0.90625, 0.2),
                (0.921875, 0.2),
                (0.9375, 0.2),
                (0.953125, 0.2),
                (0.96875, 0.2),
                (0.984375, 0.2),
                (1, 0.2),
                (0, 0.225),
                (0.015625, 0.225),
                (0.03125, 0.225),
                (0.046875, 0.225),
                (0.0625, 0.225),
                (0.078125, 0.225),
                (0.09375, 0.225),
                (0.109375, 0.225),
                (0.125, 0.225),
                (0.140625, 0.225),
                (0.15625, 0.225),
                (0.171875, 0.225),
                (0.1875, 0.225),
                (0.203125, 0.225),
                (0.21875, 0.225),
                (0.234375, 0.225),
                (0.25, 0.225),
                (0.265625, 0.225),
                (0.28125, 0.225),
                (0.296875, 0.225),
                (0.3125, 0.225),
                (0.328125, 0.225),
                (0.34375, 0.225),
                (0.359375, 0.225),
                (0.375, 0.225),
                (0.390625, 0.225),
                (0.40625, 0.225),
                (0.421875, 0.225),
                (0.4375, 0.225),
                (0.453125, 0.225),
                (0.46875, 0.225),
                (0.484375, 0.225),
                (0.5, 0.225),
                (0.515625, 0.225),
                (0.53125, 0.225),
                (0.546875, 0.225),
                (0.5625, 0.225),
                (0.578125, 0.225),
                (0.59375, 0.225),
                (0.609375, 0.225),
                (0.625, 0.225),
                (0.640625, 0.225),
                (0.65625, 0.225),
                (0.671875, 0.225),
                (0.6875, 0.225),
                (0.703125, 0.225),
                (0.71875, 0.225),
                (0.734375, 0.225),
                (0.75, 0.225),
                (0.765625, 0.225),
                (0.78125, 0.225),
                (0.796875, 0.225),
                (0.8125, 0.225),
                (0.828125, 0.225),
                (0.84375, 0.225),
                (0.859375, 0.225),
                (0.875, 0.225),
                (0.890625, 0.225),
                (0.90625, 0.225),
                (0.921875, 0.225),
                (0.9375, 0.225),
                (0.953125, 0.225),
                (0.96875, 0.225),
                (0.984375, 0.225),
                (1, 0.225),
                (0, 0.25),
                (0.015625, 0.25),
                (0.03125, 0.25),
                (0.046875, 0.25),
                (0.0625, 0.25),
                (0.078125, 0.25),
                (0.09375, 0.25),
                (0.109375, 0.25),
                (0.125, 0.25),
                (0.140625, 0.25),
                (0.15625, 0.25),
                (0.171875, 0.25),
                (0.1875, 0.25),
                (0.203125, 0.25),
                (0.21875, 0.25),
                (0.234375, 0.25),
                (0.25, 0.25),
                (0.265625, 0.25),
                (0.28125, 0.25),
                (0.296875, 0.25),
                (0.3125, 0.25),
                (0.328125, 0.25),
                (0.34375, 0.25),
                (0.359375, 0.25),
                (0.375, 0.25),
                (0.390625, 0.25),
                (0.40625, 0.25),
                (0.421875, 0.25),
                (0.4375, 0.25),
                (0.453125, 0.25),
                (0.46875, 0.25),
                (0.484375, 0.25),
                (0.5, 0.25),
                (0.515625, 0.25),
                (0.53125, 0.25),
                (0.546875, 0.25),
                (0.5625, 0.25),
                (0.578125, 0.25),
                (0.59375, 0.25),
                (0.609375, 0.25),
                (0.625, 0.25),
                (0.640625, 0.25),
                (0.65625, 0.25),
                (0.671875, 0.25),
                (0.6875, 0.25),
                (0.703125, 0.25),
                (0.71875, 0.25),
                (0.734375, 0.25),
                (0.75, 0.25),
                (0.765625, 0.25),
                (0.78125, 0.25),
                (0.796875, 0.25),
                (0.8125, 0.25),
                (0.828125, 0.25),
                (0.84375, 0.25),
                (0.859375, 0.25),
                (0.875, 0.25),
                (0.890625, 0.25),
                (0.90625, 0.25),
                (0.921875, 0.25),
                (0.9375, 0.25),
                (0.953125, 0.25),
                (0.96875, 0.25),
                (0.984375, 0.25),
                (1, 0.25),
                (0, 0.275),
                (0.015625, 0.275),
                (0.03125, 0.275),
                (0.046875, 0.275),
                (0.0625, 0.275),
                (0.078125, 0.275),
                (0.09375, 0.275),
                (0.109375, 0.275),
                (0.125, 0.275),
                (0.140625, 0.275),
                (0.15625, 0.275),
                (0.171875, 0.275),
                (0.1875, 0.275),
                (0.203125, 0.275),
                (0.21875, 0.275),
                (0.234375, 0.275),
                (0.25, 0.275),
                (0.265625, 0.275),
                (0.28125, 0.275),
                (0.296875, 0.275),
                (0.3125, 0.275),
                (0.328125, 0.275),
                (0.34375, 0.275),
                (0.359375, 0.275),
                (0.375, 0.275),
                (0.390625, 0.275),
                (0.40625, 0.275),
                (0.421875, 0.275),
                (0.4375, 0.275),
                (0.453125, 0.275),
                (0.46875, 0.275),
                (0.484375, 0.275),
                (0.5, 0.275),
                (0.515625, 0.275),
                (0.53125, 0.275),
                (0.546875, 0.275),
                (0.5625, 0.275),
                (0.578125, 0.275),
                (0.59375, 0.275),
                (0.609375, 0.275),
                (0.625, 0.275),
                (0.640625, 0.275),
                (0.65625, 0.275),
                (0.671875, 0.275),
                (0.6875, 0.275),
                (0.703125, 0.275),
                (0.71875, 0.275),
                (0.734375, 0.275),
                (0.75, 0.275),
                (0.765625, 0.275),
                (0.78125, 0.275),
                (0.796875, 0.275),
                (0.8125, 0.275),
                (0.828125, 0.275),
                (0.84375, 0.275),
                (0.859375, 0.275),
                (0.875, 0.275),
                (0.890625, 0.275),
                (0.90625, 0.275),
                (0.921875, 0.275),
                (0.9375, 0.275),
                (0.953125, 0.275),
                (0.96875, 0.275),
                (0.984375, 0.275),
                (1, 0.275),
                (0, 0.3),
                (0.015625, 0.3),
                (0.03125, 0.3),
                (0.046875, 0.3),
                (0.0625, 0.3),
                (0.078125, 0.3),
                (0.09375, 0.3),
                (0.109375, 0.3),
                (0.125, 0.3),
                (0.140625, 0.3),
                (0.15625, 0.3),
                (0.171875, 0.3),
                (0.1875, 0.3),
                (0.203125, 0.3),
                (0.21875, 0.3),
                (0.234375, 0.3),
                (0.25, 0.3),
                (0.265625, 0.3),
                (0.28125, 0.3),
                (0.296875, 0.3),
                (0.3125, 0.3),
                (0.328125, 0.3),
                (0.34375, 0.3),
                (0.359375, 0.3),
                (0.375, 0.3),
                (0.390625, 0.3),
                (0.40625, 0.3),
                (0.421875, 0.3),
                (0.4375, 0.3),
                (0.453125, 0.3),
                (0.46875, 0.3),
                (0.484375, 0.3),
                (0.5, 0.3),
                (0.515625, 0.3),
                (0.53125, 0.3),
                (0.546875, 0.3),
                (0.5625, 0.3),
                (0.578125, 0.3),
                (0.59375, 0.3),
                (0.609375, 0.3),
                (0.625, 0.3),
                (0.640625, 0.3),
                (0.65625, 0.3),
                (0.671875, 0.3),
                (0.6875, 0.3),
                (0.703125, 0.3),
                (0.71875, 0.3),
                (0.734375, 0.3),
                (0.75, 0.3),
                (0.765625, 0.3),
                (0.78125, 0.3),
                (0.796875, 0.3),
                (0.8125, 0.3),
                (0.828125, 0.3),
                (0.84375, 0.3),
                (0.859375, 0.3),
                (0.875, 0.3),
                (0.890625, 0.3),
                (0.90625, 0.3),
                (0.921875, 0.3),
                (0.9375, 0.3),
                (0.953125, 0.3),
                (0.96875, 0.3),
                (0.984375, 0.3),
                (1, 0.3),
                (0, 0.325),
                (0.015625, 0.325),
                (0.03125, 0.325),
                (0.046875, 0.325),
                (0.0625, 0.325),
                (0.078125, 0.325),
                (0.09375, 0.325),
                (0.109375, 0.325),
                (0.125, 0.325),
                (0.140625, 0.325),
                (0.15625, 0.325),
                (0.171875, 0.325),
                (0.1875, 0.325),
                (0.203125, 0.325),
                (0.21875, 0.325),
                (0.234375, 0.325),
                (0.25, 0.325),
                (0.265625, 0.325),
                (0.28125, 0.325),
                (0.296875, 0.325),
                (0.3125, 0.325),
                (0.328125, 0.325),
                (0.34375, 0.325),
                (0.359375, 0.325),
                (0.375, 0.325),
                (0.390625, 0.325),
                (0.40625, 0.325),
                (0.421875, 0.325),
                (0.4375, 0.325),
                (0.453125, 0.325),
                (0.46875, 0.325),
                (0.484375, 0.325),
                (0.5, 0.325),
                (0.515625, 0.325),
                (0.53125, 0.325),
                (0.546875, 0.325),
                (0.5625, 0.325),
                (0.578125, 0.325),
                (0.59375, 0.325),
                (0.609375, 0.325),
                (0.625, 0.325),
                (0.640625, 0.325),
                (0.65625, 0.325),
                (0.671875, 0.325),
                (0.6875, 0.325),
                (0.703125, 0.325),
                (0.71875, 0.325),
                (0.734375, 0.325),
                (0.75, 0.325),
                (0.765625, 0.325),
                (0.78125, 0.325),
                (0.796875, 0.325),
                (0.8125, 0.325),
                (0.828125, 0.325),
                (0.84375, 0.325),
                (0.859375, 0.325),
                (0.875, 0.325),
                (0.890625, 0.325),
                (0.90625, 0.325),
                (0.921875, 0.325),
                (0.9375, 0.325),
                (0.953125, 0.325),
                (0.96875, 0.325),
                (0.984375, 0.325),
                (1, 0.325),
                (0, 0.35),
                (0.015625, 0.35),
                (0.03125, 0.35),
                (0.046875, 0.35),
                (0.0625, 0.35),
                (0.078125, 0.35),
                (0.09375, 0.35),
                (0.109375, 0.35),
                (0.125, 0.35),
                (0.140625, 0.35),
                (0.15625, 0.35),
                (0.171875, 0.35),
                (0.1875, 0.35),
                (0.203125, 0.35),
                (0.21875, 0.35),
                (0.234375, 0.35),
                (0.25, 0.35),
                (0.265625, 0.35),
                (0.28125, 0.35),
                (0.296875, 0.35),
                (0.3125, 0.35),
                (0.328125, 0.35),
                (0.34375, 0.35),
                (0.359375, 0.35),
                (0.375, 0.35),
                (0.390625, 0.35),
                (0.40625, 0.35),
                (0.421875, 0.35),
                (0.4375, 0.35),
                (0.453125, 0.35),
                (0.46875, 0.35),
                (0.484375, 0.35),
                (0.5, 0.35),
                (0.515625, 0.35),
                (0.53125, 0.35),
                (0.546875, 0.35),
                (0.5625, 0.35),
                (0.578125, 0.35),
                (0.59375, 0.35),
                (0.609375, 0.35),
                (0.625, 0.35),
                (0.640625, 0.35),
                (0.65625, 0.35),
                (0.671875, 0.35),
                (0.6875, 0.35),
                (0.703125, 0.35),
                (0.71875, 0.35),
                (0.734375, 0.35),
                (0.75, 0.35),
                (0.765625, 0.35),
                (0.78125, 0.35),
                (0.796875, 0.35),
                (0.8125, 0.35),
                (0.828125, 0.35),
                (0.84375, 0.35),
                (0.859375, 0.35),
                (0.875, 0.35),
                (0.890625, 0.35),
                (0.90625, 0.35),
                (0.921875, 0.35),
                (0.9375, 0.35),
                (0.953125, 0.35),
                (0.96875, 0.35),
                (0.984375, 0.35),
                (1, 0.35),
                (0, 0.375),
                (0.015625, 0.375),
                (0.03125, 0.375),
                (0.046875, 0.375),
                (0.0625, 0.375),
                (0.078125, 0.375),
                (0.09375, 0.375),
                (0.109375, 0.375),
                (0.125, 0.375),
                (0.140625, 0.375),
                (0.15625, 0.375),
                (0.171875, 0.375),
                (0.1875, 0.375),
                (0.203125, 0.375),
                (0.21875, 0.375),
                (0.234375, 0.375),
                (0.25, 0.375),
                (0.265625, 0.375),
                (0.28125, 0.375),
                (0.296875, 0.375),
                (0.3125, 0.375),
                (0.328125, 0.375),
                (0.34375, 0.375),
                (0.359375, 0.375),
                (0.375, 0.375),
                (0.390625, 0.375),
                (0.40625, 0.375),
                (0.421875, 0.375),
                (0.4375, 0.375),
                (0.453125, 0.375),
                (0.46875, 0.375),
                (0.484375, 0.375),
                (0.5, 0.375),
                (0.515625, 0.375),
                (0.53125, 0.375),
                (0.546875, 0.375),
                (0.5625, 0.375),
                (0.578125, 0.375),
                (0.59375, 0.375),
                (0.609375, 0.375),
                (0.625, 0.375),
                (0.640625, 0.375),
                (0.65625, 0.375),
                (0.671875, 0.375),
                (0.6875, 0.375),
                (0.703125, 0.375),
                (0.71875, 0.375),
                (0.734375, 0.375),
                (0.75, 0.375),
                (0.765625, 0.375),
                (0.78125, 0.375),
                (0.796875, 0.375),
                (0.8125, 0.375),
                (0.828125, 0.375),
                (0.84375, 0.375),
                (0.859375, 0.375),
                (0.875, 0.375),
                (0.890625, 0.375),
                (0.90625, 0.375),
                (0.921875, 0.375),
                (0.9375, 0.375),
                (0.953125, 0.375),
                (0.96875, 0.375),
                (0.984375, 0.375),
                (1, 0.375),
                (0, 0.4),
                (0.015625, 0.4),
                (0.03125, 0.4),
                (0.046875, 0.4),
                (0.0625, 0.4),
                (0.078125, 0.4),
                (0.09375, 0.4),
                (0.109375, 0.4),
                (0.125, 0.4),
                (0.140625, 0.4),
                (0.15625, 0.4),
                (0.171875, 0.4),
                (0.1875, 0.4),
                (0.203125, 0.4),
                (0.21875, 0.4),
                (0.234375, 0.4),
                (0.25, 0.4),
                (0.265625, 0.4),
                (0.28125, 0.4),
                (0.296875, 0.4),
                (0.3125, 0.4),
                (0.328125, 0.4),
                (0.34375, 0.4),
                (0.359375, 0.4),
                (0.375, 0.4),
                (0.390625, 0.4),
                (0.40625, 0.4),
                (0.421875, 0.4),
                (0.4375, 0.4),
                (0.453125, 0.4),
                (0.46875, 0.4),
                (0.484375, 0.4),
                (0.5, 0.4),
                (0.515625, 0.4),
                (0.53125, 0.4),
                (0.546875, 0.4),
                (0.5625, 0.4),
                (0.578125, 0.4),
                (0.59375, 0.4),
                (0.609375, 0.4),
                (0.625, 0.4),
                (0.640625, 0.4),
                (0.65625, 0.4),
                (0.671875, 0.4),
                (0.6875, 0.4),
                (0.703125, 0.4),
                (0.71875, 0.4),
                (0.734375, 0.4),
                (0.75, 0.4),
                (0.765625, 0.4),
                (0.78125, 0.4),
                (0.796875, 0.4),
                (0.8125, 0.4),
                (0.828125, 0.4),
                (0.84375, 0.4),
                (0.859375, 0.4),
                (0.875, 0.4),
                (0.890625, 0.4),
                (0.90625, 0.4),
                (0.921875, 0.4),
                (0.9375, 0.4),
                (0.953125, 0.4),
                (0.96875, 0.4),
                (0.984375, 0.4),
                (1, 0.4),
                (0, 0.425),
                (0.015625, 0.425),
                (0.03125, 0.425),
                (0.046875, 0.425),
                (0.0625, 0.425),
                (0.078125, 0.425),
                (0.09375, 0.425),
                (0.109375, 0.425),
                (0.125, 0.425),
                (0.140625, 0.425),
                (0.15625, 0.425),
                (0.171875, 0.425),
                (0.1875, 0.425),
                (0.203125, 0.425),
                (0.21875, 0.425),
                (0.234375, 0.425),
                (0.25, 0.425),
                (0.265625, 0.425),
                (0.28125, 0.425),
                (0.296875, 0.425),
                (0.3125, 0.425),
                (0.328125, 0.425),
                (0.34375, 0.425),
                (0.359375, 0.425),
                (0.375, 0.425),
                (0.390625, 0.425),
                (0.40625, 0.425),
                (0.421875, 0.425),
                (0.4375, 0.425),
                (0.453125, 0.425),
                (0.46875, 0.425),
                (0.484375, 0.425),
                (0.5, 0.425),
                (0.515625, 0.425),
                (0.53125, 0.425),
                (0.546875, 0.425),
                (0.5625, 0.425),
                (0.578125, 0.425),
                (0.59375, 0.425),
                (0.609375, 0.425),
                (0.625, 0.425),
                (0.640625, 0.425),
                (0.65625, 0.425),
                (0.671875, 0.425),
                (0.6875, 0.425),
                (0.703125, 0.425),
                (0.71875, 0.425),
                (0.734375, 0.425),
                (0.75, 0.425),
                (0.765625, 0.425),
                (0.78125, 0.425),
                (0.796875, 0.425),
                (0.8125, 0.425),
                (0.828125, 0.425),
                (0.84375, 0.425),
                (0.859375, 0.425),
                (0.875, 0.425),
                (0.890625, 0.425),
                (0.90625, 0.425),
                (0.921875, 0.425),
                (0.9375, 0.425),
                (0.953125, 0.425),
                (0.96875, 0.425),
                (0.984375, 0.425),
                (1, 0.425),
                (0, 0.45),
                (0.015625, 0.45),
                (0.03125, 0.45),
                (0.046875, 0.45),
                (0.0625, 0.45),
                (0.078125, 0.45),
                (0.09375, 0.45),
                (0.109375, 0.45),
                (0.125, 0.45),
                (0.140625, 0.45),
                (0.15625, 0.45),
                (0.171875, 0.45),
                (0.1875, 0.45),
                (0.203125, 0.45),
                (0.21875, 0.45),
                (0.234375, 0.45),
                (0.25, 0.45),
                (0.265625, 0.45),
                (0.28125, 0.45),
                (0.296875, 0.45),
                (0.3125, 0.45),
                (0.328125, 0.45),
                (0.34375, 0.45),
                (0.359375, 0.45),
                (0.375, 0.45),
                (0.390625, 0.45),
                (0.40625, 0.45),
                (0.421875, 0.45),
                (0.4375, 0.45),
                (0.453125, 0.45),
                (0.46875, 0.45),
                (0.484375, 0.45),
                (0.5, 0.45),
                (0.515625, 0.45),
                (0.53125, 0.45),
                (0.546875, 0.45),
                (0.5625, 0.45),
                (0.578125, 0.45),
                (0.59375, 0.45),
                (0.609375, 0.45),
                (0.625, 0.45),
                (0.640625, 0.45),
                (0.65625, 0.45),
                (0.671875, 0.45),
                (0.6875, 0.45),
                (0.703125, 0.45),
                (0.71875, 0.45),
                (0.734375, 0.45),
                (0.75, 0.45),
                (0.765625, 0.45),
                (0.78125, 0.45),
                (0.796875, 0.45),
                (0.8125, 0.45),
                (0.828125, 0.45),
                (0.84375, 0.45),
                (0.859375, 0.45),
                (0.875, 0.45),
                (0.890625, 0.45),
                (0.90625, 0.45),
                (0.921875, 0.45),
                (0.9375, 0.45),
                (0.953125, 0.45),
                (0.96875, 0.45),
                (0.984375, 0.45),
                (1, 0.45),
                (0, 0.475),
                (0.015625, 0.475),
                (0.03125, 0.475),
                (0.046875, 0.475),
                (0.0625, 0.475),
                (0.078125, 0.475),
                (0.09375, 0.475),
                (0.109375, 0.475),
                (0.125, 0.475),
                (0.140625, 0.475),
                (0.15625, 0.475),
                (0.171875, 0.475),
                (0.1875, 0.475),
                (0.203125, 0.475),
                (0.21875, 0.475),
                (0.234375, 0.475),
                (0.25, 0.475),
                (0.265625, 0.475),
                (0.28125, 0.475),
                (0.296875, 0.475),
                (0.3125, 0.475),
                (0.328125, 0.475),
                (0.34375, 0.475),
                (0.359375, 0.475),
                (0.375, 0.475),
                (0.390625, 0.475),
                (0.40625, 0.475),
                (0.421875, 0.475),
                (0.4375, 0.475),
                (0.453125, 0.475),
                (0.46875, 0.475),
                (0.484375, 0.475),
                (0.5, 0.475),
                (0.515625, 0.475),
                (0.53125, 0.475),
                (0.546875, 0.475),
                (0.5625, 0.475),
                (0.578125, 0.475),
                (0.59375, 0.475),
                (0.609375, 0.475),
                (0.625, 0.475),
                (0.640625, 0.475),
                (0.65625, 0.475),
                (0.671875, 0.475),
                (0.6875, 0.475),
                (0.703125, 0.475),
                (0.71875, 0.475),
                (0.734375, 0.475),
                (0.75, 0.475),
                (0.765625, 0.475),
                (0.78125, 0.475),
                (0.796875, 0.475),
                (0.8125, 0.475),
                (0.828125, 0.475),
                (0.84375, 0.475),
                (0.859375, 0.475),
                (0.875, 0.475),
                (0.890625, 0.475),
                (0.90625, 0.475),
                (0.921875, 0.475),
                (0.9375, 0.475),
                (0.953125, 0.475),
                (0.96875, 0.475),
                (0.984375, 0.475),
                (1, 0.475),
                (0, 0.5),
                (0.015625, 0.5),
                (0.03125, 0.5),
                (0.046875, 0.5),
                (0.0625, 0.5),
                (0.078125, 0.5),
                (0.09375, 0.5),
                (0.109375, 0.5),
                (0.125, 0.5),
                (0.140625, 0.5),
                (0.15625, 0.5),
                (0.171875, 0.5),
                (0.1875, 0.5),
                (0.203125, 0.5),
                (0.21875, 0.5),
                (0.234375, 0.5),
                (0.25, 0.5),
                (0.265625, 0.5),
                (0.28125, 0.5),
                (0.296875, 0.5),
                (0.3125, 0.5),
                (0.328125, 0.5),
                (0.34375, 0.5),
                (0.359375, 0.5),
                (0.375, 0.5),
                (0.390625, 0.5),
                (0.40625, 0.5),
                (0.421875, 0.5),
                (0.4375, 0.5),
                (0.453125, 0.5),
                (0.46875, 0.5),
                (0.484375, 0.5),
                (0.5, 0.5),
                (0.515625, 0.5),
                (0.53125, 0.5),
                (0.546875, 0.5),
                (0.5625, 0.5),
                (0.578125, 0.5),
                (0.59375, 0.5),
                (0.609375, 0.5),
                (0.625, 0.5),
                (0.640625, 0.5),
                (0.65625, 0.5),
                (0.671875, 0.5),
                (0.6875, 0.5),
                (0.703125, 0.5),
                (0.71875, 0.5),
                (0.734375, 0.5),
                (0.75, 0.5),
                (0.765625, 0.5),
                (0.78125, 0.5),
                (0.796875, 0.5),
                (0.8125, 0.5),
                (0.828125, 0.5),
                (0.84375, 0.5),
                (0.859375, 0.5),
                (0.875, 0.5),
                (0.890625, 0.5),
                (0.90625, 0.5),
                (0.921875, 0.5),
                (0.9375, 0.5),
                (0.953125, 0.5),
                (0.96875, 0.5),
                (0.984375, 0.5),
                (1, 0.5),
                (0, 0.525),
                (0.015625, 0.525),
                (0.03125, 0.525),
                (0.046875, 0.525),
                (0.0625, 0.525),
                (0.078125, 0.525),
                (0.09375, 0.525),
                (0.109375, 0.525),
                (0.125, 0.525),
                (0.140625, 0.525),
                (0.15625, 0.525),
                (0.171875, 0.525),
                (0.1875, 0.525),
                (0.203125, 0.525),
                (0.21875, 0.525),
                (0.234375, 0.525),
                (0.25, 0.525),
                (0.265625, 0.525),
                (0.28125, 0.525),
                (0.296875, 0.525),
                (0.3125, 0.525),
                (0.328125, 0.525),
                (0.34375, 0.525),
                (0.359375, 0.525),
                (0.375, 0.525),
                (0.390625, 0.525),
                (0.40625, 0.525),
                (0.421875, 0.525),
                (0.4375, 0.525),
                (0.453125, 0.525),
                (0.46875, 0.525),
                (0.484375, 0.525),
                (0.5, 0.525),
                (0.515625, 0.525),
                (0.53125, 0.525),
                (0.546875, 0.525),
                (0.5625, 0.525),
                (0.578125, 0.525),
                (0.59375, 0.525),
                (0.609375, 0.525),
                (0.625, 0.525),
                (0.640625, 0.525),
                (0.65625, 0.525),
                (0.671875, 0.525),
                (0.6875, 0.525),
                (0.703125, 0.525),
                (0.71875, 0.525),
                (0.734375, 0.525),
                (0.75, 0.525),
                (0.765625, 0.525),
                (0.78125, 0.525),
                (0.796875, 0.525),
                (0.8125, 0.525),
                (0.828125, 0.525),
                (0.84375, 0.525),
                (0.859375, 0.525),
                (0.875, 0.525),
                (0.890625, 0.525),
                (0.90625, 0.525),
                (0.921875, 0.525),
                (0.9375, 0.525),
                (0.953125, 0.525),
                (0.96875, 0.525),
                (0.984375, 0.525),
                (1, 0.525),
                (0, 0.55),
                (0.015625, 0.55),
                (0.03125, 0.55),
                (0.046875, 0.55),
                (0.0625, 0.55),
                (0.078125, 0.55),
                (0.09375, 0.55),
                (0.109375, 0.55),
                (0.125, 0.55),
                (0.140625, 0.55),
                (0.15625, 0.55),
                (0.171875, 0.55),
                (0.1875, 0.55),
                (0.203125, 0.55),
                (0.21875, 0.55),
                (0.234375, 0.55),
                (0.25, 0.55),
                (0.265625, 0.55),
                (0.28125, 0.55),
                (0.296875, 0.55),
                (0.3125, 0.55),
                (0.328125, 0.55),
                (0.34375, 0.55),
                (0.359375, 0.55),
                (0.375, 0.55),
                (0.390625, 0.55),
                (0.40625, 0.55),
                (0.421875, 0.55),
                (0.4375, 0.55),
                (0.453125, 0.55),
                (0.46875, 0.55),
                (0.484375, 0.55),
                (0.5, 0.55),
                (0.515625, 0.55),
                (0.53125, 0.55),
                (0.546875, 0.55),
                (0.5625, 0.55),
                (0.578125, 0.55),
                (0.59375, 0.55),
                (0.609375, 0.55),
                (0.625, 0.55),
                (0.640625, 0.55),
                (0.65625, 0.55),
                (0.671875, 0.55),
                (0.6875, 0.55),
                (0.703125, 0.55),
                (0.71875, 0.55),
                (0.734375, 0.55),
                (0.75, 0.55),
                (0.765625, 0.55),
                (0.78125, 0.55),
                (0.796875, 0.55),
                (0.8125, 0.55),
                (0.828125, 0.55),
                (0.84375, 0.55),
                (0.859375, 0.55),
                (0.875, 0.55),
                (0.890625, 0.55),
                (0.90625, 0.55),
                (0.921875, 0.55),
                (0.9375, 0.55),
                (0.953125, 0.55),
                (0.96875, 0.55),
                (0.984375, 0.55),
                (1, 0.55),
                (0, 0.575),
                (0.015625, 0.575),
                (0.03125, 0.575),
                (0.046875, 0.575),
                (0.0625, 0.575),
                (0.078125, 0.575),
                (0.09375, 0.575),
                (0.109375, 0.575),
                (0.125, 0.575),
                (0.140625, 0.575),
                (0.15625, 0.575),
                (0.171875, 0.575),
                (0.1875, 0.575),
                (0.203125, 0.575),
                (0.21875, 0.575),
                (0.234375, 0.575),
                (0.25, 0.575),
                (0.265625, 0.575),
                (0.28125, 0.575),
                (0.296875, 0.575),
                (0.3125, 0.575),
                (0.328125, 0.575),
                (0.34375, 0.575),
                (0.359375, 0.575),
                (0.375, 0.575),
                (0.390625, 0.575),
                (0.40625, 0.575),
                (0.421875, 0.575),
                (0.4375, 0.575),
                (0.453125, 0.575),
                (0.46875, 0.575),
                (0.484375, 0.575),
                (0.5, 0.575),
                (0.515625, 0.575),
                (0.53125, 0.575),
                (0.546875, 0.575),
                (0.5625, 0.575),
                (0.578125, 0.575),
                (0.59375, 0.575),
                (0.609375, 0.575),
                (0.625, 0.575),
                (0.640625, 0.575),
                (0.65625, 0.575),
                (0.671875, 0.575),
                (0.6875, 0.575),
                (0.703125, 0.575),
                (0.71875, 0.575),
                (0.734375, 0.575),
                (0.75, 0.575),
                (0.765625, 0.575),
                (0.78125, 0.575),
                (0.796875, 0.575),
                (0.8125, 0.575),
                (0.828125, 0.575),
                (0.84375, 0.575),
                (0.859375, 0.575),
                (0.875, 0.575),
                (0.890625, 0.575),
                (0.90625, 0.575),
                (0.921875, 0.575),
                (0.9375, 0.575),
                (0.953125, 0.575),
                (0.96875, 0.575),
                (0.984375, 0.575),
                (1, 0.575),
                (0, 0.6),
                (0.015625, 0.6),
                (0.03125, 0.6),
                (0.046875, 0.6),
                (0.0625, 0.6),
                (0.078125, 0.6),
                (0.09375, 0.6),
                (0.109375, 0.6),
                (0.125, 0.6),
                (0.140625, 0.6),
                (0.15625, 0.6),
                (0.171875, 0.6),
                (0.1875, 0.6),
                (0.203125, 0.6),
                (0.21875, 0.6),
                (0.234375, 0.6),
                (0.25, 0.6),
                (0.265625, 0.6),
                (0.28125, 0.6),
                (0.296875, 0.6),
                (0.3125, 0.6),
                (0.328125, 0.6),
                (0.34375, 0.6),
                (0.359375, 0.6),
                (0.375, 0.6),
                (0.390625, 0.6),
                (0.40625, 0.6),
                (0.421875, 0.6),
                (0.4375, 0.6),
                (0.453125, 0.6),
                (0.46875, 0.6),
                (0.484375, 0.6),
                (0.5, 0.6),
                (0.515625, 0.6),
                (0.53125, 0.6),
                (0.546875, 0.6),
                (0.5625, 0.6),
                (0.578125, 0.6),
                (0.59375, 0.6),
                (0.609375, 0.6),
                (0.625, 0.6),
                (0.640625, 0.6),
                (0.65625, 0.6),
                (0.671875, 0.6),
                (0.6875, 0.6),
                (0.703125, 0.6),
                (0.71875, 0.6),
                (0.734375, 0.6),
                (0.75, 0.6),
                (0.765625, 0.6),
                (0.78125, 0.6),
                (0.796875, 0.6),
                (0.8125, 0.6),
                (0.828125, 0.6),
                (0.84375, 0.6),
                (0.859375, 0.6),
                (0.875, 0.6),
                (0.890625, 0.6),
                (0.90625, 0.6),
                (0.921875, 0.6),
                (0.9375, 0.6),
                (0.953125, 0.6),
                (0.96875, 0.6),
                (0.984375, 0.6),
                (1, 0.6),
                (0, 0.625),
                (0.015625, 0.625),
                (0.03125, 0.625),
                (0.046875, 0.625),
                (0.0625, 0.625),
                (0.078125, 0.625),
                (0.09375, 0.625),
                (0.109375, 0.625),
                (0.125, 0.625),
                (0.140625, 0.625),
                (0.15625, 0.625),
                (0.171875, 0.625),
                (0.1875, 0.625),
                (0.203125, 0.625),
                (0.21875, 0.625),
                (0.234375, 0.625),
                (0.25, 0.625),
                (0.265625, 0.625),
                (0.28125, 0.625),
                (0.296875, 0.625),
                (0.3125, 0.625),
                (0.328125, 0.625),
                (0.34375, 0.625),
                (0.359375, 0.625),
                (0.375, 0.625),
                (0.390625, 0.625),
                (0.40625, 0.625),
                (0.421875, 0.625),
                (0.4375, 0.625),
                (0.453125, 0.625),
                (0.46875, 0.625),
                (0.484375, 0.625),
                (0.5, 0.625),
                (0.515625, 0.625),
                (0.53125, 0.625),
                (0.546875, 0.625),
                (0.5625, 0.625),
                (0.578125, 0.625),
                (0.59375, 0.625),
                (0.609375, 0.625),
                (0.625, 0.625),
                (0.640625, 0.625),
                (0.65625, 0.625),
                (0.671875, 0.625),
                (0.6875, 0.625),
                (0.703125, 0.625),
                (0.71875, 0.625),
                (0.734375, 0.625),
                (0.75, 0.625),
                (0.765625, 0.625),
                (0.78125, 0.625),
                (0.796875, 0.625),
                (0.8125, 0.625),
                (0.828125, 0.625),
                (0.84375, 0.625),
                (0.859375, 0.625),
                (0.875, 0.625),
                (0.890625, 0.625),
                (0.90625, 0.625),
                (0.921875, 0.625),
                (0.9375, 0.625),
                (0.953125, 0.625),
                (0.96875, 0.625),
                (0.984375, 0.625),
                (1, 0.625),
                (0, 0.65),
                (0.015625, 0.65),
                (0.03125, 0.65),
                (0.046875, 0.65),
                (0.0625, 0.65),
                (0.078125, 0.65),
                (0.09375, 0.65),
                (0.109375, 0.65),
                (0.125, 0.65),
                (0.140625, 0.65),
                (0.15625, 0.65),
                (0.171875, 0.65),
                (0.1875, 0.65),
                (0.203125, 0.65),
                (0.21875, 0.65),
                (0.234375, 0.65),
                (0.25, 0.65),
                (0.265625, 0.65),
                (0.28125, 0.65),
                (0.296875, 0.65),
                (0.3125, 0.65),
                (0.328125, 0.65),
                (0.34375, 0.65),
                (0.359375, 0.65),
                (0.375, 0.65),
                (0.390625, 0.65),
                (0.40625, 0.65),
                (0.421875, 0.65),
                (0.4375, 0.65),
                (0.453125, 0.65),
                (0.46875, 0.65),
                (0.484375, 0.65),
                (0.5, 0.65),
                (0.515625, 0.65),
                (0.53125, 0.65),
                (0.546875, 0.65),
                (0.5625, 0.65),
                (0.578125, 0.65),
                (0.59375, 0.65),
                (0.609375, 0.65),
                (0.625, 0.65),
                (0.640625, 0.65),
                (0.65625, 0.65),
                (0.671875, 0.65),
                (0.6875, 0.65),
                (0.703125, 0.65),
                (0.71875, 0.65),
                (0.734375, 0.65),
                (0.75, 0.65),
                (0.765625, 0.65),
                (0.78125, 0.65),
                (0.796875, 0.65),
                (0.8125, 0.65),
                (0.828125, 0.65),
                (0.84375, 0.65),
                (0.859375, 0.65),
                (0.875, 0.65),
                (0.890625, 0.65),
                (0.90625, 0.65),
                (0.921875, 0.65),
                (0.9375, 0.65),
                (0.953125, 0.65),
                (0.96875, 0.65),
                (0.984375, 0.65),
                (1, 0.65),
                (0, 0.675),
                (0.015625, 0.675),
                (0.03125, 0.675),
                (0.046875, 0.675),
                (0.0625, 0.675),
                (0.078125, 0.675),
                (0.09375, 0.675),
                (0.109375, 0.675),
                (0.125, 0.675),
                (0.140625, 0.675),
                (0.15625, 0.675),
                (0.171875, 0.675),
                (0.1875, 0.675),
                (0.203125, 0.675),
                (0.21875, 0.675),
                (0.234375, 0.675),
                (0.25, 0.675),
                (0.265625, 0.675),
                (0.28125, 0.675),
                (0.296875, 0.675),
                (0.3125, 0.675),
                (0.328125, 0.675),
                (0.34375, 0.675),
                (0.359375, 0.675),
                (0.375, 0.675),
                (0.390625, 0.675),
                (0.40625, 0.675),
                (0.421875, 0.675),
                (0.4375, 0.675),
                (0.453125, 0.675),
                (0.46875, 0.675),
                (0.484375, 0.675),
                (0.5, 0.675),
                (0.515625, 0.675),
                (0.53125, 0.675),
                (0.546875, 0.675),
                (0.5625, 0.675),
                (0.578125, 0.675),
                (0.59375, 0.675),
                (0.609375, 0.675),
                (0.625, 0.675),
                (0.640625, 0.675),
                (0.65625, 0.675),
                (0.671875, 0.675),
                (0.6875, 0.675),
                (0.703125, 0.675),
                (0.71875, 0.675),
                (0.734375, 0.675),
                (0.75, 0.675),
                (0.765625, 0.675),
                (0.78125, 0.675),
                (0.796875, 0.675),
                (0.8125, 0.675),
                (0.828125, 0.675),
                (0.84375, 0.675),
                (0.859375, 0.675),
                (0.875, 0.675),
                (0.890625, 0.675),
                (0.90625, 0.675),
                (0.921875, 0.675),
                (0.9375, 0.675),
                (0.953125, 0.675),
                (0.96875, 0.675),
                (0.984375, 0.675),
                (1, 0.675),
                (0, 0.7),
                (0.015625, 0.7),
                (0.03125, 0.7),
                (0.046875, 0.7),
                (0.0625, 0.7),
                (0.078125, 0.7),
                (0.09375, 0.7),
                (0.109375, 0.7),
                (0.125, 0.7),
                (0.140625, 0.7),
                (0.15625, 0.7),
                (0.171875, 0.7),
                (0.1875, 0.7),
                (0.203125, 0.7),
                (0.21875, 0.7),
                (0.234375, 0.7),
                (0.25, 0.7),
                (0.265625, 0.7),
                (0.28125, 0.7),
                (0.296875, 0.7),
                (0.3125, 0.7),
                (0.328125, 0.7),
                (0.34375, 0.7),
                (0.359375, 0.7),
                (0.375, 0.7),
                (0.390625, 0.7),
                (0.40625, 0.7),
                (0.421875, 0.7),
                (0.4375, 0.7),
                (0.453125, 0.7),
                (0.46875, 0.7),
                (0.484375, 0.7),
                (0.5, 0.7),
                (0.515625, 0.7),
                (0.53125, 0.7),
                (0.546875, 0.7),
                (0.5625, 0.7),
                (0.578125, 0.7),
                (0.59375, 0.7),
                (0.609375, 0.7),
                (0.625, 0.7),
                (0.640625, 0.7),
                (0.65625, 0.7),
                (0.671875, 0.7),
                (0.6875, 0.7),
                (0.703125, 0.7),
                (0.71875, 0.7),
                (0.734375, 0.7),
                (0.75, 0.7),
                (0.765625, 0.7),
                (0.78125, 0.7),
                (0.796875, 0.7),
                (0.8125, 0.7),
                (0.828125, 0.7),
                (0.84375, 0.7),
                (0.859375, 0.7),
                (0.875, 0.7),
                (0.890625, 0.7),
                (0.90625, 0.7),
                (0.921875, 0.7),
                (0.9375, 0.7),
                (0.953125, 0.7),
                (0.96875, 0.7),
                (0.984375, 0.7),
                (1, 0.7),
                (0, 0.725),
                (0.015625, 0.725),
                (0.03125, 0.725),
                (0.046875, 0.725),
                (0.0625, 0.725),
                (0.078125, 0.725),
                (0.09375, 0.725),
                (0.109375, 0.725),
                (0.125, 0.725),
                (0.140625, 0.725),
                (0.15625, 0.725),
                (0.171875, 0.725),
                (0.1875, 0.725),
                (0.203125, 0.725),
                (0.21875, 0.725),
                (0.234375, 0.725),
                (0.25, 0.725),
                (0.265625, 0.725),
                (0.28125, 0.725),
                (0.296875, 0.725),
                (0.3125, 0.725),
                (0.328125, 0.725),
                (0.34375, 0.725),
                (0.359375, 0.725),
                (0.375, 0.725),
                (0.390625, 0.725),
                (0.40625, 0.725),
                (0.421875, 0.725),
                (0.4375, 0.725),
                (0.453125, 0.725),
                (0.46875, 0.725),
                (0.484375, 0.725),
                (0.5, 0.725),
                (0.515625, 0.725),
                (0.53125, 0.725),
                (0.546875, 0.725),
                (0.5625, 0.725),
                (0.578125, 0.725),
                (0.59375, 0.725),
                (0.609375, 0.725),
                (0.625, 0.725),
                (0.640625, 0.725),
                (0.65625, 0.725),
                (0.671875, 0.725),
                (0.6875, 0.725),
                (0.703125, 0.725),
                (0.71875, 0.725),
                (0.734375, 0.725),
                (0.75, 0.725),
                (0.765625, 0.725),
                (0.78125, 0.725),
                (0.796875, 0.725),
                (0.8125, 0.725),
                (0.828125, 0.725),
                (0.84375, 0.725),
                (0.859375, 0.725),
                (0.875, 0.725),
                (0.890625, 0.725),
                (0.90625, 0.725),
                (0.921875, 0.725),
                (0.9375, 0.725),
                (0.953125, 0.725),
                (0.96875, 0.725),
                (0.984375, 0.725),
                (1, 0.725),
                (0, 0.75),
                (0.015625, 0.75),
                (0.03125, 0.75),
                (0.046875, 0.75),
                (0.0625, 0.75),
                (0.078125, 0.75),
                (0.09375, 0.75),
                (0.109375, 0.75),
                (0.125, 0.75),
                (0.140625, 0.75),
                (0.15625, 0.75),
                (0.171875, 0.75),
                (0.1875, 0.75),
                (0.203125, 0.75),
                (0.21875, 0.75),
                (0.234375, 0.75),
                (0.25, 0.75),
                (0.265625, 0.75),
                (0.28125, 0.75),
                (0.296875, 0.75),
                (0.3125, 0.75),
                (0.328125, 0.75),
                (0.34375, 0.75),
                (0.359375, 0.75),
                (0.375, 0.75),
                (0.390625, 0.75),
                (0.40625, 0.75),
                (0.421875, 0.75),
                (0.4375, 0.75),
                (0.453125, 0.75),
                (0.46875, 0.75),
                (0.484375, 0.75),
                (0.5, 0.75),
                (0.515625, 0.75),
                (0.53125, 0.75),
                (0.546875, 0.75),
                (0.5625, 0.75),
                (0.578125, 0.75),
                (0.59375, 0.75),
                (0.609375, 0.75),
                (0.625, 0.75),
                (0.640625, 0.75),
                (0.65625, 0.75),
                (0.671875, 0.75),
                (0.6875, 0.75),
                (0.703125, 0.75),
                (0.71875, 0.75),
                (0.734375, 0.75),
                (0.75, 0.75),
                (0.765625, 0.75),
                (0.78125, 0.75),
                (0.796875, 0.75),
                (0.8125, 0.75),
                (0.828125, 0.75),
                (0.84375, 0.75),
                (0.859375, 0.75),
                (0.875, 0.75),
                (0.890625, 0.75),
                (0.90625, 0.75),
                (0.921875, 0.75),
                (0.9375, 0.75),
                (0.953125, 0.75),
                (0.96875, 0.75),
                (0.984375, 0.75),
                (1, 0.75),
                (0, 0.775),
                (0.015625, 0.775),
                (0.03125, 0.775),
                (0.046875, 0.775),
                (0.0625, 0.775),
                (0.078125, 0.775),
                (0.09375, 0.775),
                (0.109375, 0.775),
                (0.125, 0.775),
                (0.140625, 0.775),
                (0.15625, 0.775),
                (0.171875, 0.775),
                (0.1875, 0.775),
                (0.203125, 0.775),
                (0.21875, 0.775),
                (0.234375, 0.775),
                (0.25, 0.775),
                (0.265625, 0.775),
                (0.28125, 0.775),
                (0.296875, 0.775),
                (0.3125, 0.775),
                (0.328125, 0.775),
                (0.34375, 0.775),
                (0.359375, 0.775),
                (0.375, 0.775),
                (0.390625, 0.775),
                (0.40625, 0.775),
                (0.421875, 0.775),
                (0.4375, 0.775),
                (0.453125, 0.775),
                (0.46875, 0.775),
                (0.484375, 0.775),
                (0.5, 0.775),
                (0.515625, 0.775),
                (0.53125, 0.775),
                (0.546875, 0.775),
                (0.5625, 0.775),
                (0.578125, 0.775),
                (0.59375, 0.775),
                (0.609375, 0.775),
                (0.625, 0.775),
                (0.640625, 0.775),
                (0.65625, 0.775),
                (0.671875, 0.775),
                (0.6875, 0.775),
                (0.703125, 0.775),
                (0.71875, 0.775),
                (0.734375, 0.775),
                (0.75, 0.775),
                (0.765625, 0.775),
                (0.78125, 0.775),
                (0.796875, 0.775),
                (0.8125, 0.775),
                (0.828125, 0.775),
                (0.84375, 0.775),
                (0.859375, 0.775),
                (0.875, 0.775),
                (0.890625, 0.775),
                (0.90625, 0.775),
                (0.921875, 0.775),
                (0.9375, 0.775),
                (0.953125, 0.775),
                (0.96875, 0.775),
                (0.984375, 0.775),
                (1, 0.775),
                (0, 0.8),
                (0.015625, 0.8),
                (0.03125, 0.8),
                (0.046875, 0.8),
                (0.0625, 0.8),
                (0.078125, 0.8),
                (0.09375, 0.8),
                (0.109375, 0.8),
                (0.125, 0.8),
                (0.140625, 0.8),
                (0.15625, 0.8),
                (0.171875, 0.8),
                (0.1875, 0.8),
                (0.203125, 0.8),
                (0.21875, 0.8),
                (0.234375, 0.8),
                (0.25, 0.8),
                (0.265625, 0.8),
                (0.28125, 0.8),
                (0.296875, 0.8),
                (0.3125, 0.8),
                (0.328125, 0.8),
                (0.34375, 0.8),
                (0.359375, 0.8),
                (0.375, 0.8),
                (0.390625, 0.8),
                (0.40625, 0.8),
                (0.421875, 0.8),
                (0.4375, 0.8),
                (0.453125, 0.8),
                (0.46875, 0.8),
                (0.484375, 0.8),
                (0.5, 0.8),
                (0.515625, 0.8),
                (0.53125, 0.8),
                (0.546875, 0.8),
                (0.5625, 0.8),
                (0.578125, 0.8),
                (0.59375, 0.8),
                (0.609375, 0.8),
                (0.625, 0.8),
                (0.640625, 0.8),
                (0.65625, 0.8),
                (0.671875, 0.8),
                (0.6875, 0.8),
                (0.703125, 0.8),
                (0.71875, 0.8),
                (0.734375, 0.8),
                (0.75, 0.8),
                (0.765625, 0.8),
                (0.78125, 0.8),
                (0.796875, 0.8),
                (0.8125, 0.8),
                (0.828125, 0.8),
                (0.84375, 0.8),
                (0.859375, 0.8),
                (0.875, 0.8),
                (0.890625, 0.8),
                (0.90625, 0.8),
                (0.921875, 0.8),
                (0.9375, 0.8),
                (0.953125, 0.8),
                (0.96875, 0.8),
                (0.984375, 0.8),
                (1, 0.8),
                (0, 0.825),
                (0.015625, 0.825),
                (0.03125, 0.825),
                (0.046875, 0.825),
                (0.0625, 0.825),
                (0.078125, 0.825),
                (0.09375, 0.825),
                (0.109375, 0.825),
                (0.125, 0.825),
                (0.140625, 0.825),
                (0.15625, 0.825),
                (0.171875, 0.825),
                (0.1875, 0.825),
                (0.203125, 0.825),
                (0.21875, 0.825),
                (0.234375, 0.825),
                (0.25, 0.825),
                (0.265625, 0.825),
                (0.28125, 0.825),
                (0.296875, 0.825),
                (0.3125, 0.825),
                (0.328125, 0.825),
                (0.34375, 0.825),
                (0.359375, 0.825),
                (0.375, 0.825),
                (0.390625, 0.825),
                (0.40625, 0.825),
                (0.421875, 0.825),
                (0.4375, 0.825),
                (0.453125, 0.825),
                (0.46875, 0.825),
                (0.484375, 0.825),
                (0.5, 0.825),
                (0.515625, 0.825),
                (0.53125, 0.825),
                (0.546875, 0.825),
                (0.5625, 0.825),
                (0.578125, 0.825),
                (0.59375, 0.825),
                (0.609375, 0.825),
                (0.625, 0.825),
                (0.640625, 0.825),
                (0.65625, 0.825),
                (0.671875, 0.825),
                (0.6875, 0.825),
                (0.703125, 0.825),
                (0.71875, 0.825),
                (0.734375, 0.825),
                (0.75, 0.825),
                (0.765625, 0.825),
                (0.78125, 0.825),
                (0.796875, 0.825),
                (0.8125, 0.825),
                (0.828125, 0.825),
                (0.84375, 0.825),
                (0.859375, 0.825),
                (0.875, 0.825),
                (0.890625, 0.825),
                (0.90625, 0.825),
                (0.921875, 0.825),
                (0.9375, 0.825),
                (0.953125, 0.825),
                (0.96875, 0.825),
                (0.984375, 0.825),
                (1, 0.825),
                (0, 0.85),
                (0.015625, 0.85),
                (0.03125, 0.85),
                (0.046875, 0.85),
                (0.0625, 0.85),
                (0.078125, 0.85),
                (0.09375, 0.85),
                (0.109375, 0.85),
                (0.125, 0.85),
                (0.140625, 0.85),
                (0.15625, 0.85),
                (0.171875, 0.85),
                (0.1875, 0.85),
                (0.203125, 0.85),
                (0.21875, 0.85),
                (0.234375, 0.85),
                (0.25, 0.85),
                (0.265625, 0.85),
                (0.28125, 0.85),
                (0.296875, 0.85),
                (0.3125, 0.85),
                (0.328125, 0.85),
                (0.34375, 0.85),
                (0.359375, 0.85),
                (0.375, 0.85),
                (0.390625, 0.85),
                (0.40625, 0.85),
                (0.421875, 0.85),
                (0.4375, 0.85),
                (0.453125, 0.85),
                (0.46875, 0.85),
                (0.484375, 0.85),
                (0.5, 0.85),
                (0.515625, 0.85),
                (0.53125, 0.85),
                (0.546875, 0.85),
                (0.5625, 0.85),
                (0.578125, 0.85),
                (0.59375, 0.85),
                (0.609375, 0.85),
                (0.625, 0.85),
                (0.640625, 0.85),
                (0.65625, 0.85),
                (0.671875, 0.85),
                (0.6875, 0.85),
                (0.703125, 0.85),
                (0.71875, 0.85),
                (0.734375, 0.85),
                (0.75, 0.85),
                (0.765625, 0.85),
                (0.78125, 0.85),
                (0.796875, 0.85),
                (0.8125, 0.85),
                (0.828125, 0.85),
                (0.84375, 0.85),
                (0.859375, 0.85),
                (0.875, 0.85),
                (0.890625, 0.85),
                (0.90625, 0.85),
                (0.921875, 0.85),
                (0.9375, 0.85),
                (0.953125, 0.85),
                (0.96875, 0.85),
                (0.984375, 0.85),
                (1, 0.85),
                (0, 0.875),
                (0.015625, 0.875),
                (0.03125, 0.875),
                (0.046875, 0.875),
                (0.0625, 0.875),
                (0.078125, 0.875),
                (0.09375, 0.875),
                (0.109375, 0.875),
                (0.125, 0.875),
                (0.140625, 0.875),
                (0.15625, 0.875),
                (0.171875, 0.875),
                (0.1875, 0.875),
                (0.203125, 0.875),
                (0.21875, 0.875),
                (0.234375, 0.875),
                (0.25, 0.875),
                (0.265625, 0.875),
                (0.28125, 0.875),
                (0.296875, 0.875),
                (0.3125, 0.875),
                (0.328125, 0.875),
                (0.34375, 0.875),
                (0.359375, 0.875),
                (0.375, 0.875),
                (0.390625, 0.875),
                (0.40625, 0.875),
                (0.421875, 0.875),
                (0.4375, 0.875),
                (0.453125, 0.875),
                (0.46875, 0.875),
                (0.484375, 0.875),
                (0.5, 0.875),
                (0.515625, 0.875),
                (0.53125, 0.875),
                (0.546875, 0.875),
                (0.5625, 0.875),
                (0.578125, 0.875),
                (0.59375, 0.875),
                (0.609375, 0.875),
                (0.625, 0.875),
                (0.640625, 0.875),
                (0.65625, 0.875),
                (0.671875, 0.875),
                (0.6875, 0.875),
                (0.703125, 0.875),
                (0.71875, 0.875),
                (0.734375, 0.875),
                (0.75, 0.875),
                (0.765625, 0.875),
                (0.78125, 0.875),
                (0.796875, 0.875),
                (0.8125, 0.875),
                (0.828125, 0.875),
                (0.84375, 0.875),
                (0.859375, 0.875),
                (0.875, 0.875),
                (0.890625, 0.875),
                (0.90625, 0.875),
                (0.921875, 0.875),
                (0.9375, 0.875),
                (0.953125, 0.875),
                (0.96875, 0.875),
                (0.984375, 0.875),
                (1, 0.875),
                (0, 0.9),
                (0.015625, 0.9),
                (0.03125, 0.9),
                (0.046875, 0.9),
                (0.0625, 0.9),
                (0.078125, 0.9),
                (0.09375, 0.9),
                (0.109375, 0.9),
                (0.125, 0.9),
                (0.140625, 0.9),
                (0.15625, 0.9),
                (0.171875, 0.9),
                (0.1875, 0.9),
                (0.203125, 0.9),
                (0.21875, 0.9),
                (0.234375, 0.9),
                (0.25, 0.9),
                (0.265625, 0.9),
                (0.28125, 0.9),
                (0.296875, 0.9),
                (0.3125, 0.9),
                (0.328125, 0.9),
                (0.34375, 0.9),
                (0.359375, 0.9),
                (0.375, 0.9),
                (0.390625, 0.9),
                (0.40625, 0.9),
                (0.421875, 0.9),
                (0.4375, 0.9),
                (0.453125, 0.9),
                (0.46875, 0.9),
                (0.484375, 0.9),
                (0.5, 0.9),
                (0.515625, 0.9),
                (0.53125, 0.9),
                (0.546875, 0.9),
                (0.5625, 0.9),
                (0.578125, 0.9),
                (0.59375, 0.9),
                (0.609375, 0.9),
                (0.625, 0.9),
                (0.640625, 0.9),
                (0.65625, 0.9),
                (0.671875, 0.9),
                (0.6875, 0.9),
                (0.703125, 0.9),
                (0.71875, 0.9),
                (0.734375, 0.9),
                (0.75, 0.9),
                (0.765625, 0.9),
                (0.78125, 0.9),
                (0.796875, 0.9),
                (0.8125, 0.9),
                (0.828125, 0.9),
                (0.84375, 0.9),
                (0.859375, 0.9),
                (0.875, 0.9),
                (0.890625, 0.9),
                (0.90625, 0.9),
                (0.921875, 0.9),
                (0.9375, 0.9),
                (0.953125, 0.9),
                (0.96875, 0.9),
                (0.984375, 0.9),
                (1, 0.9),
                (0, 0.925),
                (0.015625, 0.925),
                (0.03125, 0.925),
                (0.046875, 0.925),
                (0.0625, 0.925),
                (0.078125, 0.925),
                (0.09375, 0.925),
                (0.109375, 0.925),
                (0.125, 0.925),
                (0.140625, 0.925),
                (0.15625, 0.925),
                (0.171875, 0.925),
                (0.1875, 0.925),
                (0.203125, 0.925),
                (0.21875, 0.925),
                (0.234375, 0.925),
                (0.25, 0.925),
                (0.265625, 0.925),
                (0.28125, 0.925),
                (0.296875, 0.925),
                (0.3125, 0.925),
                (0.328125, 0.925),
                (0.34375, 0.925),
                (0.359375, 0.925),
                (0.375, 0.925),
                (0.390625, 0.925),
                (0.40625, 0.925),
                (0.421875, 0.925),
                (0.4375, 0.925),
                (0.453125, 0.925),
                (0.46875, 0.925),
                (0.484375, 0.925),
                (0.5, 0.925),
                (0.515625, 0.925),
                (0.53125, 0.925),
                (0.546875, 0.925),
                (0.5625, 0.925),
                (0.578125, 0.925),
                (0.59375, 0.925),
                (0.609375, 0.925),
                (0.625, 0.925),
                (0.640625, 0.925),
                (0.65625, 0.925),
                (0.671875, 0.925),
                (0.6875, 0.925),
                (0.703125, 0.925),
                (0.71875, 0.925),
                (0.734375, 0.925),
                (0.75, 0.925),
                (0.765625, 0.925),
                (0.78125, 0.925),
                (0.796875, 0.925),
                (0.8125, 0.925),
                (0.828125, 0.925),
                (0.84375, 0.925),
                (0.859375, 0.925),
                (0.875, 0.925),
                (0.890625, 0.925),
                (0.90625, 0.925),
                (0.921875, 0.925),
                (0.9375, 0.925),
                (0.953125, 0.925),
                (0.96875, 0.925),
                (0.984375, 0.925),
                (1, 0.925),
                (0, 0.95),
                (0.015625, 0.95),
                (0.03125, 0.95),
                (0.046875, 0.95),
                (0.0625, 0.95),
                (0.078125, 0.95),
                (0.09375, 0.95),
                (0.109375, 0.95),
                (0.125, 0.95),
                (0.140625, 0.95),
                (0.15625, 0.95),
                (0.171875, 0.95),
                (0.1875, 0.95),
                (0.203125, 0.95),
                (0.21875, 0.95),
                (0.234375, 0.95),
                (0.25, 0.95),
                (0.265625, 0.95),
                (0.28125, 0.95),
                (0.296875, 0.95),
                (0.3125, 0.95),
                (0.328125, 0.95),
                (0.34375, 0.95),
                (0.359375, 0.95),
                (0.375, 0.95),
                (0.390625, 0.95),
                (0.40625, 0.95),
                (0.421875, 0.95),
                (0.4375, 0.95),
                (0.453125, 0.95),
                (0.46875, 0.95),
                (0.484375, 0.95),
                (0.5, 0.95),
                (0.515625, 0.95),
                (0.53125, 0.95),
                (0.546875, 0.95),
                (0.5625, 0.95),
                (0.578125, 0.95),
                (0.59375, 0.95),
                (0.609375, 0.95),
                (0.625, 0.95),
                (0.640625, 0.95),
                (0.65625, 0.95),
                (0.671875, 0.95),
                (0.6875, 0.95),
                (0.703125, 0.95),
                (0.71875, 0.95),
                (0.734375, 0.95),
                (0.75, 0.95),
                (0.765625, 0.95),
                (0.78125, 0.95),
                (0.796875, 0.95),
                (0.8125, 0.95),
                (0.828125, 0.95),
                (0.84375, 0.95),
                (0.859375, 0.95),
                (0.875, 0.95),
                (0.890625, 0.95),
                (0.90625, 0.95),
                (0.921875, 0.95),
                (0.9375, 0.95),
                (0.953125, 0.95),
                (0.96875, 0.95),
                (0.984375, 0.95),
                (1, 0.95),
                (0, 0.975),
                (0.015625, 0.975),
                (0.03125, 0.975),
                (0.046875, 0.975),
                (0.0625, 0.975),
                (0.078125, 0.975),
                (0.09375, 0.975),
                (0.109375, 0.975),
                (0.125, 0.975),
                (0.140625, 0.975),
                (0.15625, 0.975),
                (0.171875, 0.975),
                (0.1875, 0.975),
                (0.203125, 0.975),
                (0.21875, 0.975),
                (0.234375, 0.975),
                (0.25, 0.975),
                (0.265625, 0.975),
                (0.28125, 0.975),
                (0.296875, 0.975),
                (0.3125, 0.975),
                (0.328125, 0.975),
                (0.34375, 0.975),
                (0.359375, 0.975),
                (0.375, 0.975),
                (0.390625, 0.975),
                (0.40625, 0.975),
                (0.421875, 0.975),
                (0.4375, 0.975),
                (0.453125, 0.975),
                (0.46875, 0.975),
                (0.484375, 0.975),
                (0.5, 0.975),
                (0.515625, 0.975),
                (0.53125, 0.975),
                (0.546875, 0.975),
                (0.5625, 0.975),
                (0.578125, 0.975),
                (0.59375, 0.975),
                (0.609375, 0.975),
                (0.625, 0.975),
                (0.640625, 0.975),
                (0.65625, 0.975),
                (0.671875, 0.975),
                (0.6875, 0.975),
                (0.703125, 0.975),
                (0.71875, 0.975),
                (0.734375, 0.975),
                (0.75, 0.975),
                (0.765625, 0.975),
                (0.78125, 0.975),
                (0.796875, 0.975),
                (0.8125, 0.975),
                (0.828125, 0.975),
                (0.84375, 0.975),
                (0.859375, 0.975),
                (0.875, 0.975),
                (0.890625, 0.975),
                (0.90625, 0.975),
                (0.921875, 0.975),
                (0.9375, 0.975),
                (0.953125, 0.975),
                (0.96875, 0.975),
                (0.984375, 0.975),
                (1, 0.975),
                (0, 1),
                (0.015625, 1),
                (0.03125, 1),
                (0.046875, 1),
                (0.0625, 1),
                (0.078125, 1),
                (0.09375, 1),
                (0.109375, 1),
                (0.125, 1),
                (0.140625, 1),
                (0.15625, 1),
                (0.171875, 1),
                (0.1875, 1),
                (0.203125, 1),
                (0.21875, 1),
                (0.234375, 1),
                (0.25, 1),
                (0.265625, 1),
                (0.28125, 1),
                (0.296875, 1),
                (0.3125, 1),
                (0.328125, 1),
                (0.34375, 1),
                (0.359375, 1),
                (0.375, 1),
                (0.390625, 1),
                (0.40625, 1),
                (0.421875, 1),
                (0.4375, 1),
                (0.453125, 1),
                (0.46875, 1),
                (0.484375, 1),
                (0.5, 1),
                (0.515625, 1),
                (0.53125, 1),
                (0.546875, 1),
                (0.5625, 1),
                (0.578125, 1),
                (0.59375, 1),
                (0.609375, 1),
                (0.625, 1),
                (0.640625, 1),
                (0.65625, 1),
                (0.671875, 1),
                (0.6875, 1),
                (0.703125, 1),
                (0.71875, 1),
                (0.734375, 1),
                (0.75, 1),
                (0.765625, 1),
                (0.78125, 1),
                (0.796875, 1),
                (0.8125, 1),
                (0.828125, 1),
                (0.84375, 1),
                (0.859375, 1),
                (0.875, 1),
                (0.890625, 1),
                (0.90625, 1),
                (0.921875, 1),
                (0.9375, 1),
                (0.953125, 1),
                (0.96875, 1),
                (0.984375, 1),
                (1, 1)
            ] (
                interpolation = "vertex"
            )
            token purpose = "render"
            rel material:binding = </Table/DrAnmarT1Looks/SterileDrape>
            uniform token subdivisionScheme = "none"
        }
    }
}
