#usda 1.0
(
    defaultPrim = "DrAnmarNeedleReadyTissue"
    doc = "Visual-only contact overlay for DrAnmar needle-ready tissue; base physics geometry remains authoritative."
    metersPerUnit = 1
    upAxis = "Z"
)

def Xform "DrAnmarNeedleReadyTissue" (
    references = @./needle_ready_tissue_contact.usda@</DrAnmarNeedleReadyTissue>
    customData = {
        string drAnmarAssetRole = "visual_overlay"
        bool drAnmarClinicalValidation = false
        string drAnmarGeometryLod = "contact"
        bool drAnmarPhysicsAuthority = false
        string drAnmarVisualMeshBinding = "one_to_one_existing_deforming_visual_points"
    }
)
{
    def Scope "VisualMaterials" (
        references = @./visual/materials.usda@</NeedleReadyTissueVisualMaterials>
    )
    {
    }

    def Xform "RenderSupport" (
        references = @./visual/support_cassette.usda@</DrAnmarTissueRenderSupport>
    )
    {
    }

    over "Visual"
    {
        texCoord2f[] primvars:st = [
            (-2.1875, 1.40625), (-1.99955639, 1.25), (-2.00079804, 1.40625), (-2.5, -0.214285714), (-2.28662633, -0.214333614), (-2.28779986, -0.137006618),
            (-2.1875, 1.40625), (-2.1875, 1.25), (-1.99955639, 1.25), (1.60714286, -0.214285714), (1.42857143, -0.137142857), (1.42857143, -0.214285714),
            (-2.5, -0.214285714), (-2.28779986, -0.137006618), (-2.5, -0.137142857), (1.60714286, -0.214285714), (1.60714286, -0.137142857), (1.42857143, -0.137142857),
            (-2.00079804, 1.40625), (-1.81331584, 1.25), (-1.81578788, 1.40625), (-2.28662633, -0.214333614), (-2.07518615, -0.214263004), (-2.07752258, -0.136752721),
            (-2.00079804, 1.40625), (-1.99955639, 1.25), (-1.81331584, 1.25), (-2.28662633, -0.214333614), (-2.07752258, -0.136752721), (-2.28779986, -0.137006618),
            (-1.81578788, 1.40625), (-1.62893134, 1.25), (-1.63262151, 1.40625), (-2.07518615, -0.214263004), (-1.86585316, -0.214146107), (-1.8693409, -0.136486913),
            (-1.81578788, 1.40625), (-1.81331584, 1.25), (-1.62893134, 1.25), (-2.07518615, -0.214263004), (-1.8693409, -0.136486913), (-2.07752258, -0.136752721),
            (-1.63262151, 1.40625), (-1.4465882, 1.25), (-1.45148302, 1.40625), (-1.86585316, -0.214146107), (-1.65883774, -0.214068128), (-1.66346404, -0.136322354),
            (-1.63262151, 1.40625), (-1.62893134, 1.25), (-1.4465882, 1.25), (-1.86585316, -0.214146107), (-1.66346404, -0.136322354), (-1.8693409, -0.136486913),
            (-1.45148302, 1.40625), (-1.26651576, 1.25), (-1.27260023, 1.40625), (-1.65883774, -0.214068128), (-1.45440026, -0.214096424), (-1.46015095, -0.136343553),
            (-1.45148302, 1.40625), (-1.4465882, 1.25), (-1.26651576, 1.25), (-1.65883774, -0.214068128), (-1.46015095, -0.136343553), (-1.66346404, -0.136322354),
            (-1.27260023, 1.40625), (-1.08900576, 1.25), (-1.09626294, 1.40625), (-1.45440026, -0.214096424), (-1.25287194, -0.214256225), (-1.25973101, -0.136578839),
            (-1.27260023, 1.40625), (-1.26651576, 1.25), (-1.08900576, 1.25), (-1.45440026, -0.214096424), (-1.25973101, -0.136578839), (-1.46015095, -0.136343553),
            (-1.09626294, 1.40625), (-0.914442678, 1.25), (-0.922853107, 1.40625), (-1.25287194, -0.214256225), (-1.05468927, -0.214520117), (-1.06263832, -0.136989124),
            (-1.09626294, 1.40625), (-1.08900576, 1.25), (-0.914442678, 1.25), (-1.25287194, -0.214256225), (-1.06263832, -0.136989124), (-1.25973101, -0.136578839),
            (-0.922853107, 1.40625), (-0.743358185, 1.25), (-0.752898881, 1.40625), (-1.05468927, -0.214520117), (-0.860455864, -0.214814388), (-0.869473185, -0.137476218),
            (-0.922853107, 1.40625), (-0.914442678, 1.25), (-0.743358185, 1.25), (-1.05468927, -0.214520117), (-0.869473185, -0.137476218), (-1.06263832, -0.136989124),
            (-0.752898881, 1.40625), (-0.57654008, 1.25), (-0.587182856, 1.40625), (-0.860455864, -0.214814388), (-0.671066121, -0.215040413), (-0.681125066, -0.137908519),
            (-0.752898881, 1.40625), (-0.743358185, 1.25), (-0.57654008, 1.25), (-0.860455864, -0.214814388), (-0.681125066, -0.137908519), (-0.869473185, -0.137476218),
            (-0.587182856, 1.40625), (-0.415289783, 1.25), (-0.426997857, 1.40625), (-0.671066121, -0.215040413), (-0.48799755, -0.215104873), (-0.499063353, -0.138157093),
            (-0.587182856, 1.40625), (-0.57654008, 1.25), (-0.415289783, 1.25), (-0.671066121, -0.215040413), (-0.499063353, -0.138157093), (-0.681125066, -0.137908519),
            (-0.426997857, 1.40625), (-0.262240462, 1.25), (-0.274959653, 1.40625), (-0.48799755, -0.215104873), (-0.314239603, -0.214949944), (-0.326261056, -0.138132225),
            (-0.426997857, 1.40625), (-0.415289783, 1.25), (-0.262240462, 1.25), (-0.48799755, -0.215104873), (-0.326261056, -0.138132225), (-0.499063353, -0.138157093),
            (-0.274959653, 1.40625), (-0.128403085, 1.25), (-0.14200647, 1.40625), (-0.314239603, -0.214949944), (-0.162293108, -0.214574451), (-0.175150251, -0.137810275),
            (-0.274959653, 1.40625), (-0.262240462, 1.25), (-0.128403085, 1.25), (-0.314239603, -0.214949944), (-0.175150251, -0.137810275), (-0.326261056, -0.138132225),
            (-2.25, -0.300404231), (-2, -0.286875546), (-2, -0.180154361), (-2.25, -0.192934385), (-2.25, -0.300404231), (-2, -0.180154361),
            (-2.1875, 1.25), (-1.99839234, 1.09375), (-1.99955639, 1.25), (-2.1875, 1.25), (-2.1875, 1.09375), (-1.99839234, 1.09375),
            (1.42857143, -0.214285714), (1.25, -0.137142857), (1.25, -0.214285714), (1.42857143, -0.214285714), (1.42857143, -0.137142857), (1.25, -0.137142857),
            (-1.99955639, 1.25), (-1.8109983, 1.09375), (-1.81331584, 1.25), (-1.99955639, 1.25), (-1.99839234, 1.09375), (-1.8109983, 1.09375),
            (-1.81331584, 1.25), (-1.6254718, 1.09375), (-1.62893134, 1.25), (-1.81331584, 1.25), (-1.8109983, 1.09375), (-1.6254718, 1.09375),
            (-1.62893134, 1.25), (-1.4419993, 1.09375), (-1.4465882, 1.25), (-1.62893134, 1.25), (-1.6254718, 1.09375), (-1.4419993, 1.09375),
            (-1.4465882, 1.25), (-1.26081157, 1.09375), (-1.26651576, 1.25), (-1.4465882, 1.25), (-1.4419993, 1.09375), (-1.26081157, 1.09375),
            (-1.26651576, 1.25), (-1.08220214, 1.09375), (-1.08900576, 1.25), (-1.26651576, 1.25), (-1.26081157, 1.09375), (-1.08220214, 1.09375),
            (-1.08900576, 1.25), (-0.906557888, 1.09375), (-0.914442678, 1.25), (-1.08900576, 1.25), (-1.08220214, 1.09375), (-0.906557888, 1.09375),
            (-0.914442678, 1.25), (-0.734413769, 1.09375), (-0.743358185, 1.25), (-0.914442678, 1.25), (-0.906557888, 1.09375), (-0.734413769, 1.09375),
            (-0.743358185, 1.25), (-0.566562461, 1.09375), (-0.57654008, 1.25), (-0.743358185, 1.25), (-0.734413769, 1.09375), (-0.566562461, 1.09375),
            (-0.57654008, 1.25), (-0.404313447, 1.09375), (-0.415289783, 1.25), (-0.57654008, 1.25), (-0.566562461, 1.09375), (-0.404313447, 1.09375),
            (-0.415289783, 1.25), (-0.250316202, 1.09375), (-0.262240462, 1.25), (-0.415289783, 1.25), (-0.404313447, 1.09375), (-0.250316202, 1.09375),
            (-0.262240462, 1.25), (-0.115649892, 1.09375), (-0.128403085, 1.25), (-0.262240462, 1.25), (-0.250316202, 1.09375), (-0.115649892, 1.09375),
            (-2, -0.286875546), (-1.75, -0.285245896), (-1.75, -0.179145927), (-2, -0.180154361), (-2, -0.286875546), (-1.75, -0.179145927),
            (-2.1875, 1.09375), (-1.9983541, 0.9375), (-1.99839234, 1.09375), (-2.1875, 1.09375), (-2.1875, 0.9375), (-1.9983541, 0.9375),
            (1.25, -0.214285714), (1.07142857, -0.137142857), (1.07142857, -0.214285714), (1.25, -0.214285714), (1.25, -0.137142857), (1.07142857, -0.137142857),
            (-1.99839234, 1.09375), (-1.81092216, 0.9375), (-1.8109983, 1.09375), (-1.99839234, 1.09375), (-1.9983541, 0.9375), (-1.81092216, 0.9375),
            (-1.8109983, 1.09375), (-1.62535814, 0.9375), (-1.6254718, 1.09375), (-1.8109983, 1.09375), (-1.81092216, 0.9375), (-1.62535814, 0.9375),
            (-1.6254718, 1.09375), (-1.44184853, 0.9375), (-1.4419993, 1.09375), (-1.6254718, 1.09375), (-1.62535814, 0.9375), (-1.44184853, 0.9375),
            (-1.4419993, 1.09375), (-1.26062416, 0.9375), (-1.26081157, 1.09375), (-1.4419993, 1.09375), (-1.44184853, 0.9375), (-1.26062416, 0.9375),
            (-1.26081157, 1.09375), (-1.08197862, 0.9375), (-1.08220214, 1.09375), (-1.26081157, 1.09375), (-1.26062416, 0.9375), (-1.08197862, 0.9375),
            (-1.08220214, 1.09375), (-0.906298841, 0.9375), (-0.906557888, 1.09375), (-1.08220214, 1.09375), (-1.08197862, 0.9375), (-0.906298841, 0.9375),
            (-0.906557888, 1.09375), (-0.734119909, 0.9375), (-0.734413769, 1.09375), (-0.906557888, 1.09375), (-0.906298841, 0.9375), (-0.734119909, 0.9375),
            (-0.734413769, 1.09375), (-0.566234657, 0.9375), (-0.566562461, 1.09375), (-0.734413769, 1.09375), (-0.734119909, 0.9375), (-0.566234657, 0.9375),
            (-0.566562461, 1.09375), (-0.403952831, 0.9375), (-0.404313447, 1.09375), (-0.566562461, 1.09375), (-0.566234657, 0.9375), (-0.403952831, 0.9375),
            (-0.404313447, 1.09375), (-0.249924443, 0.9375), (-0.250316202, 1.09375), (-0.404313447, 1.09375), (-0.403952831, 0.9375), (-0.249924443, 0.9375),
            (-0.250316202, 1.09375), (-0.115230898, 0.9375), (-0.115649892, 1.09375), (-0.250316202, 1.09375), (-0.249924443, 0.9375), (-0.115230898, 0.9375),
            (-1.75, -0.285245896), (-1.5, -0.290685716), (-1.5, -0.18495285), (-1.75, -0.179145927), (-1.75, -0.285245896), (-1.5, -0.18495285),
            (-2.1875, 0.9375), (-1.99817966, 0.78125), (-1.9983541, 0.9375), (-2.1875, 0.9375), (-2.1875, 0.78125), (-1.99817966, 0.78125),
            (1.07142857, -0.214285714), (0.892857143, -0.137142857), (0.892857143, -0.214285714), (1.07142857, -0.214285714), (1.07142857, -0.137142857), (0.892857143, -0.137142857),
            (-1.9983541, 0.9375), (-1.81057485, 0.78125), (-1.81092216, 0.9375), (-1.9983541, 0.9375), (-1.99817966, 0.78125), (-1.81057485, 0.78125),
            (-1.81092216, 0.9375), (-1.62483969, 0.78125), (-1.62535814, 0.9375), (-1.81092216, 0.9375), (-1.81057485, 0.78125), (-1.62483969, 0.78125),
            (-1.62535814, 0.9375), (-1.44116084, 0.78125), (-1.44184853, 0.9375), (-1.62535814, 0.9375), (-1.62483969, 0.78125), (-1.44116084, 0.78125),
            (-1.44184853, 0.9375), (-1.25976933, 0.78125), (-1.26062416, 0.9375), (-1.44184853, 0.9375), (-1.44116084, 0.78125), (-1.25976933, 0.78125),
            (-1.26062416, 0.9375), (-1.08095902, 0.78125), (-1.08197862, 0.9375), (-1.26062416, 0.9375), (-1.25976933, 0.78125), (-1.08095902, 0.78125),
            (-1.08197862, 0.9375), (-0.905117223, 0.78125), (-0.906298841, 0.9375), (-1.08197862, 0.9375), (-1.08095902, 0.78125), (-0.905117223, 0.78125),
            (-0.906298841, 0.9375), (-0.732779494, 0.78125), (-0.734119909, 0.9375), (-0.906298841, 0.9375), (-0.905117223, 0.78125), (-0.732779494, 0.78125),
            (-0.734119909, 0.9375), (-0.564739406, 0.78125), (-0.566234657, 0.9375), (-0.734119909, 0.9375), (-0.732779494, 0.78125), (-0.564739406, 0.78125),
            (-0.566234657, 0.9375), (-0.402307912, 0.78125), (-0.403952831, 0.9375), (-0.566234657, 0.9375), (-0.564739406, 0.78125), (-0.402307912, 0.78125),
            (-0.403952831, 0.9375), (-0.248137467, 0.78125), (-0.249924443, 0.9375), (-0.403952831, 0.9375), (-0.402307912, 0.78125), (-0.248137467, 0.78125),
            (-0.249924443, 0.9375), (-0.113319698, 0.78125), (-0.115230898, 0.9375), (-0.249924443, 0.9375), (-0.248137467, 0.78125), (-0.113319698, 0.78125),
            (-1.5, -0.290685716), (-1.25, -0.292414181), (-1.25, -0.186705041), (-1.5, -0.18495285), (-1.5, -0.290685716), (-1.25, -0.186705041),
            (-2.1875, 0.78125), (-1.99862599, 0.625), (-1.99817966, 0.78125), (-2.1875, 0.78125), (-2.1875, 0.625), (-1.99862599, 0.625),
            (0.892857143, -0.214285714), (0.714285714, -0.137142857), (0.714285714, -0.214285714), (0.892857143, -0.214285714), (0.892857143, -0.137142857), (0.714285714, -0.137142857),
            (-1.99817966, 0.78125), (-1.81146347, 0.625), (-1.81057485, 0.78125), (-1.99817966, 0.78125), (-1.99862599, 0.625), (-1.81146347, 0.625),
            (-1.81057485, 0.78125), (-1.62616619, 0.625), (-1.62483969, 0.78125), (-1.81057485, 0.78125), (-1.81146347, 0.625), (-1.62616619, 0.625),
            (-1.62483969, 0.78125), (-1.44292037, 0.625), (-1.44116084, 0.78125), (-1.62483969, 0.78125), (-1.62616619, 0.625), (-1.44292037, 0.625),
            (-1.44116084, 0.78125), (-1.2619565, 0.625), (-1.25976933, 0.78125), (-1.44116084, 0.78125), (-1.44292037, 0.625), (-1.2619565, 0.625),
            (-1.25976933, 0.78125), (-1.08356775, 0.625), (-1.08095902, 0.78125), (-1.25976933, 0.78125), (-1.2619565, 0.625), (-1.08356775, 0.625),
            (-1.08095902, 0.78125), (-0.9081405, 0.625), (-0.905117223, 0.78125), (-1.08095902, 0.78125), (-1.08356775, 0.625), (-0.9081405, 0.625),
            (-0.905117223, 0.78125), (-0.736209066, 0.625), (-0.732779494, 0.78125), (-0.905117223, 0.78125), (-0.9081405, 0.625), (-0.736209066, 0.625),
            (-0.732779494, 0.78125), (-0.56856514, 0.625), (-0.564739406, 0.78125), (-0.732779494, 0.78125), (-0.736209066, 0.625), (-0.56856514, 0.625),
            (-0.564739406, 0.78125), (-0.406516586, 0.625), (-0.402307912, 0.78125), (-0.564739406, 0.78125), (-0.56856514, 0.625), (-0.406516586, 0.625),
            (-0.402307912, 0.78125), (-0.252709605, 0.625), (-0.248137467, 0.78125), (-0.402307912, 0.78125), (-0.406516586, 0.625), (-0.252709605, 0.625),
            (-0.248137467, 0.78125), (-0.118209676, 0.625), (-0.113319698, 0.78125), (-0.248137467, 0.78125), (-0.252709605, 0.625), (-0.118209676, 0.625),
            (-1.25, -0.292414181), (-1, -0.292637338), (-1, -0.186574832), (-1.25, -0.186705041), (-1.25, -0.292414181), (-1, -0.186574832),
            (-2.1875, 0.625), (-2.00023886, 0.46875), (-1.99862599, 0.625), (-2.1875, 0.625), (-2.1875, 0.46875), (-2.00023886, 0.46875),
            (0.714285714, -0.214285714), (0.535714286, -0.137142857), (0.535714286, -0.214285714), (0.714285714, -0.214285714), (0.714285714, -0.137142857), (0.535714286, -0.137142857),
            (-1.99862599, 0.625), (-1.8146746, 0.46875), (-1.81146347, 0.625), (-1.99862599, 0.625), (-2.00023886, 0.46875), (-1.8146746, 0.46875),
            (-1.81146347, 0.625), (-1.63095965, 0.46875), (-1.62616619, 0.625), (-1.81146347, 0.625), (-1.8146746, 0.46875), (-1.63095965, 0.46875),
            (-1.62616619, 0.625), (-1.44927865, 0.46875), (-1.44292037, 0.625), (-1.62616619, 0.625), (-1.63095965, 0.46875), (-1.44927865, 0.46875),
            (-1.44292037, 0.625), (-1.26986011, 0.46875), (-1.2619565, 0.625), (-1.44292037, 0.625), (-1.44927865, 0.46875), (-1.26986011, 0.46875),
            (-1.2619565, 0.625), (-1.09299469, 0.46875), (-1.08356775, 0.625), (-1.2619565, 0.625), (-1.26986011, 0.46875), (-1.09299469, 0.46875),
            (-1.08356775, 0.625), (-0.919065494, 0.46875), (-0.9081405, 0.625), (-1.08356775, 0.625), (-1.09299469, 0.46875), (-0.919065494, 0.46875),
            (-0.9081405, 0.625), (-0.748602255, 0.46875), (-0.736209066, 0.625), (-0.9081405, 0.625), (-0.919065494, 0.46875), (-0.748602255, 0.46875),
            (-0.736209066, 0.625), (-0.582389911, 0.46875), (-0.56856514, 0.625), (-0.736209066, 0.625), (-0.748602255, 0.46875), (-0.582389911, 0.46875),
            (-0.56856514, 0.625), (-0.421725158, 0.46875), (-0.406516586, 0.625), (-0.56856514, 0.625), (-0.582389911, 0.46875), (-0.421725158, 0.46875),
            (-0.406516586, 0.625), (-0.269231601, 0.46875), (-0.252709605, 0.625), (-0.406516586, 0.625), (-0.421725158, 0.46875), (-0.269231601, 0.46875),
            (-0.252709605, 0.625), (-0.135880223, 0.46875), (-0.118209676, 0.625), (-0.252709605, 0.625), (-0.269231601, 0.46875), (-0.135880223, 0.46875),
            (-1, -0.292637338), (-0.75, -0.29925682), (-0.75, -0.192494469), (-1, -0.186574832), (-1, -0.292637338), (-0.75, -0.192494469),
            (-2.1875, 0.46875), (-2.00120796, 0.3125), (-2.00023886, 0.46875), (-2.1875, 0.46875), (-2.1875, 0.3125), (-2.00120796, 0.3125),
            (0.535714286, -0.214285714), (0.357142857, -0.137142857), (0.357142857, -0.214285714), (0.535714286, -0.214285714), (0.535714286, -0.137142857), (0.357142857, -0.137142857),
            (-2.00023886, 0.46875), (-1.81660401, 0.3125), (-1.8146746, 0.46875), (-2.00023886, 0.46875), (-2.00120796, 0.3125), (-1.81660401, 0.3125),
            (-1.8146746, 0.46875), (-1.6338398, 0.3125), (-1.63095965, 0.46875), (-1.8146746, 0.46875), (-1.81660401, 0.3125), (-1.6338398, 0.3125),
            (-1.63095965, 0.46875), (-1.45309902, 0.3125), (-1.44927865, 0.46875), (-1.63095965, 0.46875), (-1.6338398, 0.3125), (-1.45309902, 0.3125),
            (-1.44927865, 0.46875), (-1.27460898, 0.3125), (-1.26986011, 0.46875), (-1.44927865, 0.46875), (-1.45309902, 0.3125), (-1.27460898, 0.3125),
            (-1.26986011, 0.46875), (-1.09865886, 0.3125), (-1.09299469, 0.46875), (-1.26986011, 0.46875), (-1.27460898, 0.3125), (-1.09865886, 0.3125),
            (-1.09299469, 0.46875), (-0.925629764, 0.3125), (-0.919065494, 0.46875), (-1.09299469, 0.46875), (-1.09865886, 0.3125), (-0.925629764, 0.3125),
            (-0.919065494, 0.46875), (-0.756048689, 0.3125), (-0.748602255, 0.46875), (-0.919065494, 0.46875), (-0.925629764, 0.3125), (-0.756048689, 0.3125),
            (-0.748602255, 0.46875), (-0.59069651, 0.3125), (-0.582389911, 0.46875), (-0.748602255, 0.46875), (-0.756048689, 0.3125), (-0.59069651, 0.3125),
            (-0.582389911, 0.46875), (-0.430863213, 0.3125), (-0.421725158, 0.46875), (-0.582389911, 0.46875), (-0.59069651, 0.3125), (-0.430863213, 0.3125),
            (-0.421725158, 0.46875), (-0.279158824, 0.3125), (-0.269231601, 0.46875), (-0.421725158, 0.46875), (-0.430863213, 0.3125), (-0.279158824, 0.3125),
            (-0.269231601, 0.46875), (-0.146497553, 0.3125), (-0.135880223, 0.46875), (-0.269231601, 0.46875), (-0.279158824, 0.3125), (-0.146497553, 0.3125),
            (-0.75, -0.29925682), (-0.5, -0.307491583), (-0.5, -0.19977543), (-0.75, -0.192494469), (-0.75, -0.29925682), (-0.5, -0.19977543),
            (-2.1875, 0.3125), (-2.00044017, 0.15625), (-2.00120796, 0.3125), (-2.1875, 0.3125), (-2.1875, 0.15625), (-2.00044017, 0.15625),
            (0.357142857, -0.214285714), (0.178571429, -0.137142857), (0.178571429, -0.214285714), (0.357142857, -0.214285714), (0.357142857, -0.137142857), (0.178571429, -0.137142857),
            (-2.00120796, 0.3125), (-1.81507539, 0.15625), (-1.81660401, 0.3125), (-2.00120796, 0.3125), (-2.00044017, 0.15625), (-1.81507539, 0.15625),
            (-1.81660401, 0.3125), (-1.63155794, 0.15625), (-1.6338398, 0.3125), (-1.81660401, 0.3125), (-1.81507539, 0.15625), (-1.63155794, 0.15625),
            (-1.6338398, 0.3125), (-1.45007224, 0.15625), (-1.45309902, 0.3125), (-1.6338398, 0.3125), (-1.63155794, 0.15625), (-1.45007224, 0.15625),
            (-1.45309902, 0.3125), (-1.27084658, 0.15625), (-1.27460898, 0.3125), (-1.45309902, 0.3125), (-1.45007224, 0.15625), (-1.27084658, 0.15625),
            (-1.27460898, 0.3125), (-1.09417129, 0.15625), (-1.09865886, 0.3125), (-1.27460898, 0.3125), (-1.27084658, 0.15625), (-1.09417129, 0.15625),
            (-1.09865886, 0.3125), (-0.920429071, 0.15625), (-0.925629764, 0.3125), (-1.09865886, 0.3125), (-1.09417129, 0.15625), (-0.920429071, 0.15625),
            (-0.925629764, 0.3125), (-0.750149082, 0.15625), (-0.756048689, 0.3125), (-0.925629764, 0.3125), (-0.920429071, 0.15625), (-0.750149082, 0.15625),
            (-0.756048689, 0.3125), (-0.584115418, 0.15625), (-0.59069651, 0.3125), (-0.756048689, 0.3125), (-0.750149082, 0.15625), (-0.584115418, 0.15625),
            (-0.59069651, 0.3125), (-0.423623381, 0.15625), (-0.430863213, 0.3125), (-0.59069651, 0.3125), (-0.584115418, 0.15625), (-0.423623381, 0.15625),
            (-0.430863213, 0.3125), (-0.271293755, 0.15625), (-0.279158824, 0.3125), (-0.430863213, 0.3125), (-0.423623381, 0.15625), (-0.271293755, 0.15625),
            (-0.279158824, 0.3125), (-0.138085732, 0.15625), (-0.146497553, 0.3125), (-0.279158824, 0.3125), (-0.271293755, 0.15625), (-0.138085732, 0.15625),
            (-0.5, -0.307491583), (-0.25, -0.306056744), (-0.25, -0.197273773), (-0.5, -0.19977543), (-0.5, -0.307491583), (-0.25, -0.197273773),
            (-2.1875, 0.15625), (-1.99867557, -0), (-2.00044017, 0.15625), (-2.1875, 0.15625), (-2.1875, -0), (-1.99867557, -0),
            (0.178571429, -0.214285714), (-0, -0.137142857), (-0, -0.214285714), (0.178571429, -0.214285714), (0.178571429, -0.137142857), (-0, -0.137142857),
            (-2.00044017, 0.15625), (-1.81156217, -0), (-1.81507539, 0.15625), (-2.00044017, 0.15625), (-1.99867557, -0), (-1.81156217, -0),
            (-1.81507539, 0.15625), (-1.62631353, -0), (-1.63155794, 0.15625), (-1.81507539, 0.15625), (-1.81156217, -0), (-1.62631353, -0),
            (-1.63155794, 0.15625), (-1.44311582, -0), (-1.45007224, 0.15625), (-1.63155794, 0.15625), (-1.62631353, -0), (-1.44311582, -0),
            (-1.45007224, 0.15625), (-1.26219945, -0), (-1.27084658, 0.15625), (-1.45007224, 0.15625), (-1.44311582, -0), (-1.26219945, -0),
            (-1.27084658, 0.15625), (-1.08385752, -0), (-1.09417129, 0.15625), (-1.27084658, 0.15625), (-1.26219945, -0), (-1.08385752, -0),
            (-1.09417129, 0.15625), (-0.908476322, -0), (-0.920429071, 0.15625), (-1.09417129, 0.15625), (-1.08385752, -0), (-0.908476322, -0),
            (-0.920429071, 0.15625), (-0.736590018, -0), (-0.750149082, 0.15625), (-0.920429071, 0.15625), (-0.908476322, -0), (-0.736590018, -0),
            (-0.750149082, 0.15625), (-0.568990097, -0), (-0.584115418, 0.15625), (-0.750149082, 0.15625), (-0.736590018, -0), (-0.568990097, -0),
            (-0.584115418, 0.15625), (-0.406984079, -0), (-0.423623381, 0.15625), (-0.584115418, 0.15625), (-0.568990097, -0), (-0.406984079, -0),
            (-0.423623381, 0.15625), (-0.253217471, -0), (-0.271293755, 0.15625), (-0.423623381, 0.15625), (-0.406984079, -0), (-0.253217471, -0),
            (-0.271293755, 0.15625), (-0.118752847, -0), (-0.138085732, 0.15625), (-0.271293755, 0.15625), (-0.253217471, -0), (-0.118752847, -0),
            (-0.25, -0.306056744), (0, -0.297721137), (0, -0.187925285), (-0.25, -0.197273773), (-0.25, -0.306056744), (0, -0.187925285),
            (-2.1875, -0), (-1.99774787, -0.15625), (-1.99867557, -0), (-2.1875, -0), (-2.1875, -0.15625), (-1.99774787, -0.15625),
            (-0, -0.214285714), (-0.178571429, -0.137142857), (-0.178571429, -0.214285714), (-0, -0.214285714), (-0, -0.137142857), (-0.178571429, -0.137142857),
            (-1.99867557, -0), (-1.80971519, -0.15625), (-1.81156217, -0), (-1.99867557, -0), (-1.99774787, -0.15625), (-1.80971519, -0.15625),
            (-1.81156217, -0), (-1.62355643, -0.15625), (-1.62631353, -0), (-1.81156217, -0), (-1.80971519, -0.15625), (-1.62355643, -0.15625),
            (-1.62631353, -0), (-1.43945866, -0.15625), (-1.44311582, -0), (-1.62631353, -0), (-1.62355643, -0.15625), (-1.43945866, -0.15625),
            (-1.44311582, -0), (-1.25765345, -0.15625), (-1.26219945, -0), (-1.44311582, -0), (-1.43945866, -0.15625), (-1.25765345, -0.15625),
            (-1.26219945, -0), (-1.07843533, -0.15625), (-1.08385752, -0), (-1.26219945, -0), (-1.25765345, -0.15625), (-1.07843533, -0.15625),
            (-1.08385752, -0), (-0.902192486, -0.15625), (-0.908476322, -0), (-1.08385752, -0), (-1.07843533, -0.15625), (-0.902192486, -0.15625),
            (-0.908476322, -0), (-0.729461707, -0.15625), (-0.736590018, -0), (-0.908476322, -0), (-0.902192486, -0.15625), (-0.729461707, -0.15625),
            (-0.736590018, -0), (-0.561038368, -0.15625), (-0.568990097, -0), (-0.736590018, -0), (-0.729461707, -0.15625), (-0.561038368, -0.15625),
            (-0.568990097, -0), (-0.398236416, -0.15625), (-0.406984079, -0), (-0.568990097, -0), (-0.561038368, -0.15625), (-0.398236416, -0.15625),
            (-0.406984079, -0), (-0.243714354, -0.15625), (-0.253217471, -0), (-0.406984079, -0), (-0.398236416, -0.15625), (-0.243714354, -0.15625),
            (-0.253217471, -0), (-0.108589106, -0.15625), (-0.118752847, -0), (-0.253217471, -0), (-0.243714354, -0.15625), (-0.108589106, -0.15625),
            (0, -0.297721137), (0.25, -0.296356866), (0.25, -0.185767432), (0, -0.187925285), (0, -0.297721137), (0.25, -0.185767432),
            (-2.1875, -0.15625), (-1.99848281, -0.3125), (-1.99774787, -0.15625), (-2.1875, -0.15625), (-2.1875, -0.3125), (-1.99848281, -0.3125),
            (-0.178571429, -0.214285714), (-0.357142857, -0.137142857), (-0.357142857, -0.214285714), (-0.178571429, -0.214285714), (-0.178571429, -0.137142857), (-0.357142857, -0.137142857),
            (-1.99774787, -0.15625), (-1.8111784, -0.3125), (-1.80971519, -0.15625), (-1.99774787, -0.15625), (-1.99848281, -0.3125), (-1.8111784, -0.3125),
            (-1.80971519, -0.15625), (-1.62574066, -0.3125), (-1.62355643, -0.15625), (-1.80971519, -0.15625), (-1.8111784, -0.3125), (-1.62574066, -0.3125),
            (-1.62355643, -0.15625), (-1.44235593, -0.3125), (-1.43945866, -0.15625), (-1.62355643, -0.15625), (-1.62574066, -0.3125), (-1.44235593, -0.3125),
            (-1.43945866, -0.15625), (-1.26125487, -0.3125), (-1.25765345, -0.15625), (-1.43945866, -0.15625), (-1.44235593, -0.3125), (-1.26125487, -0.3125),
            (-1.25765345, -0.15625), (-1.08273089, -0.3125), (-1.07843533, -0.15625), (-1.25765345, -0.15625), (-1.26125487, -0.3125), (-1.08273089, -0.3125),
            (-1.07843533, -0.15625), (-0.907170657, -0.3125), (-0.902192486, -0.15625), (-1.07843533, -0.15625), (-1.08273089, -0.3125), (-0.907170657, -0.3125),
            (-0.902192486, -0.15625), (-0.735108887, -0.3125), (-0.729461707, -0.15625), (-0.902192486, -0.15625), (-0.907170657, -0.3125), (-0.735108887, -0.3125),
            (-0.729461707, -0.15625), (-0.567337875, -0.3125), (-0.561038368, -0.15625), (-0.729461707, -0.15625), (-0.735108887, -0.3125), (-0.567337875, -0.3125),
            (-0.561038368, -0.15625), (-0.405166477, -0.3125), (-0.398236416, -0.15625), (-0.561038368, -0.15625), (-0.567337875, -0.3125), (-0.405166477, -0.3125),
            (-0.398236416, -0.15625), (-0.2512429, -0.3125), (-0.243714354, -0.15625), (-0.398236416, -0.15625), (-0.405166477, -0.3125), (-0.2512429, -0.3125),
            (-0.243714354, -0.15625), (-0.11664101, -0.3125), (-0.108589106, -0.15625), (-0.243714354, -0.15625), (-0.2512429, -0.3125), (-0.11664101, -0.3125),
            (0.25, -0.296356866), (0.5, -0.30449063), (0.5, -0.193462605), (0.25, -0.185767432), (0.25, -0.296356866), (0.5, -0.193462605),
            (-2.1875, -0.3125), (-1.99915519, -0.46875), (-1.99848281, -0.3125), (-2.1875, -0.3125), (-2.1875, -0.46875), (-1.99915519, -0.46875),
            (-0.357142857, -0.214285714), (-0.535714286, -0.137142857), (-0.535714286, -0.214285714), (-0.357142857, -0.214285714), (-0.357142857, -0.137142857), (-0.535714286, -0.137142857),
            (-1.99848281, -0.3125), (-1.81251707, -0.46875), (-1.8111784, -0.3125), (-1.99848281, -0.3125), (-1.99915519, -0.46875), (-1.81251707, -0.46875),
            (-1.8111784, -0.3125), (-1.62773897, -0.46875), (-1.62574066, -0.3125), (-1.8111784, -0.3125), (-1.81251707, -0.46875), (-1.62773897, -0.46875),
            (-1.62574066, -0.3125), (-1.44500658, -0.46875), (-1.44235593, -0.3125), (-1.62574066, -0.3125), (-1.62773897, -0.46875), (-1.44500658, -0.46875),
            (-1.44235593, -0.3125), (-1.26454974, -0.46875), (-1.26125487, -0.3125), (-1.44235593, -0.3125), (-1.44500658, -0.46875), (-1.26454974, -0.46875),
            (-1.26125487, -0.3125), (-1.08666081, -0.46875), (-1.08273089, -0.3125), (-1.26125487, -0.3125), (-1.26454974, -0.46875), (-1.08666081, -0.46875),
            (-1.08273089, -0.3125), (-0.911725087, -0.46875), (-0.907170657, -0.3125), (-1.08273089, -0.3125), (-1.08666081, -0.46875), (-0.911725087, -0.46875),
            (-0.907170657, -0.3125), (-0.740275381, -0.46875), (-0.735108887, -0.3125), (-0.907170657, -0.3125), (-0.911725087, -0.46875), (-0.740275381, -0.46875),
            (-0.735108887, -0.3125), (-0.57310117, -0.46875), (-0.567337875, -0.3125), (-0.735108887, -0.3125), (-0.740275381, -0.46875), (-0.57310117, -0.46875),
            (-0.567337875, -0.3125), (-0.411506653, -0.46875), (-0.405166477, -0.3125), (-0.567337875, -0.3125), (-0.57310117, -0.46875), (-0.411506653, -0.46875),
            (-0.405166477, -0.3125), (-0.258130618, -0.46875), (-0.2512429, -0.3125), (-0.405166477, -0.3125), (-0.411506653, -0.46875), (-0.258130618, -0.46875),
            (-0.2512429, -0.3125), (-0.124007538, -0.46875), (-0.11664101, -0.3125), (-0.2512429, -0.3125), (-0.258130618, -0.46875), (-0.124007538, -0.46875),
            (0.5, -0.30449063), (0.75, -0.310658061), (0.75, -0.199628804), (0.5, -0.193462605), (0.5, -0.30449063), (0.75, -0.199628804),
            (-2.1875, -0.46875), (-1.99927686, -0.625), (-1.99915519, -0.46875), (-2.1875, -0.46875), (-2.1875, -0.625), (-1.99927686, -0.625),
            (-0.535714286, -0.214285714), (-0.714285714, -0.137142857), (-0.714285714, -0.214285714), (-0.535714286, -0.214285714), (-0.535714286, -0.137142857), (-0.714285714, -0.137142857),
            (-1.99915519, -0.46875), (-1.81275932, -0.625), (-1.81251707, -0.46875), (-1.99915519, -0.46875), (-1.99927686, -0.625), (-1.81275932, -0.625),
            (-1.81251707, -0.46875), (-1.62810059, -0.625), (-1.62773897, -0.46875), (-1.81251707, -0.46875), (-1.81275932, -0.625), (-1.62810059, -0.625),
            (-1.62773897, -0.46875), (-1.44548625, -0.625), (-1.44500658, -0.46875), (-1.62773897, -0.46875), (-1.62810059, -0.625), (-1.44548625, -0.625),
            (-1.44500658, -0.46875), (-1.265146, -0.625), (-1.26454974, -0.46875), (-1.44500658, -0.46875), (-1.44548625, -0.625), (-1.265146, -0.625),
            (-1.26454974, -0.46875), (-1.08737199, -0.625), (-1.08666081, -0.46875), (-1.26454974, -0.46875), (-1.265146, -0.625), (-1.08737199, -0.625),
            (-1.08666081, -0.46875), (-0.912549283, -0.625), (-0.911725087, -0.46875), (-1.08666081, -0.46875), (-1.08737199, -0.625), (-0.912549283, -0.625),
            (-0.911725087, -0.46875), (-0.741210339, -0.625), (-0.740275381, -0.46875), (-0.911725087, -0.46875), (-0.912549283, -0.625), (-0.741210339, -0.625),
            (-0.740275381, -0.46875), (-0.574144128, -0.625), (-0.57310117, -0.46875), (-0.740275381, -0.46875), (-0.741210339, -0.625), (-0.574144128, -0.625),
            (-0.57310117, -0.46875), (-0.412654007, -0.625), (-0.411506653, -0.46875), (-0.57310117, -0.46875), (-0.574144128, -0.625), (-0.412654007, -0.625),
            (-0.411506653, -0.46875), (-0.259377058, -0.625), (-0.258130618, -0.46875), (-0.411506653, -0.46875), (-0.412654007, -0.625), (-0.259377058, -0.625),
            (-0.258130618, -0.46875), (-0.125340627, -0.625), (-0.124007538, -0.46875), (-0.258130618, -0.46875), (-0.259377058, -0.625), (-0.125340627, -0.625),
            (0.75, -0.310658061), (1, -0.310073287), (1, -0.199494116), (0.75, -0.199628804), (0.75, -0.310658061), (1, -0.199494116),
            (-2.1875, -0.625), (-2.00009687, -0.78125), (-1.99927686, -0.625), (-2.1875, -0.625), (-2.1875, -0.78125), (-2.00009687, -0.78125),
            (-0.714285714, -0.214285714), (-0.892857143, -0.137142857), (-0.892857143, -0.214285714), (-0.714285714, -0.214285714), (-0.714285714, -0.137142857), (-0.892857143, -0.137142857),
            (-1.99927686, -0.625), (-1.81439189, -0.78125), (-1.81275932, -0.625), (-1.99927686, -0.625), (-2.00009687, -0.78125), (-1.81439189, -0.78125),
            (-1.81275932, -0.625), (-1.63053764, -0.78125), (-1.62810059, -0.625), (-1.81275932, -0.625), (-1.81439189, -0.78125), (-1.63053764, -0.78125),
            (-1.62810059, -0.625), (-1.44871887, -0.78125), (-1.44548625, -0.625), (-1.62810059, -0.625), (-1.63053764, -0.78125), (-1.44871887, -0.78125),
            (-1.44548625, -0.625), (-1.26916428, -0.78125), (-1.265146, -0.625), (-1.44548625, -0.625), (-1.44871887, -0.78125), (-1.26916428, -0.78125),
            (-1.265146, -0.625), (-1.09216475, -0.78125), (-1.08737199, -0.625), (-1.265146, -0.625), (-1.26916428, -0.78125), (-1.09216475, -0.78125),
            (-1.08737199, -0.625), (-0.918103664, -0.78125), (-0.912549283, -0.625), (-1.08737199, -0.625), (-1.09216475, -0.78125), (-0.918103664, -0.78125),
            (-0.912549283, -0.625), (-0.747511166, -0.78125), (-0.741210339, -0.625), (-0.912549283, -0.625), (-0.918103664, -0.78125), (-0.747511166, -0.78125),
            (-0.741210339, -0.625), (-0.581172786, -0.78125), (-0.574144128, -0.625), (-0.741210339, -0.625), (-0.747511166, -0.78125), (-0.581172786, -0.78125),
            (-0.574144128, -0.625), (-0.420386204, -0.78125), (-0.412654007, -0.625), (-0.574144128, -0.625), (-0.581172786, -0.78125), (-0.420386204, -0.78125),
            (-0.412654007, -0.625), (-0.267777014, -0.78125), (-0.259377058, -0.625), (-0.412654007, -0.625), (-0.420386204, -0.78125), (-0.267777014, -0.78125),
            (-0.259377058, -0.625), (-0.134324519, -0.78125), (-0.125340627, -0.625), (-0.259377058, -0.625), (-0.267777014, -0.78125), (-0.134324519, -0.78125),
            (1, -0.310073287), (1.25, -0.310620216), (1.25, -0.200884215), (1, -0.199494116), (1, -0.310073287), (1.25, -0.200884215),
            (-2.1875, -0.78125), (-2.0002503, -0.9375), (-2.00009687, -0.78125), (-2.1875, -0.78125), (-2.1875, -0.9375), (-2.0002503, -0.9375),
            (-0.892857143, -0.214285714), (-1.07142857, -0.137142857), (-1.07142857, -0.214285714), (-0.892857143, -0.214285714), (-0.892857143, -0.137142857), (-1.07142857, -0.137142857),
            (-2.00009687, -0.78125), (-1.81469738, -0.9375), (-1.81439189, -0.78125), (-2.00009687, -0.78125), (-2.0002503, -0.9375), (-1.81469738, -0.9375),
            (-1.81439189, -0.78125), (-1.63099366, -0.9375), (-1.63053764, -0.78125), (-1.81439189, -0.78125), (-1.81469738, -0.9375), (-1.63099366, -0.9375),
            (-1.63053764, -0.78125), (-1.44932375, -0.9375), (-1.44871887, -0.78125), (-1.63053764, -0.78125), (-1.63099366, -0.9375), (-1.44932375, -0.9375),
            (-1.44871887, -0.78125), (-1.26991617, -0.9375), (-1.26916428, -0.78125), (-1.44871887, -0.78125), (-1.44932375, -0.9375), (-1.26991617, -0.9375),
            (-1.26916428, -0.78125), (-1.09306156, -0.9375), (-1.09216475, -0.78125), (-1.26916428, -0.78125), (-1.26991617, -0.9375), (-1.09306156, -0.9375),
            (-1.09216475, -0.78125), (-0.91914299, -0.9375), (-0.918103664, -0.78125), (-1.09216475, -0.78125), (-1.09306156, -0.9375), (-0.91914299, -0.9375),
            (-0.918103664, -0.78125), (-0.748690166, -0.9375), (-0.747511166, -0.78125), (-0.918103664, -0.78125), (-0.91914299, -0.9375), (-0.748690166, -0.9375),
            (-0.747511166, -0.78125), (-0.582487978, -0.9375), (-0.581172786, -0.78125), (-0.747511166, -0.78125), (-0.748690166, -0.9375), (-0.582487978, -0.9375),
            (-0.581172786, -0.78125), (-0.421833041, -0.9375), (-0.420386204, -0.78125), (-0.581172786, -0.78125), (-0.582487978, -0.9375), (-0.421833041, -0.9375),
            (-0.420386204, -0.78125), (-0.2693488, -0.9375), (-0.267777014, -0.78125), (-0.420386204, -0.78125), (-0.421833041, -0.9375), (-0.2693488, -0.9375),
            (-0.267777014, -0.78125), (-0.13600557, -0.9375), (-0.134324519, -0.78125), (-0.267777014, -0.78125), (-0.2693488, -0.9375), (-0.13600557, -0.9375),
            (1.25, -0.310620216), (1.5, -0.314429033), (1.5, -0.205807189), (1.25, -0.200884215), (1.25, -0.310620216), (1.5, -0.205807189),
            (-2.1875, -0.9375), (-1.99876887, -1.09375), (-2.0002503, -0.9375), (-2.1875, -0.9375), (-2.1875, -1.09375), (-1.99876887, -1.09375),
            (-1.07142857, -0.214285714), (-1.25, -0.137142857), (-1.25, -0.214285714), (-1.07142857, -0.214285714), (-1.07142857, -0.137142857), (-1.25, -0.137142857),
            (-2.0002503, -0.9375), (-1.81174793, -1.09375), (-1.81469738, -0.9375), (-2.0002503, -0.9375), (-1.99876887, -1.09375), (-1.81174793, -1.09375),
            (-1.81469738, -0.9375), (-1.62659082, -1.09375), (-1.63099366, -0.9375), (-1.81469738, -0.9375), (-1.81174793, -1.09375), (-1.62659082, -1.09375),
            (-1.63099366, -0.9375), (-1.44348362, -1.09375), (-1.44932375, -0.9375), (-1.63099366, -0.9375), (-1.62659082, -1.09375), (-1.44348362, -1.09375),
            (-1.44932375, -0.9375), (-1.26265665, -1.09375), (-1.26991617, -0.9375), (-1.44932375, -0.9375), (-1.44348362, -1.09375), (-1.26265665, -1.09375),
            (-1.26991617, -0.9375), (-1.08440284, -1.09375), (-1.09306156, -0.9375), (-1.26991617, -0.9375), (-1.26265665, -1.09375), (-1.08440284, -1.09375),
            (-1.09306156, -0.9375), (-0.909108303, -1.09375), (-0.91914299, -0.9375), (-1.09306156, -0.9375), (-1.08440284, -1.09375), (-0.909108303, -1.09375),
            (-0.91914299, -0.9375), (-0.73730693, -1.09375), (-0.748690166, -0.9375), (-0.91914299, -0.9375), (-0.909108303, -1.09375), (-0.73730693, -1.09375),
            (-0.748690166, -0.9375), (-0.569789822, -1.09375), (-0.582487978, -0.9375), (-0.748690166, -0.9375), (-0.73730693, -1.09375), (-0.569789822, -1.09375),
            (-0.582487978, -0.9375), (-0.407863854, -1.09375), (-0.421833041, -0.9375), (-0.582487978, -0.9375), (-0.569789822, -1.09375), (-0.407863854, -1.09375),
            (-0.421833041, -0.9375), (-0.254173224, -1.09375), (-0.2693488, -0.9375), (-0.421833041, -0.9375), (-0.407863854, -1.09375), (-0.254173224, -1.09375),
            (-0.2693488, -0.9375), (-0.11977504, -1.09375), (-0.13600557, -0.9375), (-0.2693488, -0.9375), (-0.254173224, -1.09375), (-0.11977504, -1.09375),
            (1.5, -0.314429033), (1.75, -0.310825941), (1.75, -0.203422417), (1.5, -0.205807189), (1.5, -0.314429033), (1.75, -0.203422417),
            (-2.1875, -1.09375), (-1.99807862, -1.25), (-1.99876887, -1.09375), (-2.1875, -1.09375), (-2.1875, -1.25), (-1.99807862, -1.25),
            (-1.25, -0.214285714), (-1.42857143, -0.137142857), (-1.42857143, -0.214285714), (-1.25, -0.214285714), (-1.25, -0.137142857), (-1.42857143, -0.137142857),
            (-1.99876887, -1.09375), (-1.81037368, -1.25), (-1.81174793, -1.09375), (-1.99876887, -1.09375), (-1.99807862, -1.25), (-1.81037368, -1.25),
            (-1.81174793, -1.09375), (-1.62453939, -1.25), (-1.62659082, -1.09375), (-1.81174793, -1.09375), (-1.81037368, -1.25), (-1.62453939, -1.25),
            (-1.62659082, -1.09375), (-1.44076251, -1.25), (-1.44348362, -1.09375), (-1.62659082, -1.09375), (-1.62453939, -1.25), (-1.44076251, -1.25),
            (-1.44348362, -1.09375), (-1.25927419, -1.25), (-1.26265665, -1.09375), (-1.44348362, -1.09375), (-1.44076251, -1.25), (-1.25927419, -1.25),
            (-1.26265665, -1.09375), (-1.08036846, -1.25), (-1.08440284, -1.09375), (-1.26265665, -1.09375), (-1.25927419, -1.25), (-1.08036846, -1.25),
            (-1.08440284, -1.09375), (-0.904432807, -1.25), (-0.909108303, -1.09375), (-1.08440284, -1.09375), (-1.08036846, -1.25), (-0.904432807, -1.25),
            (-0.909108303, -1.09375), (-0.7320031, -1.25), (-0.73730693, -1.09375), (-0.909108303, -1.09375), (-0.904432807, -1.25), (-0.7320031, -1.25),
            (-0.73730693, -1.09375), (-0.563873328, -1.25), (-0.569789822, -1.09375), (-0.73730693, -1.09375), (-0.7320031, -1.25), (-0.563873328, -1.25),
            (-0.569789822, -1.09375), (-0.401355143, -1.25), (-0.407863854, -1.09375), (-0.569789822, -1.09375), (-0.563873328, -1.25), (-0.401355143, -1.25),
            (-0.407863854, -1.09375), (-0.247102416, -1.25), (-0.254173224, -1.09375), (-0.407863854, -1.09375), (-0.401355143, -1.25), (-0.247102416, -1.25),
            (-0.254173224, -1.09375), (-0.112212694, -1.25), (-0.11977504, -1.09375), (-0.254173224, -1.09375), (-0.247102416, -1.25), (-0.112212694, -1.25),
            (1.75, -0.310825941), (2, -0.295360088), (2, -0.189094268), (1.75, -0.203422417), (1.75, -0.310825941), (2, -0.189094268),
            (-2.1875, -1.25), (-1.99885421, -1.40625), (-1.99807862, -1.25), (-2.1875, -1.25), (-2.1875, -1.40625), (-1.99885421, -1.40625),
            (-1.42857143, -0.214285714), (-1.60714286, -0.137142857), (-1.60714286, -0.214285714), (-1.42857143, -0.214285714), (-1.42857143, -0.137142857), (-1.60714286, -0.137142857),
            (-1.99807862, -1.25), (-1.81191785, -1.40625), (-1.81037368, -1.25), (-1.99807862, -1.25), (-1.99885421, -1.40625), (-1.81191785, -1.40625),
            (-1.81037368, -1.25), (-1.62684447, -1.40625), (-1.62453939, -1.25), (-1.81037368, -1.25), (-1.81191785, -1.40625), (-1.62684447, -1.40625),
            (-1.62453939, -1.25), (-1.44382007, -1.40625), (-1.44076251, -1.25), (-1.62453939, -1.25), (-1.62684447, -1.40625), (-1.44382007, -1.40625),
            (-1.44076251, -1.25), (-1.26307487, -1.40625), (-1.25927419, -1.25), (-1.44076251, -1.25), (-1.44382007, -1.40625), (-1.26307487, -1.40625),
            (-1.25927419, -1.25), (-1.08490167, -1.40625), (-1.08036846, -1.25), (-1.25927419, -1.25), (-1.26307487, -1.40625), (-1.08490167, -1.40625),
            (-1.08036846, -1.25), (-0.9096864, -1.40625), (-0.904432807, -1.25), (-1.08036846, -1.25), (-1.08490167, -1.40625), (-0.9096864, -1.40625),
            (-0.904432807, -1.25), (-0.737962718, -1.40625), (-0.7320031, -1.25), (-0.904432807, -1.25), (-0.9096864, -1.40625), (-0.737962718, -1.40625),
            (-0.7320031, -1.25), (-0.570521362, -1.40625), (-0.563873328, -1.25), (-0.7320031, -1.25), (-0.737962718, -1.40625), (-0.570521362, -1.40625),
            (-0.563873328, -1.25), (-0.408668618, -1.40625), (-0.401355143, -1.25), (-0.563873328, -1.25), (-0.570521362, -1.40625), (-0.408668618, -1.40625),
            (-0.401355143, -1.25), (-0.255047488, -1.40625), (-0.247102416, -1.25), (-0.401355143, -1.25), (-0.408668618, -1.40625), (-0.255047488, -1.40625),
            (-0.247102416, -1.25), (-0.12071008, -1.40625), (-0.112212694, -1.25), (-0.247102416, -1.25), (-0.255047488, -1.40625), (-0.12071008, -1.40625),
            (2, -0.295360088), (2.25, -0.280659353), (2.25, -0.175277811), (2, -0.189094268), (2, -0.295360088), (2.25, -0.175277811),
            (2.28440481, -0.2131705), (2.5, -0.214285714), (2.28557835, -0.136083579), (2.5, -0.214285714), (2.5, -0.137142857), (2.28557835, -0.136083579),
            (2.07076325, -0.21222704), (2.28440481, -0.2131705), (2.07309968, -0.135240946), (2.28440481, -0.2131705), (2.28557835, -0.136083579), (2.07309968, -0.135240946),
            (1.85925082, -0.21139543), (2.07076325, -0.21222704), (1.86273856, -0.134571835), (2.07076325, -0.21222704), (2.07309968, -0.135240946), (1.86273856, -0.134571835),
            (1.65008008, -0.210569141), (1.85925082, -0.21139543), (1.65470639, -0.133973335), (1.85925082, -0.21139543), (1.86273856, -0.134571835), (1.65470639, -0.133973335),
            (1.44351414, -0.209626791), (1.65008008, -0.210569141), (1.44926482, -0.133313189), (1.65008008, -0.210569141), (1.65470639, -0.133973335), (1.44926482, -0.133313189),
            (1.23988762, -0.208471539), (1.44351414, -0.209626791), (1.2467467, -0.132470563), (1.44351414, -0.209626791), (1.44926482, -0.133313189), (1.2467467, -0.132470563),
            (1.0396416, -0.207067536), (1.23988762, -0.208471539), (1.04759066, -0.131376319), (1.23988762, -0.208471539), (1.2467467, -0.132470563), (1.04759066, -0.131376319),
            (0.843385963, -0.205463014), (1.0396416, -0.207067536), (0.852403284, -0.130041702), (1.0396416, -0.207067536), (1.04759066, -0.131376319), (0.852403284, -0.130041702),
            (0.652024414, -0.203792644), (0.843385963, -0.205463014), (0.662083359, -0.128567052), (0.843385963, -0.205463014), (0.852403284, -0.130041702), (0.662083359, -0.128567052),
            (0.467049849, -0.202256907), (0.652024414, -0.203792644), (0.478115651, -0.127127155), (0.652024414, -0.203792644), (0.662083359, -0.128567052), (0.478115651, -0.127127155),
            (0.291482843, -0.201082243), (0.467049849, -0.202256907), (0.303504296, -0.125935901), (0.467049849, -0.202256907), (0.478115651, -0.127127155), (0.303504296, -0.125935901),
            (0.137954377, -0.200470966), (0.291482843, -0.201082243), (0.15081152, -0.125198437), (0.291482843, -0.201082243), (0.303504296, -0.125935901), (0.15081152, -0.125198437),
            (-2.5, -0.137142857), (-2.28779986, -0.137006618), (-2.28988614, 0.000463596452), (1.60714286, -0.137142857), (1.42857143, 0), (1.42857143, -0.137142857),
            (-2.5, -0.137142857), (-2.28988614, 0.000463596452), (-2.5, 0), (1.60714286, -0.137142857), (1.60714286, 0), (1.42857143, 0),
            (-2.28779986, -0.137006618), (-2.07752258, -0.136752721), (-2.08167623, 0.00104333941), (-2.28779986, -0.137006618), (-2.08167623, 0.00104333941), (-2.28988614, 0.000463596452),
            (-2.07752258, -0.136752721), (-1.8693409, -0.136486913), (-1.87554133, 0.00157387484), (-2.07752258, -0.136752721), (-1.87554133, 0.00157387484), (-2.08167623, 0.00104333941),
            (-1.8693409, -0.136486913), (-1.66346404, -0.136322354), (-1.67168858, 0.00189235695), (-1.8693409, -0.136486913), (-1.67168858, 0.00189235695), (-1.87554133, 0.00157387484),
            (-1.66346404, -0.136322354), (-1.46015095, -0.136343553), (-1.4703744, 0.00188377472), (-1.66346404, -0.136322354), (-1.4703744, 0.00188377472), (-1.67168858, 0.00189235695),
            (-1.46015095, -0.136343553), (-1.25973101, -0.136578839), (-1.27192492, 0.00151429201), (-1.46015095, -0.136343553), (-1.27192492, 0.00151429201), (-1.4703744, 0.00188377472),
            (-1.25973101, -0.136578839), (-1.06263832, -0.136989124), (-1.07676998, 0.000843752086), (-1.25973101, -0.136578839), (-1.07676998, 0.000843752086), (-1.27192492, 0.00151429201),
            (-1.06263832, -0.136989124), (-0.869473185, -0.137476218), (-0.885503977, 1.38616696e-05), (-1.06263832, -0.136989124), (-0.885503977, 1.38616696e-05), (-1.07676998, 0.000843752086),
            (-0.869473185, -0.137476218), (-0.681125066, -0.137908519), (-0.699007634, -0.000785151815), (-0.869473185, -0.137476218), (-0.699007634, -0.000785151815), (-0.885503977, 1.38616696e-05),
            (-0.681125066, -0.137908519), (-0.499063353, -0.138157093), (-0.518735891, -0.00136104058), (-0.681125066, -0.137908519), (-0.518735891, -0.00136104058), (-0.699007634, -0.000785151815),
            (-0.499063353, -0.138157093), (-0.326261056, -0.138132225), (-0.347632528, -0.00156739157), (-0.499063353, -0.138157093), (-0.347632528, -0.00156739157), (-0.518735891, -0.00136104058),
            (-0.326261056, -0.138132225), (-0.175150251, -0.137810275), (-0.198007394, -0.00134062846), (-0.326261056, -0.138132225), (-0.198007394, -0.00134062846), (-0.347632528, -0.00156739157),
            (-2.25, -0.192934385), (-2, -0.180154361), (-2, 0.00957218996), (-2.25, -0.00187687984), (-2.25, -0.192934385), (-2, 0.00957218996),
            (1.42857143, -0.137142857), (1.25, 0), (1.25, -0.137142857), (1.42857143, -0.137142857), (1.42857143, 0), (1.25, 0),
            (-2, -0.180154361), (-1.75, -0.179145927), (-1.75, 0.00947624207), (-2, 0.00957218996), (-2, -0.180154361), (-1.75, 0.00947624207),
            (1.25, -0.137142857), (1.07142857, 0), (1.07142857, -0.137142857), (1.25, -0.137142857), (1.25, 0), (1.07142857, 0),
            (-1.75, -0.179145927), (-1.5, -0.18495285), (-1.5, 0.00301668831), (-1.75, 0.00947624207), (-1.75, -0.179145927), (-1.5, 0.00301668831),
            (1.07142857, -0.137142857), (0.892857143, 0), (0.892857143, -0.137142857), (1.07142857, -0.137142857), (1.07142857, 0), (0.892857143, 0),
            (-1.5, -0.18495285), (-1.25, -0.186705041), (-1.25, 0.00122231706), (-1.5, 0.00301668831), (-1.5, -0.18495285), (-1.25, 0.00122231706),
            (0.892857143, -0.137142857), (0.714285714, 0), (0.714285714, -0.137142857), (0.892857143, -0.137142857), (0.892857143, 0), (0.714285714, 0),
            (-1.25, -0.186705041), (-1, -0.186574832), (-1, 0.00198073406), (-1.25, 0.00122231706), (-1.25, -0.186705041), (-1, 0.00198073406),
            (0.714285714, -0.137142857), (0.535714286, 0), (0.535714286, -0.137142857), (0.714285714, -0.137142857), (0.714285714, 0), (0.535714286, 0),
            (-1, -0.186574832), (-0.75, -0.192494469), (-0.75, -0.00269473448), (-1, 0.00198073406), (-1, -0.186574832), (-0.75, -0.00269473448),
            (0.535714286, -0.137142857), (0.357142857, 0), (0.357142857, -0.137142857), (0.535714286, -0.137142857), (0.535714286, 0), (0.357142857, 0),
            (-0.75, -0.192494469), (-0.5, -0.19977543), (-0.5, -0.00828004528), (-0.75, -0.00269473448), (-0.75, -0.192494469), (-0.5, -0.00828004528),
            (0.357142857, -0.137142857), (0.178571429, 0), (0.178571429, -0.137142857), (0.357142857, -0.137142857), (0.357142857, 0), (0.178571429, 0),
            (-0.5, -0.19977543), (-0.25, -0.197273773), (-0.25, -0.00388182378), (-0.5, -0.00828004528), (-0.5, -0.19977543), (-0.25, -0.00388182378),
            (0.178571429, -0.137142857), (-0, 0), (-0, -0.137142857), (0.178571429, -0.137142857), (0.178571429, 0), (-0, 0),
            (-0.25, -0.197273773), (0, -0.187925285), (0, 0.00726733914), (-0.25, -0.00388182378), (-0.25, -0.197273773), (0, 0.00726733914),
            (-0, -0.137142857), (-0.178571429, 0), (-0.178571429, -0.137142857), (-0, -0.137142857), (-0, 0), (-0.178571429, 0),
            (0, -0.187925285), (0.25, -0.185767432), (0.25, 0.0108360072), (0, 0.00726733914), (0, -0.187925285), (0.25, 0.0108360072),
            (-0.178571429, -0.137142857), (-0.357142857, 0), (-0.357142857, -0.137142857), (-0.178571429, -0.137142857), (-0.178571429, 0), (-0.357142857, 0),
            (0.25, -0.185767432), (0.5, -0.193462605), (0.5, 0.0039205517), (0.25, 0.0108360072), (0.25, -0.185767432), (0.5, 0.0039205517),
            (-0.357142857, -0.137142857), (-0.535714286, 0), (-0.535714286, -0.137142857), (-0.357142857, -0.137142857), (-0.357142857, 0), (-0.535714286, 0),
            (0.5, -0.193462605), (0.75, -0.199628804), (0.75, -0.00224345912), (0.5, 0.0039205517), (0.5, -0.193462605), (0.75, -0.00224345912),
            (-0.535714286, -0.137142857), (-0.714285714, 0), (-0.714285714, -0.137142857), (-0.535714286, -0.137142857), (-0.535714286, 0), (-0.714285714, 0),
            (0.75, -0.199628804), (1, -0.199494116), (1, -0.00290892248), (0.75, -0.00224345912), (0.75, -0.199628804), (1, -0.00290892248),
            (-0.714285714, -0.137142857), (-0.892857143, 0), (-0.892857143, -0.137142857), (-0.714285714, -0.137142857), (-0.714285714, 0), (-0.892857143, 0),
            (1, -0.199494116), (1.25, -0.200884215), (1.25, -0.00579798956), (1, -0.00290892248), (1, -0.199494116), (1.25, -0.00579798956),
            (-0.892857143, -0.137142857), (-1.07142857, 0), (-1.07142857, -0.137142857), (-0.892857143, -0.137142857), (-0.892857143, 0), (-1.07142857, 0),
            (1.25, -0.200884215), (1.5, -0.205807189), (1.5, -0.0127016894), (1.25, -0.00579798956), (1.25, -0.200884215), (1.5, -0.0127016894),
            (-1.07142857, -0.137142857), (-1.25, 0), (-1.25, -0.137142857), (-1.07142857, -0.137142857), (-1.07142857, 0), (-1.25, 0),
            (1.5, -0.205807189), (1.75, -0.203422417), (1.75, -0.0124828194), (1.5, -0.0127016894), (1.5, -0.205807189), (1.75, -0.0124828194),
            (-1.25, -0.137142857), (-1.42857143, 0), (-1.42857143, -0.137142857), (-1.25, -0.137142857), (-1.25, 0), (-1.42857143, 0),
            (1.75, -0.203422417), (2, -0.189094268), (2, -0.000177255227), (1.75, -0.0124828194), (1.75, -0.203422417), (2, -0.000177255227),
            (-1.42857143, -0.137142857), (-1.60714286, 0), (-1.60714286, -0.137142857), (-1.42857143, -0.137142857), (-1.42857143, 0), (-1.60714286, 0),
            (2, -0.189094268), (2.25, -0.175277811), (2.25, 0.0120671512), (2, -0.000177255227), (2, -0.189094268), (2.25, 0.0120671512),
            (2.28557835, -0.136083579), (2.5, -0.137142857), (2.28766463, 0.000959834755), (2.5, -0.137142857), (2.5, 0), (2.28766463, 0.000959834755),
            (2.07309968, -0.135240946), (2.28557835, -0.136083579), (2.07725334, 0.00162322246), (2.28557835, -0.136083579), (2.28766463, 0.000959834755), (2.07725334, 0.00162322246),
            (1.86273856, -0.134571835), (2.07309968, -0.135240946), (1.86893899, 0.00200344533), (2.07309968, -0.135240946), (2.07725334, 0.00162322246), (1.86893899, 0.00200344533),
            (1.65470639, -0.133973335), (1.86273856, -0.134571835), (1.66293093, 0.00219698742), (1.86273856, -0.134571835), (1.86893899, 0.00200344533), (1.66293093, 0.00219698742),
            (1.44926482, -0.133313189), (1.65470639, -0.133973335), (1.45948827, 0.0023554377), (1.65470639, -0.133973335), (1.66293093, 0.00219698742), (1.45948827, 0.0023554377),
            (1.2467467, -0.132470563), (1.44926482, -0.133313189), (1.25894061, 0.00264228423), (1.44926482, -0.133313189), (1.45948827, 0.0023554377), (1.25894061, 0.00264228423),
            (1.04759066, -0.131376319), (1.2467467, -0.132470563), (1.06172232, 0.00318584414), (1.2467467, -0.132470563), (1.25894061, 0.00264228423), (1.06172232, 0.00318584414),
            (0.852403284, -0.130041702), (1.04759066, -0.131376319), (0.868434077, 0.00404063022), (1.04759066, -0.131376319), (1.06172232, 0.00318584414), (0.868434077, 0.00404063022),
            (0.662083359, -0.128567052), (0.852403284, -0.130041702), (0.679965927, 0.00516733391), (0.852403284, -0.130041702), (0.868434077, 0.00404063022), (0.679965927, 0.00516733391),
            (0.478115651, -0.127127155), (0.662083359, -0.128567052), (0.497788189, 0.00643684918), (0.662083359, -0.128567052), (0.679965927, 0.00516733391), (0.497788189, 0.00643684918),
            (0.303504296, -0.125935901), (0.478115651, -0.127127155), (0.324875768, 0.00765759405), (0.478115651, -0.127127155), (0.497788189, 0.00643684918), (0.324875768, 0.00765759405),
            (0.15081152, -0.125198437), (0.303504296, -0.125935901), (0.173668663, 0.0086193937), (0.303504296, -0.125935901), (0.324875768, 0.00765759405), (0.173668663, 0.0086193937),
            (-2.5, 0), (-2.28988614, 0.000463596452), (-2.29197242, 0.137933811), (1.60714286, 0), (1.42857143, 0.137142857), (1.42857143, 0),
            (-2.5, 0), (-2.29197242, 0.137933811), (-2.5, 0.137142857), (1.60714286, 0), (1.60714286, 0.137142857), (1.42857143, 0.137142857),
            (-2.28988614, 0.000463596452), (-2.08167623, 0.00104333941), (-2.08582989, 0.138839399), (-2.28988614, 0.000463596452), (-2.08582989, 0.138839399), (-2.29197242, 0.137933811),
            (-2.08167623, 0.00104333941), (-1.87554133, 0.00157387484), (-1.88174176, 0.139634663), (-2.08167623, 0.00104333941), (-1.88174176, 0.139634663), (-2.08582989, 0.138839399),
            (-1.87554133, 0.00157387484), (-1.67168858, 0.00189235695), (-1.67991312, 0.140107068), (-1.87554133, 0.00157387484), (-1.67991312, 0.140107068), (-1.88174176, 0.139634663),
            (-1.67168858, 0.00189235695), (-1.4703744, 0.00188377472), (-1.48059784, 0.140111102), (-1.67168858, 0.00189235695), (-1.48059784, 0.140111102), (-1.67991312, 0.140107068),
            (-1.4703744, 0.00188377472), (-1.27192492, 0.00151429201), (-1.28411883, 0.139607423), (-1.4703744, 0.00188377472), (-1.28411883, 0.139607423), (-1.48059784, 0.140111102),
            (-1.27192492, 0.00151429201), (-1.07676998, 0.000843752086), (-1.09090164, 0.138676628), (-1.27192492, 0.00151429201), (-1.09090164, 0.138676628), (-1.28411883, 0.139607423),
            (-1.07676998, 0.000843752086), (-0.885503977, 1.38616696e-05), (-0.90153477, 0.137503941), (-1.07676998, 0.000843752086), (-0.90153477, 0.137503941), (-1.09090164, 0.138676628),
            (-0.885503977, 1.38616696e-05), (-0.699007634, -0.000785151815), (-0.716890202, 0.136338215), (-0.885503977, 1.38616696e-05), (-0.716890202, 0.136338215), (-0.90153477, 0.137503941),
            (-0.699007634, -0.000785151815), (-0.518735891, -0.00136104058), (-0.538408429, 0.135435012), (-0.699007634, -0.000785151815), (-0.538408429, 0.135435012), (-0.716890202, 0.136338215),
            (-0.518735891, -0.00136104058), (-0.347632528, -0.00156739157), (-0.369004, 0.134997442), (-0.518735891, -0.00136104058), (-0.369004, 0.134997442), (-0.538408429, 0.135435012),
            (-0.347632528, -0.00156739157), (-0.198007394, -0.00134062846), (-0.220864537, 0.135129018), (-0.347632528, -0.00156739157), (-0.220864537, 0.135129018), (-0.369004, 0.134997442),
            (-2.25, -0.00187687984), (-2, 0.00957218996), (-2, 0.199298741), (-2.25, 0.189180625), (-2.25, -0.00187687984), (-2, 0.199298741),
            (1.42857143, 0), (1.25, 0.137142857), (1.25, 0), (1.42857143, 0), (1.42857143, 0.137142857), (1.25, 0.137142857),
            (-2, 0.00957218996), (-1.75, 0.00947624207), (-1.75, 0.198098411), (-2, 0.199298741), (-2, 0.00957218996), (-1.75, 0.198098411),
            (1.25, 0), (1.07142857, 0.137142857), (1.07142857, 0), (1.25, 0), (1.25, 0.137142857), (1.07142857, 0.137142857),
            (-1.75, 0.00947624207), (-1.5, 0.00301668831), (-1.5, 0.190986227), (-1.75, 0.198098411), (-1.75, 0.00947624207), (-1.5, 0.190986227),
            (1.07142857, 0), (0.892857143, 0.137142857), (0.892857143, 0), (1.07142857, 0), (1.07142857, 0.137142857), (0.892857143, 0.137142857),
            (-1.5, 0.00301668831), (-1.25, 0.00122231706), (-1.25, 0.189149676), (-1.5, 0.190986227), (-1.5, 0.00301668831), (-1.25, 0.189149676),
            (0.892857143, 0), (0.714285714, 0.137142857), (0.714285714, 0), (0.892857143, 0), (0.892857143, 0.137142857), (0.714285714, 0.137142857),
            (-1.25, 0.00122231706), (-1, 0.00198073406), (-1, 0.1905363), (-1.25, 0.189149676), (-1.25, 0.00122231706), (-1, 0.1905363),
            (0.714285714, 0), (0.535714286, 0.137142857), (0.535714286, 0), (0.714285714, 0), (0.714285714, 0.137142857), (0.535714286, 0.137142857),
            (-1, 0.00198073406), (-0.75, -0.00269473448), (-0.75, 0.187105), (-1, 0.1905363), (-1, 0.00198073406), (-0.75, 0.187105),
            (0.535714286, 0), (0.357142857, 0.137142857), (0.357142857, 0), (0.535714286, 0), (0.535714286, 0.137142857), (0.357142857, 0.137142857),
            (-0.75, -0.00269473448), (-0.5, -0.00828004528), (-0.5, 0.183215339), (-0.75, 0.187105), (-0.75, -0.00269473448), (-0.5, 0.183215339),
            (0.357142857, 0), (0.178571429, 0.137142857), (0.178571429, 0), (0.357142857, 0), (0.357142857, 0.137142857), (0.178571429, 0.137142857),
            (-0.5, -0.00828004528), (-0.25, -0.00388182378), (-0.25, 0.189510125), (-0.5, 0.183215339), (-0.5, -0.00828004528), (-0.25, 0.189510125),
            (0.178571429, 0), (-0, 0.137142857), (-0, 0), (0.178571429, 0), (0.178571429, 0.137142857), (-0, 0.137142857),
            (-0.25, -0.00388182378), (0, 0.00726733914), (0, 0.202459964), (-0.25, 0.189510125), (-0.25, -0.00388182378), (0, 0.202459964),
            (-0, 0), (-0.178571429, 0.137142857), (-0.178571429, 0), (-0, 0), (-0, 0.137142857), (-0.178571429, 0.137142857),
            (0, 0.00726733914), (0.25, 0.0108360072), (0.25, 0.207439446), (0, 0.202459964), (0, 0.00726733914), (0.25, 0.207439446),
            (-0.178571429, 0), (-0.357142857, 0.137142857), (-0.357142857, 0), (-0.178571429, 0), (-0.178571429, 0.137142857), (-0.357142857, 0.137142857),
            (0.25, 0.0108360072), (0.5, 0.0039205517), (0.5, 0.201303708), (0.25, 0.207439446), (0.25, 0.0108360072), (0.5, 0.201303708),
            (-0.357142857, 0), (-0.535714286, 0.137142857), (-0.535714286, 0), (-0.357142857, 0), (-0.357142857, 0.137142857), (-0.535714286, 0.137142857),
            (0.5, 0.0039205517), (0.75, -0.00224345912), (0.75, 0.195141886), (0.5, 0.201303708), (0.5, 0.0039205517), (0.75, 0.195141886),
            (-0.535714286, 0), (-0.714285714, 0.137142857), (-0.714285714, 0), (-0.535714286, 0), (-0.535714286, 0.137142857), (-0.714285714, 0.137142857),
            (0.75, -0.00224345912), (1, -0.00290892248), (1, 0.193676271), (0.75, 0.195141886), (0.75, -0.00224345912), (1, 0.193676271),
            (-0.714285714, 0), (-0.892857143, 0.137142857), (-0.892857143, 0), (-0.714285714, 0), (-0.714285714, 0.137142857), (-0.892857143, 0.137142857),
            (1, -0.00290892248), (1.25, -0.00579798956), (1.25, 0.189288236), (1, 0.193676271), (1, -0.00290892248), (1.25, 0.189288236),
            (-0.892857143, 0), (-1.07142857, 0.137142857), (-1.07142857, 0), (-0.892857143, 0), (-0.892857143, 0.137142857), (-1.07142857, 0.137142857),
            (1.25, -0.00579798956), (1.5, -0.0127016894), (1.5, 0.180403811), (1.25, 0.189288236), (1.25, -0.00579798956), (1.5, 0.180403811),
            (-1.07142857, 0), (-1.25, 0.137142857), (-1.25, 0), (-1.07142857, 0), (-1.07142857, 0.137142857), (-1.25, 0.137142857),
            (1.5, -0.0127016894), (1.75, -0.0124828194), (1.75, 0.178456778), (1.5, 0.180403811), (1.5, -0.0127016894), (1.75, 0.178456778),
            (-1.25, 0), (-1.42857143, 0.137142857), (-1.42857143, 0), (-1.25, 0), (-1.25, 0.137142857), (-1.42857143, 0.137142857),
            (1.75, -0.0124828194), (2, -0.000177255227), (2, 0.188739758), (1.75, 0.178456778), (1.75, -0.0124828194), (2, 0.188739758),
            (-1.42857143, 0), (-1.60714286, 0.137142857), (-1.60714286, 0), (-1.42857143, 0), (-1.42857143, 0.137142857), (-1.60714286, 0.137142857),
            (2, -0.000177255227), (2.25, 0.0120671512), (2.25, 0.199412114), (2, 0.188739758), (2, -0.000177255227), (2.25, 0.199412114),
            (2.28766463, 0.000959834755), (2.5, 0), (2.28975091, 0.138003249), (2.5, 0), (2.5, 0.137142857), (2.28975091, 0.138003249),
            (2.07725334, 0.00162322246), (2.28766463, 0.000959834755), (2.081407, 0.138487391), (2.28766463, 0.000959834755), (2.28975091, 0.138003249), (2.081407, 0.138487391),
            (1.86893899, 0.00200344533), (2.07725334, 0.00162322246), (1.87513942, 0.138578725), (2.07725334, 0.00162322246), (2.081407, 0.138487391), (1.87513942, 0.138578725),
            (1.66293093, 0.00219698742), (1.86893899, 0.00200344533), (1.67115547, 0.13836731), (1.86893899, 0.00200344533), (1.87513942, 0.138578725), (1.67115547, 0.13836731),
            (1.45948827, 0.0023554377), (1.66293093, 0.00219698742), (1.46971172, 0.138024064), (1.66293093, 0.00219698742), (1.67115547, 0.13836731), (1.46971172, 0.138024064),
            (1.25894061, 0.00264228423), (1.45948827, 0.0023554377), (1.27113451, 0.137755131), (1.45948827, 0.0023554377), (1.46971172, 0.138024064), (1.27113451, 0.137755131),
            (1.06172232, 0.00318584414), (1.25894061, 0.00264228423), (1.07585397, 0.137748007), (1.25894061, 0.00264228423), (1.27113451, 0.137755131), (1.07585397, 0.137748007),
            (0.868434077, 0.00404063022), (1.06172232, 0.00318584414), (0.884464869, 0.138122963), (1.06172232, 0.00318584414), (1.07585397, 0.137748007), (0.884464869, 0.138122963),
            (0.679965927, 0.00516733391), (0.868434077, 0.00404063022), (0.697848495, 0.13890172), (0.868434077, 0.00404063022), (0.884464869, 0.138122963), (0.697848495, 0.13890172),
            (0.497788189, 0.00643684918), (0.679965927, 0.00516733391), (0.517460727, 0.140000853), (0.679965927, 0.00516733391), (0.697848495, 0.13890172), (0.517460727, 0.140000853),
            (0.324875768, 0.00765759405), (0.497788189, 0.00643684918), (0.34624724, 0.141251089), (0.497788189, 0.00643684918), (0.517460727, 0.140000853), (0.34624724, 0.141251089),
            (0.173668663, 0.0086193937), (0.324875768, 0.00765759405), (0.196525806, 0.142437224), (0.324875768, 0.00765759405), (0.34624724, 0.141251089), (0.196525806, 0.142437224),
            (-2.5, 0.137142857), (-2.29197242, 0.137933811), (-2.29314595, 0.215260807), (1.60714286, 0.137142857), (1.42857143, 0.214285714), (1.42857143, 0.137142857),
            (-2.5, 0.137142857), (-2.29314595, 0.215260807), (-2.5, 0.214285714), (1.60714286, 0.137142857), (1.60714286, 0.214285714), (1.42857143, 0.214285714),
            (-2.29197242, 0.137933811), (-2.08582989, 0.138839399), (-2.08816632, 0.216349683), (-2.29197242, 0.137933811), (-2.08816632, 0.216349683), (-2.29314595, 0.215260807),
            (-2.08582989, 0.138839399), (-1.88174176, 0.139634663), (-1.8852295, 0.217293856), (-2.08582989, 0.138839399), (-1.8852295, 0.217293856), (-2.08816632, 0.216349683),
            (-1.88174176, 0.139634663), (-1.67991312, 0.140107068), (-1.68453943, 0.217852842), (-1.88174176, 0.139634663), (-1.68453943, 0.217852842), (-1.8852295, 0.217293856),
            (-1.67991312, 0.140107068), (-1.48059784, 0.140111102), (-1.48634853, 0.217863974), (-1.67991312, 0.140107068), (-1.48634853, 0.217863974), (-1.68453943, 0.217852842),
            (-1.48059784, 0.140111102), (-1.28411883, 0.139607423), (-1.2909779, 0.217284809), (-1.48059784, 0.140111102), (-1.2909779, 0.217284809), (-1.48634853, 0.217863974),
            (-1.28411883, 0.139607423), (-1.09090164, 0.138676628), (-1.0988507, 0.216207621), (-1.28411883, 0.139607423), (-1.0988507, 0.216207621), (-1.2909779, 0.217284809),
            (-1.09090164, 0.138676628), (-0.90153477, 0.137503941), (-0.910552091, 0.214842111), (-1.09090164, 0.138676628), (-0.910552091, 0.214842111), (-1.0988507, 0.216207621),
            (-0.90153477, 0.137503941), (-0.716890202, 0.136338215), (-0.726949147, 0.213470109), (-0.90153477, 0.137503941), (-0.726949147, 0.213470109), (-0.910552091, 0.214842111),
            (-0.716890202, 0.136338215), (-0.538408429, 0.135435012), (-0.549474231, 0.212382791), (-0.716890202, 0.136338215), (-0.549474231, 0.212382791), (-0.726949147, 0.213470109),
            (-0.538408429, 0.135435012), (-0.369004, 0.134997442), (-0.381025454, 0.211815161), (-0.538408429, 0.135435012), (-0.381025454, 0.211815161), (-0.549474231, 0.212382791),
            (-0.369004, 0.134997442), (-0.220864537, 0.135129018), (-0.23372168, 0.211893194), (-0.369004, 0.134997442), (-0.23372168, 0.211893194), (-0.381025454, 0.211815161),
            (-2.25, 0.189180625), (-2, 0.199298741), (-2, 0.306019926), (-2.25, 0.296650471), (-2.25, 0.189180625), (-2, 0.306019926),
            (1.42857143, 0.137142857), (1.25, 0.214285714), (1.25, 0.137142857), (1.42857143, 0.137142857), (1.42857143, 0.214285714), (1.25, 0.214285714),
            (-2, 0.199298741), (-1.75, 0.198098411), (-1.75, 0.304198381), (-2, 0.306019926), (-2, 0.199298741), (-1.75, 0.304198381),
            (1.25, 0.137142857), (1.07142857, 0.214285714), (1.07142857, 0.137142857), (1.25, 0.137142857), (1.25, 0.214285714), (1.07142857, 0.214285714),
            (-1.75, 0.198098411), (-1.5, 0.190986227), (-1.5, 0.296719092), (-1.75, 0.304198381), (-1.75, 0.198098411), (-1.5, 0.296719092),
            (1.07142857, 0.137142857), (0.892857143, 0.214285714), (0.892857143, 0.137142857), (1.07142857, 0.137142857), (1.07142857, 0.214285714), (0.892857143, 0.214285714),
            (-1.5, 0.190986227), (-1.25, 0.189149676), (-1.25, 0.294858815), (-1.5, 0.296719092), (-1.5, 0.190986227), (-1.25, 0.294858815),
            (0.892857143, 0.137142857), (0.714285714, 0.214285714), (0.714285714, 0.137142857), (0.892857143, 0.137142857), (0.892857143, 0.214285714), (0.714285714, 0.214285714),
            (-1.25, 0.189149676), (-1, 0.1905363), (-1, 0.296598807), (-1.25, 0.294858815), (-1.25, 0.189149676), (-1, 0.296598807),
            (0.714285714, 0.137142857), (0.535714286, 0.214285714), (0.535714286, 0.137142857), (0.714285714, 0.137142857), (0.714285714, 0.214285714), (0.535714286, 0.214285714),
            (-1, 0.1905363), (-0.75, 0.187105), (-0.75, 0.293867351), (-1, 0.296598807), (-1, 0.1905363), (-0.75, 0.293867351),
            (0.535714286, 0.137142857), (0.357142857, 0.214285714), (0.357142857, 0.137142857), (0.535714286, 0.137142857), (0.535714286, 0.214285714), (0.357142857, 0.214285714),
            (-0.75, 0.187105), (-0.5, 0.183215339), (-0.5, 0.290931493), (-0.75, 0.293867351), (-0.75, 0.187105), (-0.5, 0.290931493),
            (0.357142857, 0.137142857), (0.178571429, 0.214285714), (0.178571429, 0.137142857), (0.357142857, 0.137142857), (0.357142857, 0.214285714), (0.178571429, 0.214285714),
            (-0.5, 0.183215339), (-0.25, 0.189510125), (-0.25, 0.298293097), (-0.5, 0.290931493), (-0.5, 0.183215339), (-0.25, 0.298293097),
            (0.178571429, 0.137142857), (-0, 0.214285714), (-0, 0.137142857), (0.178571429, 0.137142857), (0.178571429, 0.214285714), (-0, 0.214285714),
            (-0.25, 0.189510125), (0, 0.202459964), (0, 0.312255815), (-0.25, 0.298293097), (-0.25, 0.189510125), (0, 0.312255815),
            (-0, 0.137142857), (-0.178571429, 0.214285714), (-0.178571429, 0.137142857), (-0, 0.137142857), (-0, 0.214285714), (-0.178571429, 0.214285714),
            (0, 0.202459964), (0.25, 0.207439446), (0.25, 0.318028881), (0, 0.312255815), (0, 0.202459964), (0.25, 0.318028881),
            (-0.178571429, 0.137142857), (-0.357142857, 0.214285714), (-0.357142857, 0.137142857), (-0.178571429, 0.137142857), (-0.178571429, 0.214285714), (-0.357142857, 0.214285714),
            (0.25, 0.207439446), (0.5, 0.201303708), (0.5, 0.312331734), (0.25, 0.318028881), (0.25, 0.207439446), (0.5, 0.312331734),
            (-0.357142857, 0.137142857), (-0.535714286, 0.214285714), (-0.535714286, 0.137142857), (-0.357142857, 0.137142857), (-0.357142857, 0.214285714), (-0.535714286, 0.214285714),
            (0.5, 0.201303708), (0.75, 0.195141886), (0.75, 0.306171143), (0.5, 0.312331734), (0.5, 0.201303708), (0.75, 0.306171143),
            (-0.535714286, 0.137142857), (-0.714285714, 0.214285714), (-0.714285714, 0.137142857), (-0.535714286, 0.137142857), (-0.535714286, 0.214285714), (-0.714285714, 0.214285714),
            (0.75, 0.195141886), (1, 0.193676271), (1, 0.304255442), (0.75, 0.306171143), (0.75, 0.195141886), (1, 0.304255442),
            (-0.714285714, 0.137142857), (-0.892857143, 0.214285714), (-0.892857143, 0.137142857), (-0.714285714, 0.137142857), (-0.714285714, 0.214285714), (-0.892857143, 0.214285714),
            (1, 0.193676271), (1.25, 0.189288236), (1.25, 0.299024237), (1, 0.304255442), (1, 0.193676271), (1.25, 0.299024237),
            (-0.892857143, 0.137142857), (-1.07142857, 0.214285714), (-1.07142857, 0.137142857), (-0.892857143, 0.137142857), (-0.892857143, 0.214285714), (-1.07142857, 0.214285714),
            (1.25, 0.189288236), (1.5, 0.180403811), (1.5, 0.289025654), (1.25, 0.299024237), (1.25, 0.189288236), (1.5, 0.289025654),
            (-1.07142857, 0.137142857), (-1.25, 0.214285714), (-1.25, 0.137142857), (-1.07142857, 0.137142857), (-1.07142857, 0.214285714), (-1.25, 0.214285714),
            (1.5, 0.180403811), (1.75, 0.178456778), (1.75, 0.285860302), (1.5, 0.289025654), (1.5, 0.180403811), (1.75, 0.285860302),
            (-1.25, 0.137142857), (-1.42857143, 0.214285714), (-1.42857143, 0.137142857), (-1.25, 0.137142857), (-1.25, 0.214285714), (-1.42857143, 0.214285714),
            (1.75, 0.178456778), (2, 0.188739758), (2, 0.295005577), (1.75, 0.285860302), (1.75, 0.178456778), (2, 0.295005577),
            (-1.42857143, 0.137142857), (-1.60714286, 0.214285714), (-1.60714286, 0.137142857), (-1.42857143, 0.137142857), (-1.42857143, 0.214285714), (-1.60714286, 0.214285714),
            (2, 0.188739758), (2.25, 0.199412114), (2.25, 0.304793655), (2, 0.295005577), (2, 0.188739758), (2.25, 0.304793655),
            (2.28975091, 0.138003249), (2.5, 0.137142857), (2.29092444, 0.215090169), (2.5, 0.137142857), (2.5, 0.214285714), (2.29092444, 0.215090169),
            (2.081407, 0.138487391), (2.28975091, 0.138003249), (2.08374343, 0.215473485), (2.28975091, 0.138003249), (2.29092444, 0.215090169), (2.08374343, 0.215473485),
            (1.87513942, 0.138578725), (2.081407, 0.138487391), (1.87862716, 0.21540232), (2.081407, 0.138487391), (2.08374343, 0.215473485), (1.87862716, 0.21540232),
            (1.67115547, 0.13836731), (1.87513942, 0.138578725), (1.67578177, 0.214963116), (1.87513942, 0.138578725), (1.87862716, 0.21540232), (1.67578177, 0.214963116),
            (1.46971172, 0.138024064), (1.67115547, 0.13836731), (1.47546241, 0.214337667), (1.67115547, 0.13836731), (1.67578177, 0.214963116), (1.47546241, 0.214337667),
            (1.27113451, 0.137755131), (1.46971172, 0.138024064), (1.27799359, 0.213756108), (1.46971172, 0.138024064), (1.47546241, 0.214337667), (1.27799359, 0.213756108),
            (1.07585397, 0.137748007), (1.27113451, 0.137755131), (1.08380303, 0.213439224), (1.27113451, 0.137755131), (1.27799359, 0.213756108), (1.08380303, 0.213439224),
            (0.884464869, 0.138122963), (1.07585397, 0.137748007), (0.89348219, 0.213544274), (1.07585397, 0.137748007), (1.08380303, 0.213439224), (0.89348219, 0.213544274),
            (0.697848495, 0.13890172), (0.884464869, 0.138122963), (0.70790744, 0.214127311), (0.884464869, 0.138122963), (0.89348219, 0.213544274), (0.70790744, 0.214127311),
            (0.517460727, 0.140000853), (0.697848495, 0.13890172), (0.52852653, 0.215130605), (0.697848495, 0.13890172), (0.70790744, 0.214127311), (0.52852653, 0.215130605),
            (0.34624724, 0.141251089), (0.517460727, 0.140000853), (0.358268694, 0.216397431), (0.517460727, 0.140000853), (0.52852653, 0.215130605), (0.358268694, 0.216397431),
            (0.196525806, 0.142437224), (0.34624724, 0.141251089), (0.209382948, 0.217709754), (0.34624724, 0.141251089), (0.358268694, 0.216397431), (0.209382948, 0.217709754),
            (-2.1875, -1.40625), (-2.00650271, -1.40625), (-2.00526106, -1.25), (-2.1875, -1.25), (-2.1875, -1.40625), (-2.00526106, -1.25),
            (-2.00650271, -1.40625), (-1.82714553, -1.40625), (-1.82467349, -1.25), (-2.00526106, -1.25), (-2.00650271, -1.40625), (-1.82467349, -1.25),
            (-1.82714553, -1.40625), (-1.64957581, -1.40625), (-1.64588564, -1.25), (-1.82467349, -1.25), (-1.82714553, -1.40625), (-1.64588564, -1.25),
            (-1.64957581, -1.40625), (-1.473972, -1.40625), (-1.46907718, -1.25), (-1.64588564, -1.25), (-1.64957581, -1.40625), (-1.46907718, -1.25),
            (-1.473972, -1.40625), (-1.30055497, -1.40625), (-1.2944705, -1.25), (-1.46907718, -1.25), (-1.473972, -1.40625), (-1.2944705, -1.25),
            (-1.30055497, -1.40625), (-1.12960566, -1.40625), (-1.12234848, -1.25), (-1.2944705, -1.25), (-1.30055497, -1.40625), (-1.12234848, -1.25),
            (-1.12960566, -1.40625), (-0.961494359, -1.40625), (-0.95308393, -1.25), (-1.12234848, -1.25), (-1.12960566, -1.40625), (-0.95308393, -1.25),
            (-0.961494359, -1.40625), (-0.796733079, -1.40625), (-0.787192384, -1.25), (-0.95308393, -1.25), (-0.961494359, -1.40625), (-0.787192384, -1.25),
            (-0.796733079, -1.40625), (-0.636080503, -1.40625), (-0.625437727, -1.25), (-0.787192384, -1.25), (-0.796733079, -1.40625), (-0.625437727, -1.25),
            (-0.636080503, -1.40625), (-0.480789952, -1.40625), (-0.469081879, -1.25), (-0.625437727, -1.25), (-0.636080503, -1.40625), (-0.469081879, -1.25),
            (-0.480789952, -1.40625), (-0.333397272, -1.40625), (-0.320678081, -1.25), (-0.469081879, -1.25), (-0.480789952, -1.40625), (-0.320678081, -1.25),
            (-0.333397272, -1.40625), (-0.20450647, -1.40625), (-0.190903085, -1.25), (-0.320678081, -1.25), (-0.333397272, -1.40625), (-0.190903085, -1.25),
            (-2.1875, -1.25), (-2.00526106, -1.25), (-2.00409702, -1.09375), (-2.1875, -1.09375), (-2.1875, -1.25), (-2.00409702, -1.09375),
            (-2.00526106, -1.25), (-1.82467349, -1.25), (-1.82235595, -1.09375), (-2.00409702, -1.09375), (-2.00526106, -1.25), (-1.82235595, -1.09375),
            (-1.82467349, -1.25), (-1.64588564, -1.25), (-1.64242609, -1.09375), (-1.82235595, -1.09375), (-1.82467349, -1.25), (-1.64242609, -1.09375),
            (-1.64588564, -1.25), (-1.46907718, -1.25), (-1.46448828, -1.09375), (-1.64242609, -1.09375), (-1.64588564, -1.25), (-1.46448828, -1.09375),
            (-1.46907718, -1.25), (-1.2944705, -1.25), (-1.28876631, -1.09375), (-1.46448828, -1.09375), (-1.46907718, -1.25), (-1.28876631, -1.09375),
            (-1.2944705, -1.25), (-1.12234848, -1.25), (-1.11554486, -1.09375), (-1.28876631, -1.09375), (-1.2944705, -1.25), (-1.11554486, -1.09375),
            (-1.12234848, -1.25), (-0.95308393, -1.25), (-0.94519914, -1.09375), (-1.11554486, -1.09375), (-1.12234848, -1.25), (-0.94519914, -1.09375),
            (-0.95308393, -1.25), (-0.787192384, -1.25), (-0.778247968, -1.09375), (-0.94519914, -1.09375), (-0.95308393, -1.25), (-0.778247968, -1.09375),
            (-0.787192384, -1.25), (-0.625437727, -1.25), (-0.615460109, -1.09375), (-0.778247968, -1.09375), (-0.787192384, -1.25), (-0.615460109, -1.09375),
            (-0.625437727, -1.25), (-0.469081879, -1.25), (-0.458105543, -1.09375), (-0.615460109, -1.09375), (-0.625437727, -1.25), (-0.458105543, -1.09375),
            (-0.469081879, -1.25), (-0.320678081, -1.25), (-0.308753821, -1.09375), (-0.458105543, -1.09375), (-0.469081879, -1.25), (-0.308753821, -1.09375),
            (-0.320678081, -1.25), (-0.190903085, -1.25), (-0.178149892, -1.09375), (-0.308753821, -1.09375), (-0.320678081, -1.25), (-0.178149892, -1.09375),
            (-2.1875, -1.09375), (-2.00409702, -1.09375), (-2.00405877, -0.9375), (-2.1875, -0.9375), (-2.1875, -1.09375), (-2.00405877, -0.9375),
            (-2.00409702, -1.09375), (-1.82235595, -1.09375), (-1.82227981, -0.9375), (-2.00405877, -0.9375), (-2.00409702, -1.09375), (-1.82227981, -0.9375),
            (-1.82235595, -1.09375), (-1.64242609, -1.09375), (-1.64231243, -0.9375), (-1.82227981, -0.9375), (-1.82235595, -1.09375), (-1.64231243, -0.9375),
            (-1.64242609, -1.09375), (-1.46448828, -1.09375), (-1.46433751, -0.9375), (-1.64231243, -0.9375), (-1.64242609, -1.09375), (-1.46433751, -0.9375),
            (-1.46448828, -1.09375), (-1.28876631, -1.09375), (-1.2885789, -0.9375), (-1.46433751, -0.9375), (-1.46448828, -1.09375), (-1.2885789, -0.9375),
            (-1.28876631, -1.09375), (-1.11554486, -1.09375), (-1.11532134, -0.9375), (-1.2885789, -0.9375), (-1.28876631, -1.09375), (-1.11532134, -0.9375),
            (-1.11554486, -1.09375), (-0.94519914, -1.09375), (-0.944940093, -0.9375), (-1.11532134, -0.9375), (-1.11554486, -1.09375), (-0.944940093, -0.9375),
            (-0.94519914, -1.09375), (-0.778247968, -1.09375), (-0.777954108, -0.9375), (-0.944940093, -0.9375), (-0.94519914, -1.09375), (-0.777954108, -0.9375),
            (-0.778247968, -1.09375), (-0.615460109, -1.09375), (-0.615132304, -0.9375), (-0.777954108, -0.9375), (-0.778247968, -1.09375), (-0.615132304, -0.9375),
            (-0.615460109, -1.09375), (-0.458105543, -1.09375), (-0.457744927, -0.9375), (-0.615132304, -0.9375), (-0.615460109, -1.09375), (-0.457744927, -0.9375),
            (-0.458105543, -1.09375), (-0.308753821, -1.09375), (-0.308362062, -0.9375), (-0.457744927, -0.9375), (-0.458105543, -1.09375), (-0.308362062, -0.9375),
            (-0.308753821, -1.09375), (-0.178149892, -1.09375), (-0.177730898, -0.9375), (-0.308362062, -0.9375), (-0.308753821, -1.09375), (-0.177730898, -0.9375),
            (-2.1875, -0.9375), (-2.00405877, -0.9375), (-2.00388433, -0.78125), (-2.1875, -0.78125), (-2.1875, -0.9375), (-2.00388433, -0.78125),
            (-2.00405877, -0.9375), (-1.82227981, -0.9375), (-1.8219325, -0.78125), (-2.00388433, -0.78125), (-2.00405877, -0.9375), (-1.8219325, -0.78125),
            (-1.82227981, -0.9375), (-1.64231243, -0.9375), (-1.64179399, -0.78125), (-1.8219325, -0.78125), (-1.82227981, -0.9375), (-1.64179399, -0.78125),
            (-1.64231243, -0.9375), (-1.46433751, -0.9375), (-1.46364982, -0.78125), (-1.64179399, -0.78125), (-1.64231243, -0.9375), (-1.46364982, -0.78125),
            (-1.46433751, -0.9375), (-1.2885789, -0.9375), (-1.28772407, -0.78125), (-1.46364982, -0.78125), (-1.46433751, -0.9375), (-1.28772407, -0.78125),
            (-1.2885789, -0.9375), (-1.11532134, -0.9375), (-1.11430174, -0.78125), (-1.28772407, -0.78125), (-1.2885789, -0.9375), (-1.11430174, -0.78125),
            (-1.11532134, -0.9375), (-0.944940093, -0.9375), (-0.943758475, -0.78125), (-1.11430174, -0.78125), (-1.11532134, -0.9375), (-0.943758475, -0.78125),
            (-0.944940093, -0.9375), (-0.777954108, -0.9375), (-0.776613693, -0.78125), (-0.943758475, -0.78125), (-0.944940093, -0.9375), (-0.776613693, -0.78125),
            (-0.777954108, -0.9375), (-0.615132304, -0.9375), (-0.613637053, -0.78125), (-0.776613693, -0.78125), (-0.777954108, -0.9375), (-0.613637053, -0.78125),
            (-0.615132304, -0.9375), (-0.457744927, -0.9375), (-0.456100007, -0.78125), (-0.613637053, -0.78125), (-0.615132304, -0.9375), (-0.456100007, -0.78125),
            (-0.457744927, -0.9375), (-0.308362062, -0.9375), (-0.306575086, -0.78125), (-0.456100007, -0.78125), (-0.457744927, -0.9375), (-0.306575086, -0.78125),
            (-0.308362062, -0.9375), (-0.177730898, -0.9375), (-0.175819698, -0.78125), (-0.306575086, -0.78125), (-0.308362062, -0.9375), (-0.175819698, -0.78125),
            (-2.1875, -0.78125), (-2.00388433, -0.78125), (-2.00433066, -0.625), (-2.1875, -0.625), (-2.1875, -0.78125), (-2.00433066, -0.625),
            (-2.00388433, -0.78125), (-1.8219325, -0.78125), (-1.82282112, -0.625), (-2.00433066, -0.625), (-2.00388433, -0.78125), (-1.82282112, -0.625),
            (-1.8219325, -0.78125), (-1.64179399, -0.78125), (-1.64312048, -0.625), (-1.82282112, -0.625), (-1.8219325, -0.78125), (-1.64312048, -0.625),
            (-1.64179399, -0.78125), (-1.46364982, -0.78125), (-1.46540935, -0.625), (-1.64312048, -0.625), (-1.64179399, -0.78125), (-1.46540935, -0.625),
            (-1.46364982, -0.78125), (-1.28772407, -0.78125), (-1.28991124, -0.625), (-1.46540935, -0.625), (-1.46364982, -0.78125), (-1.28991124, -0.625),
            (-1.28772407, -0.78125), (-1.11430174, -0.78125), (-1.11691047, -0.625), (-1.28991124, -0.625), (-1.28772407, -0.78125), (-1.11691047, -0.625),
            (-1.11430174, -0.78125), (-0.943758475, -0.78125), (-0.946781752, -0.625), (-1.11691047, -0.625), (-1.11430174, -0.78125), (-0.946781752, -0.625),
            (-0.943758475, -0.78125), (-0.776613693, -0.78125), (-0.780043265, -0.625), (-0.946781752, -0.625), (-0.943758475, -0.78125), (-0.780043265, -0.625),
            (-0.776613693, -0.78125), (-0.613637053, -0.78125), (-0.617462787, -0.625), (-0.780043265, -0.625), (-0.776613693, -0.78125), (-0.617462787, -0.625),
            (-0.613637053, -0.78125), (-0.456100007, -0.78125), (-0.460308681, -0.625), (-0.617462787, -0.625), (-0.613637053, -0.78125), (-0.460308681, -0.625),
            (-0.456100007, -0.78125), (-0.306575086, -0.78125), (-0.311147224, -0.625), (-0.460308681, -0.625), (-0.456100007, -0.78125), (-0.311147224, -0.625),
            (-0.306575086, -0.78125), (-0.175819698, -0.78125), (-0.180709676, -0.625), (-0.311147224, -0.625), (-0.306575086, -0.78125), (-0.180709676, -0.625),
            (-2.1875, -0.625), (-2.00433066, -0.625), (-2.00594354, -0.46875), (-2.1875, -0.46875), (-2.1875, -0.625), (-2.00594354, -0.46875),
            (-2.00433066, -0.625), (-1.82282112, -0.625), (-1.82603226, -0.46875), (-2.00594354, -0.46875), (-2.00433066, -0.625), (-1.82603226, -0.46875),
            (-1.82282112, -0.625), (-1.64312048, -0.625), (-1.64791395, -0.46875), (-1.82603226, -0.46875), (-1.82282112, -0.625), (-1.64791395, -0.46875),
            (-1.64312048, -0.625), (-1.46540935, -0.625), (-1.47176763, -0.46875), (-1.64791395, -0.46875), (-1.64312048, -0.625), (-1.47176763, -0.46875),
            (-1.46540935, -0.625), (-1.28991124, -0.625), (-1.29781484, -0.46875), (-1.47176763, -0.46875), (-1.46540935, -0.625), (-1.29781484, -0.46875),
            (-1.28991124, -0.625), (-1.11691047, -0.625), (-1.12633741, -0.46875), (-1.29781484, -0.46875), (-1.28991124, -0.625), (-1.12633741, -0.46875),
            (-1.11691047, -0.625), (-0.946781752, -0.625), (-0.957706745, -0.46875), (-1.12633741, -0.46875), (-1.11691047, -0.625), (-0.957706745, -0.46875),
            (-0.946781752, -0.625), (-0.780043265, -0.625), (-0.792436454, -0.46875), (-0.957706745, -0.46875), (-0.946781752, -0.625), (-0.792436454, -0.46875),
            (-0.780043265, -0.625), (-0.617462787, -0.625), (-0.631287559, -0.46875), (-0.792436454, -0.46875), (-0.780043265, -0.625), (-0.631287559, -0.46875),
            (-0.617462787, -0.625), (-0.460308681, -0.625), (-0.475517254, -0.46875), (-0.631287559, -0.46875), (-0.617462787, -0.625), (-0.475517254, -0.46875),
            (-0.460308681, -0.625), (-0.311147224, -0.625), (-0.32766922, -0.46875), (-0.475517254, -0.46875), (-0.460308681, -0.625), (-0.32766922, -0.46875),
            (-0.311147224, -0.625), (-0.180709676, -0.625), (-0.198380223, -0.46875), (-0.32766922, -0.46875), (-0.311147224, -0.625), (-0.198380223, -0.46875),
            (-2.1875, -0.46875), (-2.00594354, -0.46875), (-2.00691263, -0.3125), (-2.1875, -0.3125), (-2.1875, -0.46875), (-2.00691263, -0.3125),
            (-2.00594354, -0.46875), (-1.82603226, -0.46875), (-1.82796166, -0.3125), (-2.00691263, -0.3125), (-2.00594354, -0.46875), (-1.82796166, -0.3125),
            (-1.82603226, -0.46875), (-1.64791395, -0.46875), (-1.6507941, -0.3125), (-1.82796166, -0.3125), (-1.82603226, -0.46875), (-1.6507941, -0.3125),
            (-1.64791395, -0.46875), (-1.47176763, -0.46875), (-1.475588, -0.3125), (-1.6507941, -0.3125), (-1.64791395, -0.46875), (-1.475588, -0.3125),
            (-1.47176763, -0.46875), (-1.29781484, -0.46875), (-1.30256372, -0.3125), (-1.475588, -0.3125), (-1.47176763, -0.46875), (-1.30256372, -0.3125),
            (-1.29781484, -0.46875), (-1.12633741, -0.46875), (-1.13200158, -0.3125), (-1.30256372, -0.3125), (-1.29781484, -0.46875), (-1.13200158, -0.3125),
            (-1.12633741, -0.46875), (-0.957706745, -0.46875), (-0.964271016, -0.3125), (-1.13200158, -0.3125), (-1.12633741, -0.46875), (-0.964271016, -0.3125),
            (-0.957706745, -0.46875), (-0.792436454, -0.46875), (-0.799882888, -0.3125), (-0.964271016, -0.3125), (-0.957706745, -0.46875), (-0.799882888, -0.3125),
            (-0.792436454, -0.46875), (-0.631287559, -0.46875), (-0.639594158, -0.3125), (-0.799882888, -0.3125), (-0.792436454, -0.46875), (-0.639594158, -0.3125),
            (-0.631287559, -0.46875), (-0.475517254, -0.46875), (-0.484655309, -0.3125), (-0.639594158, -0.3125), (-0.631287559, -0.46875), (-0.484655309, -0.3125),
            (-0.475517254, -0.46875), (-0.32766922, -0.46875), (-0.337596443, -0.3125), (-0.484655309, -0.3125), (-0.475517254, -0.46875), (-0.337596443, -0.3125),
            (-0.32766922, -0.46875), (-0.198380223, -0.46875), (-0.208997553, -0.3125), (-0.337596443, -0.3125), (-0.32766922, -0.46875), (-0.208997553, -0.3125),
            (-2.1875, -0.3125), (-2.00691263, -0.3125), (-2.00614484, -0.15625), (-2.1875, -0.15625), (-2.1875, -0.3125), (-2.00614484, -0.15625),
            (-2.00691263, -0.3125), (-1.82796166, -0.3125), (-1.82643305, -0.15625), (-2.00614484, -0.15625), (-2.00691263, -0.3125), (-1.82643305, -0.15625),
            (-1.82796166, -0.3125), (-1.6507941, -0.3125), (-1.64851224, -0.15625), (-1.82643305, -0.15625), (-1.82796166, -0.3125), (-1.64851224, -0.15625),
            (-1.6507941, -0.3125), (-1.475588, -0.3125), (-1.47256122, -0.15625), (-1.64851224, -0.15625), (-1.6507941, -0.3125), (-1.47256122, -0.15625),
            (-1.475588, -0.3125), (-1.30256372, -0.3125), (-1.29880131, -0.15625), (-1.47256122, -0.15625), (-1.475588, -0.3125), (-1.29880131, -0.15625),
            (-1.30256372, -0.3125), (-1.13200158, -0.3125), (-1.12751401, -0.15625), (-1.29880131, -0.15625), (-1.30256372, -0.3125), (-1.12751401, -0.15625),
            (-1.13200158, -0.3125), (-0.964271016, -0.3125), (-0.959070323, -0.15625), (-1.12751401, -0.15625), (-1.13200158, -0.3125), (-0.959070323, -0.15625),
            (-0.964271016, -0.3125), (-0.799882888, -0.3125), (-0.793983281, -0.15625), (-0.959070323, -0.15625), (-0.964271016, -0.3125), (-0.793983281, -0.15625),
            (-0.799882888, -0.3125), (-0.639594158, -0.3125), (-0.633013065, -0.15625), (-0.793983281, -0.15625), (-0.799882888, -0.3125), (-0.633013065, -0.15625),
            (-0.639594158, -0.3125), (-0.484655309, -0.3125), (-0.477415477, -0.15625), (-0.633013065, -0.15625), (-0.639594158, -0.3125), (-0.477415477, -0.15625),
            (-0.484655309, -0.3125), (-0.337596443, -0.3125), (-0.329731374, -0.15625), (-0.477415477, -0.15625), (-0.484655309, -0.3125), (-0.329731374, -0.15625),
            (-0.337596443, -0.3125), (-0.208997553, -0.3125), (-0.200585732, -0.15625), (-0.329731374, -0.15625), (-0.337596443, -0.3125), (-0.200585732, -0.15625),
            (-2.1875, -0.15625), (-2.00614484, -0.15625), (-2.00438024, 0), (-2.1875, 0), (-2.1875, -0.15625), (-2.00438024, 0),
            (-2.00614484, -0.15625), (-1.82643305, -0.15625), (-1.82291983, 0), (-2.00438024, 0), (-2.00614484, -0.15625), (-1.82291983, 0),
            (-1.82643305, -0.15625), (-1.64851224, -0.15625), (-1.64326783, 0), (-1.82291983, 0), (-1.82643305, -0.15625), (-1.64326783, 0),
            (-1.64851224, -0.15625), (-1.47256122, -0.15625), (-1.46560479, 0), (-1.64326783, 0), (-1.64851224, -0.15625), (-1.46560479, 0),
            (-1.47256122, -0.15625), (-1.29880131, -0.15625), (-1.29015418, 0), (-1.46560479, 0), (-1.47256122, -0.15625), (-1.29015418, 0),
            (-1.29880131, -0.15625), (-1.12751401, -0.15625), (-1.11720024, 0), (-1.29015418, 0), (-1.29880131, -0.15625), (-1.11720024, 0),
            (-1.12751401, -0.15625), (-0.959070323, -0.15625), (-0.947117573, 0), (-1.11720024, 0), (-1.12751401, -0.15625), (-0.947117573, 0),
            (-0.959070323, -0.15625), (-0.793983281, -0.15625), (-0.780424217, 0), (-0.947117573, 0), (-0.959070323, -0.15625), (-0.780424217, 0),
            (-0.793983281, -0.15625), (-0.633013065, -0.15625), (-0.617887744, 0), (-0.780424217, 0), (-0.793983281, -0.15625), (-0.617887744, 0),
            (-0.633013065, -0.15625), (-0.477415477, -0.15625), (-0.460776175, 0), (-0.617887744, 0), (-0.633013065, -0.15625), (-0.460776175, 0),
            (-0.477415477, -0.15625), (-0.329731374, -0.15625), (-0.311655091, 0), (-0.460776175, 0), (-0.477415477, -0.15625), (-0.311655091, 0),
            (-0.329731374, -0.15625), (-0.200585732, -0.15625), (-0.181252847, 0), (-0.311655091, 0), (-0.329731374, -0.15625), (-0.181252847, 0),
            (-2.1875, 0), (-2.00438024, 0), (-2.00345255, 0.15625), (-2.1875, 0.15625), (-2.1875, 0), (-2.00345255, 0.15625),
            (-2.00438024, 0), (-1.82291983, 0), (-1.82107285, 0.15625), (-2.00345255, 0.15625), (-2.00438024, 0), (-1.82107285, 0.15625),
            (-1.82291983, 0), (-1.64326783, 0), (-1.64051072, 0.15625), (-1.82107285, 0.15625), (-1.82291983, 0), (-1.64051072, 0.15625),
            (-1.64326783, 0), (-1.46560479, 0), (-1.46194764, 0.15625), (-1.64051072, 0.15625), (-1.64326783, 0), (-1.46194764, 0.15625),
            (-1.46560479, 0), (-1.29015418, 0), (-1.28560819, 0.15625), (-1.46194764, 0.15625), (-1.46560479, 0), (-1.28560819, 0.15625),
            (-1.29015418, 0), (-1.11720024, 0), (-1.11177805, 0.15625), (-1.28560819, 0.15625), (-1.29015418, 0), (-1.11177805, 0.15625),
            (-1.11720024, 0), (-0.947117573, 0), (-0.940833738, 0.15625), (-1.11177805, 0.15625), (-1.11720024, 0), (-0.940833738, 0.15625),
            (-0.947117573, 0), (-0.780424217, 0), (-0.773295905, 0.15625), (-0.940833738, 0.15625), (-0.947117573, 0), (-0.773295905, 0.15625),
            (-0.780424217, 0), (-0.617887744, 0), (-0.609936016, 0.15625), (-0.773295905, 0.15625), (-0.780424217, 0), (-0.609936016, 0.15625),
            (-0.617887744, 0), (-0.460776175, 0), (-0.452028511, 0.15625), (-0.609936016, 0.15625), (-0.617887744, 0), (-0.452028511, 0.15625),
            (-0.460776175, 0), (-0.311655091, 0), (-0.302151973, 0.15625), (-0.452028511, 0.15625), (-0.460776175, 0), (-0.302151973, 0.15625),
            (-0.311655091, 0), (-0.181252847, 0), (-0.171089106, 0.15625), (-0.302151973, 0.15625), (-0.311655091, 0), (-0.171089106, 0.15625),
            (-2.1875, 0.15625), (-2.00345255, 0.15625), (-2.00418748, 0.3125), (-2.1875, 0.3125), (-2.1875, 0.15625), (-2.00418748, 0.3125),
            (-2.00345255, 0.15625), (-1.82107285, 0.15625), (-1.82253606, 0.3125), (-2.00418748, 0.3125), (-2.00345255, 0.15625), (-1.82253606, 0.3125),
            (-1.82107285, 0.15625), (-1.64051072, 0.15625), (-1.64269495, 0.3125), (-1.82253606, 0.3125), (-1.82107285, 0.15625), (-1.64269495, 0.3125),
            (-1.64051072, 0.15625), (-1.46194764, 0.15625), (-1.46484491, 0.3125), (-1.64269495, 0.3125), (-1.64051072, 0.15625), (-1.46484491, 0.3125),
            (-1.46194764, 0.15625), (-1.28560819, 0.15625), (-1.28920961, 0.3125), (-1.46484491, 0.3125), (-1.46194764, 0.15625), (-1.28920961, 0.3125),
            (-1.28560819, 0.15625), (-1.11177805, 0.15625), (-1.11607361, 0.3125), (-1.28920961, 0.3125), (-1.28560819, 0.15625), (-1.11607361, 0.3125),
            (-1.11177805, 0.15625), (-0.940833738, 0.15625), (-0.945811909, 0.3125), (-1.11607361, 0.3125), (-1.11177805, 0.15625), (-0.945811909, 0.3125),
            (-0.940833738, 0.15625), (-0.773295905, 0.15625), (-0.778943086, 0.3125), (-0.945811909, 0.3125), (-0.940833738, 0.15625), (-0.778943086, 0.3125),
            (-0.773295905, 0.15625), (-0.609936016, 0.15625), (-0.616235523, 0.3125), (-0.778943086, 0.3125), (-0.773295905, 0.15625), (-0.616235523, 0.3125),
            (-0.609936016, 0.15625), (-0.452028511, 0.15625), (-0.458958573, 0.3125), (-0.616235523, 0.3125), (-0.609936016, 0.15625), (-0.458958573, 0.3125),
            (-0.452028511, 0.15625), (-0.302151973, 0.15625), (-0.309680519, 0.3125), (-0.458958573, 0.3125), (-0.452028511, 0.15625), (-0.309680519, 0.3125),
            (-0.302151973, 0.15625), (-0.171089106, 0.15625), (-0.17914101, 0.3125), (-0.309680519, 0.3125), (-0.302151973, 0.15625), (-0.17914101, 0.3125),
            (-2.1875, 0.3125), (-2.00418748, 0.3125), (-2.00485986, 0.46875), (-2.1875, 0.46875), (-2.1875, 0.3125), (-2.00485986, 0.46875),
            (-2.00418748, 0.3125), (-1.82253606, 0.3125), (-1.82387472, 0.46875), (-2.00485986, 0.46875), (-2.00418748, 0.3125), (-1.82387472, 0.46875),
            (-1.82253606, 0.3125), (-1.64269495, 0.3125), (-1.64469326, 0.46875), (-1.82387472, 0.46875), (-1.82253606, 0.3125), (-1.64469326, 0.46875),
            (-1.64269495, 0.3125), (-1.46484491, 0.3125), (-1.46749556, 0.46875), (-1.64469326, 0.46875), (-1.64269495, 0.3125), (-1.46749556, 0.46875),
            (-1.46484491, 0.3125), (-1.28920961, 0.3125), (-1.29250448, 0.46875), (-1.46749556, 0.46875), (-1.46484491, 0.3125), (-1.29250448, 0.46875),
            (-1.28920961, 0.3125), (-1.11607361, 0.3125), (-1.12000353, 0.46875), (-1.29250448, 0.46875), (-1.28920961, 0.3125), (-1.12000353, 0.46875),
            (-1.11607361, 0.3125), (-0.945811909, 0.3125), (-0.950366339, 0.46875), (-1.12000353, 0.46875), (-1.11607361, 0.3125), (-0.950366339, 0.46875),
            (-0.945811909, 0.3125), (-0.778943086, 0.3125), (-0.78410958, 0.46875), (-0.950366339, 0.46875), (-0.945811909, 0.3125), (-0.78410958, 0.46875),
            (-0.778943086, 0.3125), (-0.616235523, 0.3125), (-0.621998817, 0.46875), (-0.78410958, 0.46875), (-0.778943086, 0.3125), (-0.621998817, 0.46875),
            (-0.616235523, 0.3125), (-0.458958573, 0.3125), (-0.465298749, 0.46875), (-0.621998817, 0.46875), (-0.616235523, 0.3125), (-0.465298749, 0.46875),
            (-0.458958573, 0.3125), (-0.309680519, 0.3125), (-0.316568237, 0.46875), (-0.465298749, 0.46875), (-0.458958573, 0.3125), (-0.316568237, 0.46875),
            (-0.309680519, 0.3125), (-0.17914101, 0.3125), (-0.186507538, 0.46875), (-0.316568237, 0.46875), (-0.309680519, 0.3125), (-0.186507538, 0.46875),
            (-2.1875, 0.46875), (-2.00485986, 0.46875), (-2.00498154, 0.625), (-2.1875, 0.625), (-2.1875, 0.46875), (-2.00498154, 0.625),
            (-2.00485986, 0.46875), (-1.82387472, 0.46875), (-1.82411697, 0.625), (-2.00498154, 0.625), (-2.00485986, 0.46875), (-1.82411697, 0.625),
            (-1.82387472, 0.46875), (-1.64469326, 0.46875), (-1.64505489, 0.625), (-1.82411697, 0.625), (-1.82387472, 0.46875), (-1.64505489, 0.625),
            (-1.64469326, 0.46875), (-1.46749556, 0.46875), (-1.46797523, 0.625), (-1.64505489, 0.625), (-1.64469326, 0.46875), (-1.46797523, 0.625),
            (-1.46749556, 0.46875), (-1.29250448, 0.46875), (-1.29310074, 0.625), (-1.46797523, 0.625), (-1.46749556, 0.46875), (-1.29310074, 0.625),
            (-1.29250448, 0.46875), (-1.12000353, 0.46875), (-1.12071471, 0.625), (-1.29310074, 0.625), (-1.29250448, 0.46875), (-1.12071471, 0.625),
            (-1.12000353, 0.46875), (-0.950366339, 0.46875), (-0.951190535, 0.625), (-1.12071471, 0.625), (-1.12000353, 0.46875), (-0.951190535, 0.625),
            (-0.950366339, 0.46875), (-0.78410958, 0.46875), (-0.785044538, 0.625), (-0.951190535, 0.625), (-0.950366339, 0.46875), (-0.785044538, 0.625),
            (-0.78410958, 0.46875), (-0.621998817, 0.46875), (-0.623041776, 0.625), (-0.785044538, 0.625), (-0.78410958, 0.46875), (-0.623041776, 0.625),
            (-0.621998817, 0.46875), (-0.465298749, 0.46875), (-0.466446103, 0.625), (-0.623041776, 0.625), (-0.621998817, 0.46875), (-0.466446103, 0.625),
            (-0.465298749, 0.46875), (-0.316568237, 0.46875), (-0.317814677, 0.625), (-0.466446103, 0.625), (-0.465298749, 0.46875), (-0.317814677, 0.625),
            (-0.316568237, 0.46875), (-0.186507538, 0.46875), (-0.187840627, 0.625), (-0.317814677, 0.625), (-0.316568237, 0.46875), (-0.187840627, 0.625),
            (-2.1875, 0.625), (-2.00498154, 0.625), (-2.00580154, 0.78125), (-2.1875, 0.78125), (-2.1875, 0.625), (-2.00580154, 0.78125),
            (-2.00498154, 0.625), (-1.82411697, 0.625), (-1.82574955, 0.78125), (-2.00580154, 0.78125), (-2.00498154, 0.625), (-1.82574955, 0.78125),
            (-1.82411697, 0.625), (-1.64505489, 0.625), (-1.64749194, 0.78125), (-1.82574955, 0.78125), (-1.82411697, 0.625), (-1.64749194, 0.78125),
            (-1.64505489, 0.625), (-1.46797523, 0.625), (-1.47120785, 0.78125), (-1.64749194, 0.78125), (-1.64505489, 0.625), (-1.47120785, 0.78125),
            (-1.46797523, 0.625), (-1.29310074, 0.625), (-1.29711902, 0.78125), (-1.47120785, 0.78125), (-1.46797523, 0.625), (-1.29711902, 0.78125),
            (-1.29310074, 0.625), (-1.12071471, 0.625), (-1.12550747, 0.78125), (-1.29711902, 0.78125), (-1.29310074, 0.625), (-1.12550747, 0.78125),
            (-1.12071471, 0.625), (-0.951190535, 0.625), (-0.956744915, 0.78125), (-1.12550747, 0.78125), (-1.12071471, 0.625), (-0.956744915, 0.78125),
            (-0.951190535, 0.625), (-0.785044538, 0.625), (-0.791345365, 0.78125), (-0.956744915, 0.78125), (-0.951190535, 0.625), (-0.791345365, 0.78125),
            (-0.785044538, 0.625), (-0.623041776, 0.625), (-0.630070434, 0.78125), (-0.791345365, 0.78125), (-0.785044538, 0.625), (-0.630070434, 0.78125),
            (-0.623041776, 0.625), (-0.466446103, 0.625), (-0.4741783, 0.78125), (-0.630070434, 0.78125), (-0.623041776, 0.625), (-0.4741783, 0.78125),
            (-0.466446103, 0.625), (-0.317814677, 0.625), (-0.326214633, 0.78125), (-0.4741783, 0.78125), (-0.466446103, 0.625), (-0.326214633, 0.78125),
            (-0.317814677, 0.625), (-0.187840627, 0.625), (-0.196824519, 0.78125), (-0.326214633, 0.78125), (-0.317814677, 0.625), (-0.196824519, 0.78125),
            (-2.1875, 0.78125), (-2.00580154, 0.78125), (-2.00595498, 0.9375), (-2.1875, 0.9375), (-2.1875, 0.78125), (-2.00595498, 0.9375),
            (-2.00580154, 0.78125), (-1.82574955, 0.78125), (-1.82605503, 0.9375), (-2.00595498, 0.9375), (-2.00580154, 0.78125), (-1.82605503, 0.9375),
            (-1.82574955, 0.78125), (-1.64749194, 0.78125), (-1.64794795, 0.9375), (-1.82605503, 0.9375), (-1.82574955, 0.78125), (-1.64794795, 0.9375),
            (-1.64749194, 0.78125), (-1.47120785, 0.78125), (-1.47181273, 0.9375), (-1.64794795, 0.9375), (-1.64749194, 0.78125), (-1.47181273, 0.9375),
            (-1.47120785, 0.78125), (-1.29711902, 0.78125), (-1.29787091, 0.9375), (-1.47181273, 0.9375), (-1.47120785, 0.78125), (-1.29787091, 0.9375),
            (-1.29711902, 0.78125), (-1.12550747, 0.78125), (-1.12640428, 0.9375), (-1.29787091, 0.9375), (-1.29711902, 0.78125), (-1.12640428, 0.9375),
            (-1.12550747, 0.78125), (-0.956744915, 0.78125), (-0.957784242, 0.9375), (-1.12640428, 0.9375), (-1.12550747, 0.78125), (-0.957784242, 0.9375),
            (-0.956744915, 0.78125), (-0.791345365, 0.78125), (-0.792524365, 0.9375), (-0.957784242, 0.9375), (-0.956744915, 0.78125), (-0.792524365, 0.9375),
            (-0.791345365, 0.78125), (-0.630070434, 0.78125), (-0.631385625, 0.9375), (-0.792524365, 0.9375), (-0.791345365, 0.78125), (-0.631385625, 0.9375),
            (-0.630070434, 0.78125), (-0.4741783, 0.78125), (-0.475625136, 0.9375), (-0.631385625, 0.9375), (-0.630070434, 0.78125), (-0.475625136, 0.9375),
            (-0.4741783, 0.78125), (-0.326214633, 0.78125), (-0.327786419, 0.9375), (-0.475625136, 0.9375), (-0.4741783, 0.78125), (-0.327786419, 0.9375),
            (-0.326214633, 0.78125), (-0.196824519, 0.78125), (-0.19850557, 0.9375), (-0.327786419, 0.9375), (-0.326214633, 0.78125), (-0.19850557, 0.9375),
            (-2.1875, 0.9375), (-2.00595498, 0.9375), (-2.00447354, 1.09375), (-2.1875, 1.09375), (-2.1875, 0.9375), (-2.00447354, 1.09375),
            (-2.00595498, 0.9375), (-1.82605503, 0.9375), (-1.82310558, 1.09375), (-2.00447354, 1.09375), (-2.00595498, 0.9375), (-1.82310558, 1.09375),
            (-1.82605503, 0.9375), (-1.64794795, 0.9375), (-1.64354512, 1.09375), (-1.82310558, 1.09375), (-1.82605503, 0.9375), (-1.64354512, 1.09375),
            (-1.64794795, 0.9375), (-1.47181273, 0.9375), (-1.4659726, 1.09375), (-1.64354512, 1.09375), (-1.64794795, 0.9375), (-1.4659726, 1.09375),
            (-1.47181273, 0.9375), (-1.29787091, 0.9375), (-1.29061139, 1.09375), (-1.4659726, 1.09375), (-1.47181273, 0.9375), (-1.29061139, 1.09375),
            (-1.29787091, 0.9375), (-1.12640428, 0.9375), (-1.11774556, 1.09375), (-1.29061139, 1.09375), (-1.29787091, 0.9375), (-1.11774556, 1.09375),
            (-1.12640428, 0.9375), (-0.957784242, 0.9375), (-0.947749555, 1.09375), (-1.11774556, 1.09375), (-1.12640428, 0.9375), (-0.947749555, 1.09375),
            (-0.957784242, 0.9375), (-0.792524365, 0.9375), (-0.781141129, 1.09375), (-0.947749555, 1.09375), (-0.957784242, 0.9375), (-0.781141129, 1.09375),
            (-0.792524365, 0.9375), (-0.631385625, 0.9375), (-0.61868747, 1.09375), (-0.781141129, 1.09375), (-0.792524365, 0.9375), (-0.61868747, 1.09375),
            (-0.631385625, 0.9375), (-0.475625136, 0.9375), (-0.46165595, 1.09375), (-0.61868747, 1.09375), (-0.631385625, 0.9375), (-0.46165595, 1.09375),
            (-0.475625136, 0.9375), (-0.327786419, 0.9375), (-0.312610843, 1.09375), (-0.46165595, 1.09375), (-0.475625136, 0.9375), (-0.312610843, 1.09375),
            (-0.327786419, 0.9375), (-0.19850557, 0.9375), (-0.18227504, 1.09375), (-0.312610843, 1.09375), (-0.327786419, 0.9375), (-0.18227504, 1.09375),
            (-2.1875, 1.09375), (-2.00447354, 1.09375), (-2.00378329, 1.25), (-2.1875, 1.25), (-2.1875, 1.09375), (-2.00378329, 1.25),
            (-2.00447354, 1.09375), (-1.82310558, 1.09375), (-1.82173133, 1.25), (-2.00378329, 1.25), (-2.00447354, 1.09375), (-1.82173133, 1.25),
            (-1.82310558, 1.09375), (-1.64354512, 1.09375), (-1.64149369, 1.25), (-1.82173133, 1.25), (-1.82310558, 1.09375), (-1.64149369, 1.25),
            (-1.64354512, 1.09375), (-1.4659726, 1.09375), (-1.46325149, 1.25), (-1.64149369, 1.25), (-1.64354512, 1.09375), (-1.46325149, 1.25),
            (-1.4659726, 1.09375), (-1.29061139, 1.09375), (-1.28722893, 1.25), (-1.46325149, 1.25), (-1.4659726, 1.09375), (-1.28722893, 1.25),
            (-1.29061139, 1.09375), (-1.11774556, 1.09375), (-1.11371117, 1.25), (-1.28722893, 1.25), (-1.29061139, 1.09375), (-1.11371117, 1.25),
            (-1.11774556, 1.09375), (-0.947749555, 1.09375), (-0.943074058, 1.25), (-1.11371117, 1.25), (-1.11774556, 1.09375), (-0.943074058, 1.25),
            (-0.947749555, 1.09375), (-0.781141129, 1.09375), (-0.775837299, 1.25), (-0.943074058, 1.25), (-0.947749555, 1.09375), (-0.775837299, 1.25),
            (-0.781141129, 1.09375), (-0.61868747, 1.09375), (-0.612770975, 1.25), (-0.775837299, 1.25), (-0.781141129, 1.09375), (-0.612770975, 1.25),
            (-0.61868747, 1.09375), (-0.46165595, 1.09375), (-0.455147239, 1.25), (-0.612770975, 1.25), (-0.61868747, 1.09375), (-0.455147239, 1.25),
            (-0.46165595, 1.09375), (-0.312610843, 1.09375), (-0.305540035, 1.25), (-0.455147239, 1.25), (-0.46165595, 1.09375), (-0.305540035, 1.25),
            (-0.312610843, 1.09375), (-0.18227504, 1.09375), (-0.174712694, 1.25), (-0.305540035, 1.25), (-0.312610843, 1.09375), (-0.174712694, 1.25),
            (-2.1875, 1.25), (-2.00378329, 1.25), (-2.00455889, 1.40625), (-2.1875, 1.40625), (-2.1875, 1.25), (-2.00455889, 1.40625),
            (-2.00378329, 1.25), (-1.82173133, 1.25), (-1.8232755, 1.40625), (-2.00455889, 1.40625), (-2.00378329, 1.25), (-1.8232755, 1.40625),
            (-1.82173133, 1.25), (-1.64149369, 1.25), (-1.64379877, 1.40625), (-1.8232755, 1.40625), (-1.82173133, 1.25), (-1.64379877, 1.40625),
            (-1.64149369, 1.25), (-1.46325149, 1.25), (-1.46630905, 1.40625), (-1.64379877, 1.40625), (-1.64149369, 1.25), (-1.46630905, 1.40625),
            (-1.46325149, 1.25), (-1.28722893, 1.25), (-1.29102961, 1.40625), (-1.46630905, 1.40625), (-1.46325149, 1.25), (-1.29102961, 1.40625),
            (-1.28722893, 1.25), (-1.11371117, 1.25), (-1.11824439, 1.40625), (-1.29102961, 1.40625), (-1.28722893, 1.25), (-1.11824439, 1.40625),
            (-1.11371117, 1.25), (-0.943074058, 1.25), (-0.948327652, 1.40625), (-1.11824439, 1.40625), (-1.11371117, 1.25), (-0.948327652, 1.40625),
            (-0.943074058, 1.25), (-0.775837299, 1.25), (-0.781796917, 1.40625), (-0.948327652, 1.40625), (-0.943074058, 1.25), (-0.781796917, 1.40625),
            (-0.775837299, 1.25), (-0.612770975, 1.25), (-0.61941901, 1.40625), (-0.781796917, 1.40625), (-0.775837299, 1.25), (-0.61941901, 1.40625),
            (-0.612770975, 1.25), (-0.455147239, 1.25), (-0.462460713, 1.40625), (-0.61941901, 1.40625), (-0.612770975, 1.25), (-0.462460713, 1.40625),
            (-0.455147239, 1.25), (-0.305540035, 1.25), (-0.313485107, 1.40625), (-0.462460713, 1.40625), (-0.455147239, 1.25), (-0.313485107, 1.40625),
            (-0.305540035, 1.25), (-0.174712694, 1.25), (-0.18321008, 1.40625), (-0.313485107, 1.40625), (-0.305540035, 1.25), (-0.18321008, 1.40625),
            (0.10918648, 1.40625), (0.253961317, 1.25), (0.2442729, 1.40625), (0.124784549, -0.221500418), (0.279169029, -0.221106557), (0.291190482, -0.142209401),
            (0.10918648, 1.40625), (0.119548402, 1.25), (0.253961317, 1.25), (2.25, -0.310100585), (2, -0.192360758), (2, -0.302210647),
            (0.124784549, -0.221500418), (0.291190482, -0.142209401), (0.137641692, -0.142801869), (2.25, -0.310100585), (2.25, -0.199922617), (2, -0.192360758),
            (0.2442729, 1.40625), (0.407668792, 1.25), (0.39875056, 1.40625), (0.279169029, -0.221106557), (0.455714926, -0.220316347), (0.466780729, -0.141313103),
            (0.2442729, 1.40625), (0.253961317, 1.25), (0.407668792, 1.25), (0.279169029, -0.221106557), (0.466780729, -0.141313103), (0.291190482, -0.142209401),
            (0.39875056, 1.40625), (0.569612509, 1.25), (0.561505732, 1.40625), (0.455714926, -0.220316347), (0.641720836, -0.219294874), (0.651779781, -0.140293559),
            (0.39875056, 1.40625), (0.407668792, 1.25), (0.569612509, 1.25), (0.455714926, -0.220316347), (0.651779781, -0.140293559), (0.466780729, -0.141313103),
            (0.561505732, 1.40625), (0.737147978, 1.25), (0.729880674, 1.40625), (0.641720836, -0.219294874), (0.834149341, -0.218223589), (0.843166662, -0.139332601),
            (0.561505732, 1.40625), (0.569612509, 1.25), (0.737147978, 1.25), (0.641720836, -0.219294874), (0.843166662, -0.139332601), (0.651779781, -0.140293559),
            (0.729880674, 1.40625), (0.908968181, 1.25), (0.902561819, 1.40625), (0.834149341, -0.218223589), (1.03149922, -0.217257845), (1.03944828, -0.138570837),
            (0.729880674, 1.40625), (0.737147978, 1.25), (0.908968181, 1.25), (0.834149341, -0.218223589), (1.03944828, -0.138570837), (0.843166662, -0.139332601),
            (0.902561819, 1.40625), (1.08428193, 1.25), (1.07875402, 1.40625), (1.03149922, -0.217257845), (1.23286174, -0.216494647), (1.23972081, -0.138078049),
            (0.902561819, 1.40625), (0.908968181, 1.25), (1.08428193, 1.25), (1.03149922, -0.217257845), (1.23972081, -0.138078049), (1.03944828, -0.138570837),
            (1.07875402, 1.40625), (1.26255528, 1.25), (1.25792064, 1.40625), (1.23286174, -0.216494647), (1.43762359, -0.21595811), (1.44337428, -0.137843467),
            (1.07875402, 1.40625), (1.08428193, 1.25), (1.26255528, 1.25), (1.23286174, -0.216494647), (1.44337428, -0.137843467), (1.23972081, -0.138078049),
            (1.25792064, 1.40625), (1.44340207, 1.25), (1.43967361, 1.40625), (1.43762359, -0.21595811), (1.64534127, -0.215605083), (1.64996757, -0.137787496),
            (1.25792064, 1.40625), (1.26255528, 1.25), (1.44340207, 1.25), (1.43762359, -0.21595811), (1.64996757, -0.137787496), (1.44337428, -0.137843467),
            (1.43967361, 1.40625), (1.62652934, 1.25), (1.62371848, 1.40625), (1.64534127, -0.215605083), (1.85567826, -0.215347967), (1.859166, -0.137790835),
            (1.43967361, 1.40625), (1.44340207, 1.25), (1.62652934, 1.25), (1.64534127, -0.215605083), (1.859166, -0.137790835), (1.64996757, -0.137787496),
            (1.62371848, 1.40625), (1.81170674, 1.25), (1.80982375, 1.40625), (1.85567826, -0.215347967), (2.06837, -0.215087318), (2.07070643, -0.137732435),
            (1.62371848, 1.40625), (1.62652934, 1.25), (1.81170674, 1.25), (1.85567826, -0.215347967), (2.07070643, -0.137732435), (1.859166, -0.137790835),
            (1.80982375, 1.40625), (1.99874818, 1.25), (1.9978024, 1.40625), (2.06837, -0.215087318), (2.28320274, -0.214744583), (2.28437627, -0.137525668),
            (1.80982375, 1.40625), (1.81170674, 1.25), (1.99874818, 1.25), (2.06837, -0.215087318), (2.28437627, -0.137525668), (2.07070643, -0.137732435),
            (1.9978024, 1.40625), (2.1875, 1.25), (2.1875, 1.40625), (2.28320274, -0.214744583), (2.5, -0.214285714), (2.5, -0.137142857),
            (1.9978024, 1.40625), (1.99874818, 1.25), (2.1875, 1.25), (2.28320274, -0.214744583), (2.5, -0.137142857), (2.28437627, -0.137525668),
            (-1.60714286, -0.214285714), (-1.42857143, -0.214285714), (-1.42857143, -0.137142857), (-1.60714286, -0.137142857), (-1.60714286, -0.214285714), (-1.42857143, -0.137142857),
            (0.119548402, 1.25), (0.267938965, 1.09375), (0.253961317, 1.25), (0.119548402, 1.25), (0.134497728, 1.09375), (0.267938965, 1.09375),
            (2, -0.302210647), (1.75, -0.192268734), (1.75, -0.301537835), (2, -0.302210647), (2, -0.192360758), (1.75, -0.192268734),
            (0.253961317, 1.25), (0.420535281, 1.09375), (0.407668792, 1.25), (0.253961317, 1.25), (0.267938965, 1.09375), (0.420535281, 1.09375),
            (0.407668792, 1.25), (0.581308299, 1.09375), (0.569612509, 1.25), (0.407668792, 1.25), (0.420535281, 1.09375), (0.581308299, 1.09375),
            (0.569612509, 1.25), (0.747632646, 1.09375), (0.737147978, 1.25), (0.569612509, 1.25), (0.581308299, 1.09375), (0.747632646, 1.09375),
            (0.737147978, 1.25), (0.918210752, 1.09375), (0.908968181, 1.25), (0.737147978, 1.25), (0.747632646, 1.09375), (0.918210752, 1.09375),
            (0.908968181, 1.25), (1.09225715, 1.09375), (1.08428193, 1.25), (0.908968181, 1.25), (0.918210752, 1.09375), (1.09225715, 1.09375),
            (1.08428193, 1.25), (1.26924175, 1.09375), (1.26255528, 1.25), (1.08428193, 1.25), (1.09225715, 1.09375), (1.26924175, 1.09375),
            (1.26255528, 1.25), (1.4487812, 1.09375), (1.44340207, 1.25), (1.26255528, 1.25), (1.26924175, 1.09375), (1.4487812, 1.09375),
            (1.44340207, 1.25), (1.63058463, 1.09375), (1.62652934, 1.25), (1.44340207, 1.25), (1.4487812, 1.09375), (1.63058463, 1.09375),
            (1.62652934, 1.25), (1.81442337, 1.09375), (1.81170674, 1.25), (1.62652934, 1.25), (1.63058463, 1.09375), (1.81442337, 1.09375),
            (1.81170674, 1.25), (2.00011268, 1.09375), (1.99874818, 1.25), (1.81170674, 1.25), (1.81442337, 1.09375), (2.00011268, 1.09375),
            (1.99874818, 1.25), (2.1875, 1.09375), (2.1875, 1.25), (1.99874818, 1.25), (2.00011268, 1.09375), (2.1875, 1.09375),
            (-1.42857143, -0.214285714), (-1.25, -0.214285714), (-1.25, -0.137142857), (-1.42857143, -0.137142857), (-1.42857143, -0.214285714), (-1.25, -0.137142857),
            (0.134497728, 1.09375), (0.268951147, 0.9375), (0.267938965, 1.09375), (0.134497728, 1.09375), (0.135580274, 0.9375), (0.268951147, 0.9375),
            (1.75, -0.301537835), (1.5, -0.19149756), (1.5, -0.300055623), (1.75, -0.301537835), (1.75, -0.192268734), (1.5, -0.19149756),
            (0.267938965, 1.09375), (0.421467, 0.9375), (0.420535281, 1.09375), (0.267938965, 1.09375), (0.268951147, 0.9375), (0.421467, 0.9375),
            (0.420535281, 1.09375), (0.582155242, 0.9375), (0.581308299, 1.09375), (0.420535281, 1.09375), (0.421467, 0.9375), (0.582155242, 0.9375),
            (0.581308299, 1.09375), (0.748391886, 0.9375), (0.747632646, 1.09375), (0.581308299, 1.09375), (0.582155242, 0.9375), (0.748391886, 0.9375),
            (0.747632646, 1.09375), (0.918880047, 0.9375), (0.918210752, 1.09375), (0.747632646, 1.09375), (0.748391886, 0.9375), (0.918880047, 0.9375),
            (0.918210752, 1.09375), (1.09283467, 0.9375), (1.09225715, 1.09375), (0.918210752, 1.09375), (0.918880047, 0.9375), (1.09283467, 0.9375),
            (1.09225715, 1.09375), (1.26972595, 0.9375), (1.26924175, 1.09375), (1.09225715, 1.09375), (1.09283467, 0.9375), (1.26972595, 0.9375),
            (1.26924175, 1.09375), (1.44917072, 0.9375), (1.4487812, 1.09375), (1.26924175, 1.09375), (1.26972595, 0.9375), (1.44917072, 0.9375),
            (1.4487812, 1.09375), (1.63087829, 0.9375), (1.63058463, 1.09375), (1.4487812, 1.09375), (1.44917072, 0.9375), (1.63087829, 0.9375),
            (1.63058463, 1.09375), (1.81462009, 0.9375), (1.81442337, 1.09375), (1.63058463, 1.09375), (1.63087829, 0.9375), (1.81462009, 0.9375),
            (1.81442337, 1.09375), (2.00021149, 0.9375), (2.00011268, 1.09375), (1.81442337, 1.09375), (1.81462009, 0.9375), (2.00021149, 0.9375),
            (2.00011268, 1.09375), (2.1875, 0.9375), (2.1875, 1.09375), (2.00011268, 1.09375), (2.00021149, 0.9375), (2.1875, 0.9375),
            (-1.25, -0.214285714), (-1.07142857, -0.214285714), (-1.07142857, -0.137142857), (-1.25, -0.137142857), (-1.25, -0.214285714), (-1.07142857, -0.137142857),
            (0.135580274, 0.9375), (0.266767185, 0.78125), (0.268951147, 0.9375), (0.135580274, 0.9375), (0.13324449, 0.78125), (0.266767185, 0.78125),
            (1.5, -0.300055623), (1.25, -0.1865805), (1.25, -0.294433972), (1.5, -0.300055623), (1.5, -0.19149756), (1.25, -0.1865805),
            (0.268951147, 0.9375), (0.419456652, 0.78125), (0.421467, 0.9375), (0.268951147, 0.9375), (0.266767185, 0.78125), (0.419456652, 0.78125),
            (0.421467, 0.9375), (0.580327812, 0.78125), (0.582155242, 0.9375), (0.421467, 0.9375), (0.419456652, 0.78125), (0.580327812, 0.78125),
            (0.582155242, 0.9375), (0.746753691, 0.78125), (0.748391886, 0.9375), (0.582155242, 0.9375), (0.580327812, 0.78125), (0.746753691, 0.78125),
            (0.748391886, 0.9375), (0.917435925, 0.78125), (0.918880047, 0.9375), (0.748391886, 0.9375), (0.746753691, 0.78125), (0.917435925, 0.78125),
            (0.918880047, 0.9375), (1.09158857, 0.78125), (1.09283467, 0.9375), (0.918880047, 0.9375), (0.917435925, 0.78125), (1.09158857, 0.78125),
            (1.09283467, 0.9375), (1.26868121, 0.78125), (1.26972595, 0.9375), (1.09283467, 0.9375), (1.09158857, 0.78125), (1.26868121, 0.78125),
            (1.26972595, 0.9375), (1.44833025, 0.78125), (1.44917072, 0.9375), (1.26972595, 0.9375), (1.26868121, 0.78125), (1.44833025, 0.78125),
            (1.44917072, 0.9375), (1.63024466, 0.78125), (1.63087829, 0.9375), (1.44917072, 0.9375), (1.44833025, 0.78125), (1.63024466, 0.78125),
            (1.63087829, 0.9375), (1.81419563, 0.78125), (1.81462009, 0.9375), (1.63087829, 0.9375), (1.63024466, 0.78125), (1.81419563, 0.78125),
            (1.81462009, 0.9375), (1.99999829, 0.78125), (2.00021149, 0.9375), (1.81462009, 0.9375), (1.81419563, 0.78125), (1.99999829, 0.78125),
            (2.00021149, 0.9375), (2.1875, 0.78125), (2.1875, 0.9375), (2.00021149, 0.9375), (1.99999829, 0.78125), (2.1875, 0.78125),
            (-1.07142857, -0.214285714), (-0.892857143, -0.214285714), (-0.892857143, -0.137142857), (-1.07142857, -0.137142857), (-1.07142857, -0.214285714), (-0.892857143, -0.137142857),
            (0.13324449, 0.78125), (0.266747123, 0.625), (0.266767185, 0.78125), (0.13324449, 0.78125), (0.133223033, 0.625), (0.266747123, 0.625),
            (1.25, -0.294433972), (1, -0.186608051), (1, -0.293888995), (1.25, -0.294433972), (1.25, -0.1865805), (1, -0.186608051),
            (0.266767185, 0.78125), (0.419438185, 0.625), (0.419456652, 0.78125), (0.266767185, 0.78125), (0.266747123, 0.625), (0.419438185, 0.625),
            (0.419456652, 0.78125), (0.580311025, 0.625), (0.580327812, 0.78125), (0.419456652, 0.78125), (0.419438185, 0.625), (0.580311025, 0.625),
            (0.580327812, 0.78125), (0.746738642, 0.625), (0.746753691, 0.78125), (0.580327812, 0.78125), (0.580311025, 0.625), (0.746738642, 0.625),
            (0.746753691, 0.78125), (0.917422659, 0.625), (0.917435925, 0.78125), (0.746753691, 0.78125), (0.746738642, 0.625), (0.917422659, 0.625),
            (0.917435925, 0.78125), (1.09157712, 0.625), (1.09158857, 0.78125), (0.917435925, 0.78125), (0.917422659, 0.625), (1.09157712, 0.625),
            (1.09158857, 0.78125), (1.26867161, 0.625), (1.26868121, 0.78125), (1.09158857, 0.78125), (1.09157712, 0.625), (1.26867161, 0.625),
            (1.26868121, 0.78125), (1.44832253, 0.625), (1.44833025, 0.78125), (1.26868121, 0.78125), (1.26867161, 0.625), (1.44832253, 0.625),
            (1.44833025, 0.78125), (1.63023884, 0.625), (1.63024466, 0.78125), (1.44833025, 0.78125), (1.44832253, 0.625), (1.63023884, 0.625),
            (1.63024466, 0.78125), (1.81419173, 0.625), (1.81419563, 0.78125), (1.63024466, 0.78125), (1.63023884, 0.625), (1.81419173, 0.625),
            (1.81419563, 0.78125), (1.99999633, 0.625), (1.99999829, 0.78125), (1.81419563, 0.78125), (1.81419173, 0.625), (1.99999633, 0.625),
            (1.99999829, 0.78125), (2.1875, 0.625), (2.1875, 0.78125), (1.99999829, 0.78125), (1.99999633, 0.625), (2.1875, 0.625),
            (-0.892857143, -0.214285714), (-0.714285714, -0.214285714), (-0.714285714, -0.137142857), (-0.892857143, -0.137142857), (-0.892857143, -0.214285714), (-0.714285714, -0.137142857),
            (0.133223033, 0.625), (0.254267116, 0.46875), (0.266747123, 0.625), (0.133223033, 0.625), (0.11987546, 0.46875), (0.254267116, 0.46875),
            (1, -0.293888995), (0.75, -0.195301488), (0.75, -0.302234095), (1, -0.293888995), (1, -0.186608051), (0.75, -0.195301488),
            (0.266747123, 0.625), (0.407950282, 0.46875), (0.419438185, 0.625), (0.266747123, 0.625), (0.254267116, 0.46875), (0.407950282, 0.46875),
            (0.419438185, 0.625), (0.569868387, 0.46875), (0.580311025, 0.625), (0.419438185, 0.625), (0.407950282, 0.46875), (0.569868387, 0.46875),
            (0.580311025, 0.625), (0.737377359, 0.46875), (0.746738642, 0.625), (0.580311025, 0.625), (0.569868387, 0.46875), (0.737377359, 0.46875),
            (0.746738642, 0.625), (0.909170388, 0.46875), (0.917422659, 0.625), (0.746738642, 0.625), (0.737377359, 0.46875), (0.909170388, 0.46875),
            (0.917422659, 0.625), (1.08445641, 0.46875), (1.09157712, 0.625), (0.917422659, 0.625), (0.909170388, 0.46875), (1.08445641, 0.46875),
            (1.09157712, 0.625), (1.26270156, 0.46875), (1.26867161, 0.625), (1.09157712, 0.625), (1.08445641, 0.46875), (1.26270156, 0.46875),
            (1.26867161, 0.625), (1.44351976, 0.46875), (1.44832253, 0.625), (1.26867161, 0.625), (1.26270156, 0.46875), (1.44351976, 0.46875),
            (1.44832253, 0.625), (1.62661806, 0.46875), (1.63023884, 0.625), (1.44832253, 0.625), (1.44351976, 0.46875), (1.62661806, 0.46875),
            (1.63023884, 0.625), (1.81176618, 0.46875), (1.81419173, 0.625), (1.63023884, 0.625), (1.62661806, 0.46875), (1.81176618, 0.46875),
            (1.81419173, 0.625), (1.99877803, 0.46875), (1.99999633, 0.625), (1.81419173, 0.625), (1.81176618, 0.46875), (1.99877803, 0.46875),
            (1.99999633, 0.625), (2.1875, 0.46875), (2.1875, 0.625), (1.99999633, 0.625), (1.99877803, 0.46875), (2.1875, 0.46875),
            (-0.714285714, -0.214285714), (-0.535714286, -0.214285714), (-0.535714286, -0.137142857), (-0.714285714, -0.137142857), (-0.714285714, -0.214285714), (-0.535714286, -0.137142857),
            (0.11987546, 0.46875), (0.237639914, 0.3125), (0.254267116, 0.46875), (0.11987546, 0.46875), (0.102092391, 0.3125), (0.237639914, 0.3125),
            (0.75, -0.302234095), (0.5, -0.201002906), (0.5, -0.307854507), (0.75, -0.302234095), (0.75, -0.195301488), (0.5, -0.201002906),
            (0.254267116, 0.46875), (0.392644866, 0.3125), (0.407950282, 0.46875), (0.254267116, 0.46875), (0.237639914, 0.3125), (0.392644866, 0.3125),
            (0.407950282, 0.46875), (0.555955583, 0.3125), (0.569868387, 0.46875), (0.407950282, 0.46875), (0.392644866, 0.3125), (0.555955583, 0.3125),
            (0.569868387, 0.46875), (0.724905254, 0.3125), (0.737377359, 0.46875), (0.569868387, 0.46875), (0.555955583, 0.3125), (0.724905254, 0.3125),
            (0.737377359, 0.46875), (0.898175828, 0.3125), (0.909170388, 0.46875), (0.737377359, 0.46875), (0.724905254, 0.3125), (0.898175828, 0.3125),
            (0.909170388, 0.46875), (1.07496944, 0.3125), (1.08445641, 0.46875), (0.909170388, 0.46875), (0.898175828, 0.3125), (1.07496944, 0.3125),
            (1.08445641, 0.46875), (1.25474763, 0.3125), (1.26270156, 0.46875), (1.08445641, 0.46875), (1.07496944, 0.3125), (1.25474763, 0.3125),
            (1.26270156, 0.46875), (1.43712099, 0.3125), (1.44351976, 0.46875), (1.26270156, 0.46875), (1.25474763, 0.3125), (1.43712099, 0.3125),
            (1.44351976, 0.46875), (1.62179407, 0.3125), (1.62661806, 0.46875), (1.44351976, 0.46875), (1.43712099, 0.3125), (1.62179407, 0.3125),
            (1.62661806, 0.46875), (1.80853459, 0.3125), (1.81176618, 0.46875), (1.62661806, 0.46875), (1.62179407, 0.3125), (1.80853459, 0.3125),
            (1.81176618, 0.46875), (1.99715489, 0.3125), (1.99877803, 0.46875), (1.81176618, 0.46875), (1.80853459, 0.3125), (1.99715489, 0.3125),
            (1.99877803, 0.46875), (2.1875, 0.3125), (2.1875, 0.46875), (1.99877803, 0.46875), (1.99715489, 0.3125), (2.1875, 0.3125),
            (-0.535714286, -0.214285714), (-0.357142857, -0.214285714), (-0.357142857, -0.137142857), (-0.535714286, -0.137142857), (-0.535714286, -0.214285714), (-0.357142857, -0.137142857),
            (0.102092391, 0.3125), (0.243852493, 0.15625), (0.237639914, 0.3125), (0.102092391, 0.3125), (0.108736847, 0.15625), (0.243852493, 0.15625),
            (0.5, -0.307854507), (0.25, -0.194741461), (0.25, -0.301767621), (0.5, -0.307854507), (0.5, -0.201002906), (0.25, -0.194741461),
            (0.237639914, 0.3125), (0.398363573, 0.15625), (0.392644866, 0.3125), (0.237639914, 0.3125), (0.243852493, 0.15625), (0.398363573, 0.15625),
            (0.392644866, 0.3125), (0.561153956, 0.15625), (0.555955583, 0.3125), (0.392644866, 0.3125), (0.398363573, 0.15625), (0.561153956, 0.15625),
            (0.555955583, 0.3125), (0.729565325, 0.15625), (0.724905254, 0.3125), (0.555955583, 0.3125), (0.561153956, 0.15625), (0.729565325, 0.15625),
            (0.724905254, 0.3125), (0.902283829, 0.15625), (0.898175828, 0.3125), (0.724905254, 0.3125), (0.729565325, 0.15625), (0.902283829, 0.15625),
            (0.898175828, 0.3125), (1.07851415, 0.15625), (1.07496944, 0.3125), (0.898175828, 0.3125), (0.902283829, 0.15625), (1.07851415, 0.15625),
            (1.07496944, 0.3125), (1.25771953, 0.15625), (1.25474763, 0.3125), (1.07496944, 0.3125), (1.07851415, 0.15625), (1.25771953, 0.15625),
            (1.25474763, 0.3125), (1.43951182, 0.15625), (1.43712099, 0.3125), (1.25474763, 0.3125), (1.25771953, 0.15625), (1.43951182, 0.15625),
            (1.43712099, 0.3125), (1.6235965, 0.15625), (1.62179407, 0.3125), (1.43712099, 0.3125), (1.43951182, 0.15625), (1.6235965, 0.15625),
            (1.62179407, 0.3125), (1.80974204, 0.15625), (1.80853459, 0.3125), (1.62179407, 0.3125), (1.6235965, 0.15625), (1.80974204, 0.15625),
            (1.80853459, 0.3125), (1.99776136, 0.15625), (1.99715489, 0.3125), (1.80853459, 0.3125), (1.80974204, 0.15625), (1.99776136, 0.15625),
            (1.99715489, 0.3125), (2.1875, 0.15625), (2.1875, 0.3125), (1.99715489, 0.3125), (1.99776136, 0.15625), (2.1875, 0.15625),
            (-0.357142857, -0.214285714), (-0.178571429, -0.214285714), (-0.178571429, -0.137142857), (-0.357142857, -0.137142857), (-0.357142857, -0.214285714), (-0.178571429, -0.137142857),
            (0.108736847, 0.15625), (0.264313649, -0), (0.243852493, 0.15625), (0.108736847, 0.15625), (0.130620392, -0), (0.264313649, -0),
            (0.25, -0.301767621), (-0, -0.185082936), (-0, -0.292477097), (0.25, -0.301767621), (0.25, -0.194741461), (-0, -0.185082936),
            (0.243852493, 0.15625), (0.417198161, -0), (0.398363573, 0.15625), (0.243852493, 0.15625), (0.264313649, -0), (0.417198161, -0),
            (0.398363573, 0.15625), (0.578274818, -0), (0.561153956, 0.15625), (0.398363573, 0.15625), (0.417198161, -0), (0.578274818, -0),
            (0.561153956, 0.15625), (0.744913287, -0), (0.729565325, 0.15625), (0.561153956, 0.15625), (0.578274818, -0), (0.744913287, -0),
            (0.729565325, 0.15625), (0.91581355, -0), (0.902283829, 0.15625), (0.729565325, 0.15625), (0.744913287, -0), (0.91581355, -0),
            (0.902283829, 0.15625), (1.09018866, -0), (1.07851415, 0.15625), (0.902283829, 0.15625), (0.91581355, -0), (1.09018866, -0),
            (1.07851415, 0.15625), (1.26750751, -0), (1.25771953, 0.15625), (1.07851415, 0.15625), (1.09018866, -0), (1.26750751, -0),
            (1.25771953, 0.15625), (1.44738604, -0), (1.43951182, 0.15625), (1.25771953, 0.15625), (1.26750751, -0), (1.44738604, -0),
            (1.43951182, 0.15625), (1.62953283, -0), (1.6235965, 0.15625), (1.43951182, 0.15625), (1.44738604, -0), (1.62953283, -0),
            (1.6235965, 0.15625), (1.81371877, -0), (1.80974204, 0.15625), (1.6235965, 0.15625), (1.62953283, -0), (1.81371877, -0),
            (1.80974204, 0.15625), (1.99975877, -0), (1.99776136, 0.15625), (1.80974204, 0.15625), (1.81371877, -0), (1.99975877, -0),
            (1.99776136, 0.15625), (2.1875, -0), (2.1875, 0.15625), (1.99776136, 0.15625), (1.99975877, -0), (2.1875, -0),
            (-0.178571429, -0.214285714), (0, -0.214285714), (0, -0.137142857), (-0.178571429, -0.137142857), (-0.178571429, -0.214285714), (0, -0.137142857),
            (0.130620392, -0), (0.271113367, -0.15625), (0.264313649, -0), (0.130620392, -0), (0.137892803, -0.15625), (0.271113367, -0.15625),
            (-0, -0.292477097), (-0.25, -0.183458971), (-0.25, -0.291316093), (-0, -0.292477097), (-0, -0.185082936), (-0.25, -0.183458971),
            (0.264313649, -0), (0.423457333, -0.15625), (0.417198161, -0), (0.264313649, -0), (0.271113367, -0.15625), (0.423457333, -0.15625),
            (0.417198161, -0), (0.583964478, -0.15625), (0.578274818, -0), (0.417198161, -0), (0.423457333, -0.15625), (0.583964478, -0.15625),
            (0.578274818, -0), (0.750013772, -0.15625), (0.744913287, -0), (0.578274818, -0), (0.583964478, -0.15625), (0.750013772, -0.15625),
            (0.744913287, -0), (0.920309791, -0.15625), (0.91581355, -0), (0.744913287, -0), (0.750013772, -0.15625), (0.920309791, -0.15625),
            (0.91581355, -0), (1.09406837, -0.15625), (1.09018866, -0), (0.91581355, -0), (0.920309791, -0.15625), (1.09406837, -0.15625),
            (1.09018866, -0), (1.27076028, -0.15625), (1.26750751, -0), (1.09018866, -0), (1.09406837, -0.15625), (1.27076028, -0.15625),
            (1.26750751, -0), (1.45000282, -0.15625), (1.44738604, -0), (1.26750751, -0), (1.27076028, -0.15625), (1.45000282, -0.15625),
            (1.44738604, -0), (1.6315056, -0.15625), (1.62953283, -0), (1.44738604, -0), (1.45000282, -0.15625), (1.6315056, -0.15625),
            (1.62953283, -0), (1.81504033, -0.15625), (1.81371877, -0), (1.62953283, -0), (1.6315056, -0.15625), (1.81504033, -0.15625),
            (1.81371877, -0), (2.00042256, -0.15625), (1.99975877, -0), (1.81371877, -0), (1.81504033, -0.15625), (2.00042256, -0.15625),
            (1.99975877, -0), (2.1875, -0.15625), (2.1875, -0), (1.99975877, -0), (2.00042256, -0.15625), (2.1875, -0.15625),
            (0, -0.214285714), (0.178571429, -0.214285714), (0.178571429, -0.137142857), (0, -0.137142857), (0, -0.214285714), (0.178571429, -0.137142857),
            (0.137892803, -0.15625), (0.267977664, -0.3125), (0.271113367, -0.15625), (0.137892803, -0.15625), (0.134539117, -0.3125), (0.267977664, -0.3125),
            (-0.25, -0.291316093), (-0.5, -0.186413691), (-0.5, -0.294714534), (-0.25, -0.291316093), (-0.25, -0.183458971), (-0.5, -0.186413691),
            (0.271113367, -0.15625), (0.420570904, -0.3125), (0.423457333, -0.15625), (0.271113367, -0.15625), (0.267977664, -0.3125), (0.420570904, -0.3125),
            (0.423457333, -0.15625), (0.58134068, -0.3125), (0.583964478, -0.15625), (0.423457333, -0.15625), (0.420570904, -0.3125), (0.58134068, -0.3125),
            (0.583964478, -0.15625), (0.747661674, -0.3125), (0.750013772, -0.15625), (0.583964478, -0.15625), (0.58134068, -0.3125), (0.747661674, -0.3125),
            (0.750013772, -0.15625), (0.918236341, -0.3125), (0.920309791, -0.15625), (0.750013772, -0.15625), (0.747661674, -0.3125), (0.918236341, -0.3125),
            (0.920309791, -0.15625), (1.09227923, -0.3125), (1.09406837, -0.15625), (0.920309791, -0.15625), (0.918236341, -0.3125), (1.09227923, -0.3125),
            (1.09406837, -0.15625), (1.26926026, -0.3125), (1.27076028, -0.15625), (1.09406837, -0.15625), (1.09227923, -0.3125), (1.26926026, -0.3125),
            (1.27076028, -0.15625), (1.44879609, -0.3125), (1.45000282, -0.15625), (1.27076028, -0.15625), (1.26926026, -0.3125), (1.44879609, -0.3125),
            (1.45000282, -0.15625), (1.63059585, -0.3125), (1.6315056, -0.15625), (1.45000282, -0.15625), (1.44879609, -0.3125), (1.63059585, -0.3125),
            (1.6315056, -0.15625), (1.81443089, -0.3125), (1.81504033, -0.15625), (1.6315056, -0.15625), (1.63059585, -0.3125), (1.81443089, -0.3125),
            (1.81504033, -0.15625), (2.00011645, -0.3125), (2.00042256, -0.15625), (1.81504033, -0.15625), (1.81443089, -0.3125), (2.00011645, -0.3125),
            (2.00042256, -0.15625), (2.1875, -0.3125), (2.1875, -0.15625), (2.00042256, -0.15625), (2.00011645, -0.3125), (2.1875, -0.3125),
            (0.178571429, -0.214285714), (0.357142857, -0.214285714), (0.357142857, -0.137142857), (0.178571429, -0.137142857), (0.178571429, -0.214285714), (0.357142857, -0.137142857),
            (0.134539117, -0.3125), (0.267485638, -0.46875), (0.267977664, -0.3125), (0.134539117, -0.3125), (0.134012888, -0.46875), (0.267485638, -0.46875),
            (-0.5, -0.294714534), (-0.75, -0.185690128), (-0.75, -0.294308874), (-0.5, -0.294714534), (-0.5, -0.186413691), (-0.75, -0.185690128),
            (0.267977664, -0.3125), (0.420117992, -0.46875), (0.420570904, -0.3125), (0.267977664, -0.3125), (0.267485638, -0.46875), (0.420117992, -0.46875),
            (0.420570904, -0.3125), (0.580928978, -0.46875), (0.58134068, -0.3125), (0.420570904, -0.3125), (0.420117992, -0.46875), (0.580928978, -0.46875),
            (0.58134068, -0.3125), (0.747292605, -0.46875), (0.747661674, -0.3125), (0.58134068, -0.3125), (0.580928978, -0.46875), (0.747292605, -0.46875),
            (0.747661674, -0.3125), (0.917910995, -0.46875), (0.918236341, -0.3125), (0.747661674, -0.3125), (0.747292605, -0.46875), (0.917910995, -0.46875),
            (0.918236341, -0.3125), (1.0919985, -0.46875), (1.09227923, -0.3125), (0.918236341, -0.3125), (0.917910995, -0.46875), (1.0919985, -0.46875),
            (1.09227923, -0.3125), (1.26902489, -0.46875), (1.26926026, -0.3125), (1.09227923, -0.3125), (1.0919985, -0.46875), (1.26902489, -0.46875),
            (1.26926026, -0.3125), (1.44860674, -0.46875), (1.44879609, -0.3125), (1.26926026, -0.3125), (1.26902489, -0.46875), (1.44860674, -0.46875),
            (1.44879609, -0.3125), (1.6304531, -0.46875), (1.63059585, -0.3125), (1.44879609, -0.3125), (1.44860674, -0.46875), (1.6304531, -0.46875),
            (1.63059585, -0.3125), (1.81433526, -0.46875), (1.81443089, -0.3125), (1.63059585, -0.3125), (1.6304531, -0.46875), (1.81433526, -0.46875),
            (1.81443089, -0.3125), (2.00006842, -0.46875), (2.00011645, -0.3125), (1.81443089, -0.3125), (1.81433526, -0.46875), (2.00006842, -0.46875),
            (2.00011645, -0.3125), (2.1875, -0.46875), (2.1875, -0.3125), (2.00011645, -0.3125), (2.00006842, -0.46875), (2.1875, -0.46875),
            (0.357142857, -0.214285714), (0.535714286, -0.214285714), (0.535714286, -0.137142857), (0.357142857, -0.137142857), (0.357142857, -0.214285714), (0.535714286, -0.137142857),
            (0.134012888, -0.46875), (0.259967871, -0.625), (0.267485638, -0.46875), (0.134012888, -0.46875), (0.125972511, -0.625), (0.259967871, -0.625),
            (-0.75, -0.294308874), (-1, -0.185675301), (-1, -0.294408764), (-0.75, -0.294308874), (-0.75, -0.185690128), (-1, -0.185675301),
            (0.267485638, -0.46875), (0.413197853, -0.625), (0.420117992, -0.46875), (0.267485638, -0.46875), (0.259967871, -0.625), (0.413197853, -0.625),
            (0.420117992, -0.46875), (0.57463849, -0.625), (0.580928978, -0.46875), (0.420117992, -0.46875), (0.413197853, -0.625), (0.57463849, -0.625),
            (0.580928978, -0.46875), (0.741653509, -0.625), (0.747292605, -0.46875), (0.580928978, -0.46875), (0.57463849, -0.625), (0.741653509, -0.625),
            (0.747292605, -0.46875), (0.912939951, -0.625), (0.917910995, -0.46875), (0.747292605, -0.46875), (0.741653509, -0.625), (0.912939951, -0.625),
            (0.917910995, -0.46875), (1.08770909, -0.625), (1.0919985, -0.46875), (0.917910995, -0.46875), (0.912939951, -0.625), (1.08770909, -0.625),
            (1.0919985, -0.46875), (1.26542863, -0.625), (1.26902489, -0.46875), (1.0919985, -0.46875), (1.08770909, -0.625), (1.26542863, -0.625),
            (1.26902489, -0.46875), (1.44571362, -0.625), (1.44860674, -0.46875), (1.26902489, -0.46875), (1.26542863, -0.625), (1.44571362, -0.625),
            (1.44860674, -0.46875), (1.628272, -0.625), (1.6304531, -0.46875), (1.44860674, -0.46875), (1.44571362, -0.625), (1.628272, -0.625),
            (1.6304531, -0.46875), (1.81287415, -0.625), (1.81433526, -0.46875), (1.6304531, -0.46875), (1.628272, -0.625), (1.81287415, -0.625),
            (1.81433526, -0.46875), (1.99933454, -0.625), (2.00006842, -0.46875), (1.81433526, -0.46875), (1.81287415, -0.625), (1.99933454, -0.625),
            (2.00006842, -0.46875), (2.1875, -0.625), (2.1875, -0.46875), (2.00006842, -0.46875), (1.99933454, -0.625), (2.1875, -0.625),
            (0.535714286, -0.214285714), (0.714285714, -0.214285714), (0.714285714, -0.137142857), (0.535714286, -0.137142857), (0.535714286, -0.214285714), (0.714285714, -0.137142857),
            (0.125972511, -0.625), (0.245579527, -0.78125), (0.259967871, -0.625), (0.125972511, -0.625), (0.110583939, -0.78125), (0.245579527, -0.78125),
            (-1, -0.294408764), (-1.25, -0.194876828), (-1.25, -0.303489404), (-1, -0.294408764), (-1, -0.185675301), (-1.25, -0.194876828),
            (0.259967871, -0.625), (0.399953316, -0.78125), (0.413197853, -0.625), (0.259967871, -0.625), (0.245579527, -0.78125), (0.399953316, -0.78125),
            (0.413197853, -0.625), (0.562599051, -0.78125), (0.57463849, -0.625), (0.413197853, -0.625), (0.399953316, -0.78125), (0.562599051, -0.78125),
            (0.57463849, -0.625), (0.730860778, -0.78125), (0.741653509, -0.625), (0.57463849, -0.625), (0.562599051, -0.78125), (0.730860778, -0.78125),
            (0.741653509, -0.625), (0.903425812, -0.78125), (0.912939951, -0.625), (0.741653509, -0.625), (0.730860778, -0.78125), (0.903425812, -0.78125),
            (0.912939951, -0.625), (1.07949954, -0.78125), (1.08770909, -0.625), (0.912939951, -0.625), (0.903425812, -0.78125), (1.07949954, -0.78125),
            (1.08770909, -0.625), (1.25854569, -0.78125), (1.26542863, -0.625), (1.08770909, -0.625), (1.07949954, -0.78125), (1.25854569, -0.78125),
            (1.26542863, -0.625), (1.44017645, -0.78125), (1.44571362, -0.625), (1.26542863, -0.625), (1.25854569, -0.78125), (1.44017645, -0.78125),
            (1.44571362, -0.625), (1.62409756, -0.78125), (1.628272, -0.625), (1.44571362, -0.625), (1.44017645, -0.78125), (1.62409756, -0.78125),
            (1.628272, -0.625), (1.8100777, -0.78125), (1.81287415, -0.625), (1.628272, -0.625), (1.62409756, -0.78125), (1.8100777, -0.78125),
            (1.81287415, -0.625), (1.99792995, -0.78125), (1.99933454, -0.625), (1.81287415, -0.625), (1.8100777, -0.78125), (1.99792995, -0.78125),
            (1.99933454, -0.625), (2.1875, -0.78125), (2.1875, -0.625), (1.99933454, -0.625), (1.99792995, -0.78125), (2.1875, -0.78125),
            (0.714285714, -0.214285714), (0.892857143, -0.214285714), (0.892857143, -0.137142857), (0.714285714, -0.137142857), (0.714285714, -0.214285714), (0.892857143, -0.137142857),
            (0.110583939, -0.78125), (0.245331039, -0.9375), (0.245579527, -0.78125), (0.110583939, -0.78125), (0.110318177, -0.9375), (0.245331039, -0.9375),
            (-1.25, -0.303489404), (-1.5, -0.207065586), (-1.5, -0.315341107), (-1.25, -0.303489404), (-1.25, -0.194876828), (-1.5, -0.207065586),
            (0.245579527, -0.78125), (0.399724581, -0.9375), (0.399953316, -0.78125), (0.245579527, -0.78125), (0.245331039, -0.9375), (0.399724581, -0.9375),
            (0.399953316, -0.78125), (0.562391128, -0.9375), (0.562599051, -0.78125), (0.399953316, -0.78125), (0.399724581, -0.9375), (0.562391128, -0.9375),
            (0.562599051, -0.78125), (0.730674386, -0.9375), (0.730860778, -0.78125), (0.562599051, -0.78125), (0.562391128, -0.9375), (0.730674386, -0.9375),
            (0.730860778, -0.78125), (0.903261502, -0.9375), (0.903425812, -0.78125), (0.730860778, -0.78125), (0.730674386, -0.9375), (0.903261502, -0.9375),
            (0.903425812, -0.78125), (1.07935776, -0.9375), (1.07949954, -0.78125), (0.903425812, -0.78125), (0.903261502, -0.9375), (1.07935776, -0.9375),
            (1.07949954, -0.78125), (1.25842682, -0.9375), (1.25854569, -0.78125), (1.07949954, -0.78125), (1.07935776, -0.9375), (1.25842682, -0.9375),
            (1.25854569, -0.78125), (1.44008082, -0.9375), (1.44017645, -0.78125), (1.25854569, -0.78125), (1.25842682, -0.9375), (1.44008082, -0.9375),
            (1.44017645, -0.78125), (1.62402547, -0.9375), (1.62409756, -0.78125), (1.44017645, -0.78125), (1.44008082, -0.9375), (1.62402547, -0.9375),
            (1.62409756, -0.78125), (1.8100294, -0.9375), (1.8100777, -0.78125), (1.62409756, -0.78125), (1.62402547, -0.9375), (1.8100294, -0.9375),
            (1.8100777, -0.78125), (1.99790569, -0.9375), (1.99792995, -0.78125), (1.8100777, -0.78125), (1.8100294, -0.9375), (1.99790569, -0.9375),
            (1.99792995, -0.78125), (2.1875, -0.9375), (2.1875, -0.78125), (1.99792995, -0.78125), (1.99790569, -0.9375), (2.1875, -0.9375),
            (0.892857143, -0.214285714), (1.07142857, -0.214285714), (1.07142857, -0.137142857), (0.892857143, -0.137142857), (0.892857143, -0.214285714), (1.07142857, -0.137142857),
            (0.110318177, -0.9375), (0.261337984, -1.09375), (0.245331039, -0.9375), (0.110318177, -0.9375), (0.12743787, -1.09375), (0.261337984, -1.09375),
            (-1.5, -0.315341107), (-1.75, -0.208057802), (-1.75, -0.31584812), (-1.5, -0.315341107), (-1.5, -0.207065586), (-1.75, -0.208057802),
            (0.245331039, -0.9375), (0.414459048, -1.09375), (0.399724581, -0.9375), (0.245331039, -0.9375), (0.261337984, -1.09375), (0.414459048, -1.09375),
            (0.399724581, -0.9375), (0.575784932, -1.09375), (0.562391128, -0.9375), (0.399724581, -0.9375), (0.414459048, -1.09375), (0.575784932, -1.09375),
            (0.562391128, -0.9375), (0.742681234, -1.09375), (0.730674386, -0.9375), (0.562391128, -0.9375), (0.575784932, -1.09375), (0.742681234, -1.09375),
            (0.730674386, -0.9375), (0.913845924, -1.09375), (0.903261502, -0.9375), (0.730674386, -0.9375), (0.742681234, -1.09375), (0.913845924, -1.09375),
            (0.903261502, -0.9375), (1.08849084, -1.09375), (1.07935776, -0.9375), (0.903261502, -0.9375), (0.913845924, -1.09375), (1.08849084, -1.09375),
            (1.07935776, -0.9375), (1.26608405, -1.09375), (1.25842682, -0.9375), (1.07935776, -0.9375), (1.08849084, -1.09375), (1.26608405, -1.09375),
            (1.25842682, -0.9375), (1.44624089, -1.09375), (1.44008082, -0.9375), (1.25842682, -0.9375), (1.26608405, -1.09375), (1.44624089, -1.09375),
            (1.44008082, -0.9375), (1.62866951, -1.09375), (1.62402547, -0.9375), (1.44008082, -0.9375), (1.44624089, -1.09375), (1.62866951, -1.09375),
            (1.62402547, -0.9375), (1.81314044, -1.09375), (1.8100294, -0.9375), (1.62402547, -0.9375), (1.62866951, -1.09375), (1.81314044, -1.09375),
            (1.8100294, -0.9375), (1.99946829, -1.09375), (1.99790569, -0.9375), (1.8100294, -0.9375), (1.81314044, -1.09375), (1.99946829, -1.09375),
            (1.99790569, -0.9375), (2.1875, -1.09375), (2.1875, -0.9375), (1.99790569, -0.9375), (1.99946829, -1.09375), (2.1875, -1.09375),
            (1.07142857, -0.214285714), (1.25, -0.214285714), (1.25, -0.137142857), (1.07142857, -0.137142857), (1.07142857, -0.214285714), (1.25, -0.137142857),
            (0.12743787, -1.09375), (0.272731363, -1.25), (0.261337984, -1.09375), (0.12743787, -1.09375), (0.139623277, -1.25), (0.272731363, -1.25),
            (-1.75, -0.31584812), (-2, -0.197846666), (-2, -0.305107365), (-1.75, -0.31584812), (-1.75, -0.208057802), (-2, -0.197846666),
            (0.261337984, -1.09375), (0.424946706, -1.25), (0.414459048, -1.09375), (0.261337984, -1.09375), (0.272731363, -1.25), (0.424946706, -1.25),
            (0.414459048, -1.09375), (0.585318336, -1.25), (0.575784932, -1.09375), (0.414459048, -1.09375), (0.424946706, -1.25), (0.585318336, -1.25),
            (0.575784932, -1.09375), (0.751227435, -1.25), (0.742681234, -1.09375), (0.575784932, -1.09375), (0.585318336, -1.25), (0.751227435, -1.25),
            (0.742681234, -1.09375), (0.921379674, -1.25), (0.913845924, -1.09375), (0.742681234, -1.09375), (0.751227435, -1.25), (0.921379674, -1.25),
            (0.913845924, -1.09375), (1.09499155, -1.25), (1.08849084, -1.09375), (0.913845924, -1.09375), (0.921379674, -1.25), (1.09499155, -1.25),
            (1.08849084, -1.09375), (1.27153428, -1.25), (1.26608405, -1.09375), (1.08849084, -1.09375), (1.09499155, -1.25), (1.27153428, -1.25),
            (1.26608405, -1.09375), (1.45062549, -1.25), (1.44624089, -1.09375), (1.26608405, -1.09375), (1.27153428, -1.25), (1.45062549, -1.25),
            (1.44624089, -1.09375), (1.63197503, -1.25), (1.62866951, -1.09375), (1.44624089, -1.09375), (1.45062549, -1.25), (1.63197503, -1.25),
            (1.62866951, -1.09375), (1.8153548, -1.25), (1.81314044, -1.09375), (1.62866951, -1.09375), (1.63197503, -1.25), (1.8153548, -1.25),
            (1.81314044, -1.09375), (2.00058051, -1.25), (1.99946829, -1.09375), (1.81314044, -1.09375), (1.8153548, -1.25), (2.00058051, -1.25),
            (1.99946829, -1.09375), (2.1875, -1.25), (2.1875, -1.09375), (1.99946829, -1.09375), (2.00058051, -1.25), (2.1875, -1.25),
            (1.25, -0.214285714), (1.42857143, -0.214285714), (1.42857143, -0.137142857), (1.25, -0.137142857), (1.25, -0.214285714), (1.42857143, -0.137142857),
            (0.139623277, -1.25), (0.269981102, -1.40625), (0.272731363, -1.25), (0.139623277, -1.25), (0.136681827, -1.40625), (0.269981102, -1.40625),
            (-2, -0.305107365), (-2.25, -0.189375183), (-2.25, -0.296181164), (-2, -0.305107365), (-2, -0.197846666), (-2.25, -0.189375183),
            (0.272731363, -1.25), (0.422415078, -1.40625), (0.424946706, -1.25), (0.272731363, -1.25), (0.269981102, -1.40625), (0.422415078, -1.40625),
            (0.424946706, -1.25), (0.583017056, -1.40625), (0.585318336, -1.25), (0.424946706, -1.25), (0.422415078, -1.40625), (0.583017056, -1.40625),
            (0.585318336, -1.25), (0.749164458, -1.40625), (0.751227435, -1.25), (0.585318336, -1.25), (0.583017056, -1.40625), (0.749164458, -1.40625),
            (0.751227435, -1.25), (0.919561093, -1.40625), (0.921379674, -1.25), (0.751227435, -1.25), (0.749164458, -1.40625), (0.919561093, -1.40625),
            (0.921379674, -1.25), (1.09342233, -1.40625), (1.09499155, -1.25), (0.921379674, -1.25), (0.919561093, -1.40625), (1.09342233, -1.40625),
            (1.09499155, -1.25), (1.27021864, -1.40625), (1.27153428, -1.25), (1.09499155, -1.25), (1.09342233, -1.40625), (1.27021864, -1.40625),
            (1.27153428, -1.25), (1.44956709, -1.40625), (1.45062549, -1.25), (1.27153428, -1.25), (1.27021864, -1.40625), (1.44956709, -1.40625),
            (1.45062549, -1.25), (1.6311771, -1.40625), (1.63197503, -1.25), (1.45062549, -1.25), (1.44956709, -1.40625), (1.6311771, -1.40625),
            (1.63197503, -1.25), (1.81482027, -1.40625), (1.8153548, -1.25), (1.63197503, -1.25), (1.6311771, -1.40625), (1.81482027, -1.40625),
            (1.8153548, -1.25), (2.00031203, -1.40625), (2.00058051, -1.25), (1.8153548, -1.25), (1.81482027, -1.40625), (2.00031203, -1.40625),
            (2.00058051, -1.25), (2.1875, -1.40625), (2.1875, -1.25), (2.00058051, -1.25), (2.00031203, -1.40625), (2.1875, -1.40625),
            (1.42857143, -0.214285714), (1.60714286, -0.214285714), (1.60714286, -0.137142857), (1.42857143, -0.137142857), (1.42857143, -0.214285714), (1.60714286, -0.137142857),
            (-0.308549831, -0.21317323), (-0.156207802, -0.211557974), (-0.320571284, -0.136611322), (-0.156207802, -0.211557974), (-0.169064945, -0.135267988), (-0.320571284, -0.136611322),
            (-0.482760089, -0.214446413), (-0.308549831, -0.21317323), (-0.493825891, -0.137615177), (-0.308549831, -0.21317323), (-0.320571284, -0.136611322), (-0.493825891, -0.137615177),
            (-0.666305207, -0.215202717), (-0.482760089, -0.214446413), (-0.676364151, -0.138139417), (-0.482760089, -0.214446413), (-0.493825891, -0.137615177), (-0.676364151, -0.138139417),
            (-0.856187951, -0.215389008), (-0.666305207, -0.215202717), (-0.865205272, -0.138157267), (-0.666305207, -0.215202717), (-0.676364151, -0.138139417), (-0.865205272, -0.138157267),
            (-1.05092696, -0.215078528), (-0.856187951, -0.215389008), (-1.05887602, -0.137755628), (-0.856187951, -0.215389008), (-0.865205272, -0.138157267), (-1.05887602, -0.137755628),
            (-1.24962553, -0.214446608), (-1.05092696, -0.215078528), (-1.2564846, -0.137108725), (-1.05092696, -0.215078528), (-1.05887602, -0.137755628), (-1.2564846, -0.137108725),
            (-1.45167845, -0.2137242), (-1.24962553, -0.214446608), (-1.45742914, -0.136432242), (-1.24962553, -0.214446608), (-1.2564846, -0.137108725), (-1.45742914, -0.136432242),
            (-1.6566481, -0.213141068), (-1.45167845, -0.2137242), (-1.6612744, -0.135929702), (-1.45167845, -0.2137242), (-1.45742914, -0.136432242), (-1.6612744, -0.135929702),
            (-1.8642024, -0.212872598), (-1.6566481, -0.213141068), (-1.86769015, -0.135744425), (-1.6566481, -0.213141068), (-1.6612744, -0.135929702), (-1.86769015, -0.135744425),
            (-2.07408031, -0.213002706), (-1.8642024, -0.212872598), (-2.07641674, -0.135928627), (-1.8642024, -0.212872598), (-1.86769015, -0.135744425), (-2.07641674, -0.135928627),
            (-2.28607089, -0.213510958), (-2.07408031, -0.213002706), (-2.28724442, -0.136436625), (-2.07408031, -0.213002706), (-2.07641674, -0.135928627), (-2.28724442, -0.136436625),
            (-2.5, -0.214285714), (-2.28607089, -0.213510958), (-2.5, -0.137142857), (-2.28607089, -0.213510958), (-2.28724442, -0.136436625), (-2.5, -0.137142857),
            (0.137641692, -0.142801869), (0.291190482, -0.142209401), (0.312561954, -0.00194778901), (2.25, -0.199922617), (2, 0.00292793298), (2, -0.192360758),
            (0.137641692, -0.142801869), (0.312561954, -0.00194778901), (0.160498835, -0.00289333873), (2.25, -0.199922617), (2.25, -0.00405067422), (2, 0.00292793298),
            (0.291190482, -0.142209401), (0.466780729, -0.141313103), (0.486453267, -0.000862890885), (0.291190482, -0.142209401), (0.486453267, -0.000862890885), (0.312561954, -0.00194778901),
            (0.466780729, -0.141313103), (0.651779781, -0.140293559), (0.669662349, 0.000153221908), (0.466780729, -0.141313103), (0.669662349, 0.000153221908), (0.486453267, -0.000862890885),
            (0.651779781, -0.140293559), (0.843166662, -0.139332601), (0.859197455, 0.000918043248), (0.651779781, -0.140293559), (0.859197455, 0.000918043248), (0.669662349, 0.000153221908),
            (0.843166662, -0.139332601), (1.03944828, -0.138570837), (1.05357994, 0.00131717739), (0.843166662, -0.139332601), (1.05357994, 0.00131717739), (0.859197455, 0.000918043248),
            (1.03944828, -0.138570837), (1.23972081, -0.138078049), (1.25191472, 0.00132923553), (1.03944828, -0.138570837), (1.25191472, 0.00132923553), (1.05357994, 0.00131717739),
            (1.23972081, -0.138078049), (1.44337428, -0.137843467), (1.45359773, 0.00102700998), (1.23972081, -0.138078049), (1.45359773, 0.00102700998), (1.25191472, 0.00132923553),
            (1.44337428, -0.137843467), (1.64996757, -0.137787496), (1.65819211, 0.000554882393), (1.44337428, -0.137843467), (1.65819211, 0.000554882393), (1.45359773, 0.00102700998),
            (1.64996757, -0.137787496), (1.859166, -0.137790835), (1.86536643, 8.85108721e-05), (1.64996757, -0.137787496), (1.86536643, 8.85108721e-05), (1.65819211, 0.000554882393),
            (1.859166, -0.137790835), (2.07070643, -0.137732435), (2.07486009, -0.000212642561), (1.859166, -0.137790835), (2.07486009, -0.000212642561), (1.86536643, 8.85108721e-05),
            (2.07070643, -0.137732435), (2.28437627, -0.137525668), (2.28646255, -0.00024759637), (2.07070643, -0.137732435), (2.28646255, -0.00024759637), (2.07486009, -0.000212642561),
            (2.28437627, -0.137525668), (2.5, -0.137142857), (2.5, 0), (2.28437627, -0.137525668), (2.5, 0), (2.28646255, -0.00024759637),
            (-1.60714286, -0.137142857), (-1.42857143, -0.137142857), (-1.42857143, 0), (-1.60714286, 0), (-1.60714286, -0.137142857), (-1.42857143, 0),
            (2, -0.192360758), (1.75, 0.00198744501), (1.75, -0.192268734), (2, -0.192360758), (2, 0.00292793298), (1.75, 0.00198744501),
            (-1.42857143, -0.137142857), (-1.25, -0.137142857), (-1.25, 0), (-1.42857143, 0), (-1.42857143, -0.137142857), (-1.25, 0),
            (1.75, -0.192268734), (1.5, 0.00149455233), (1.5, -0.19149756), (1.75, -0.192268734), (1.75, 0.00198744501), (1.5, 0.00149455233),
            (-1.25, -0.137142857), (-1.07142857, -0.137142857), (-1.07142857, 0), (-1.25, 0), (-1.25, -0.137142857), (-1.07142857, 0),
            (1.5, -0.19149756), (1.25, 0.00515900689), (1.25, -0.1865805), (1.5, -0.19149756), (1.5, 0.00149455233), (1.25, 0.00515900689),
            (-1.07142857, -0.137142857), (-0.892857143, -0.137142857), (-0.892857143, 0), (-1.07142857, 0), (-1.07142857, -0.137142857), (-0.892857143, 0),
            (1.25, -0.1865805), (1, 0.00411362704), (1, -0.186608051), (1.25, -0.1865805), (1.25, 0.00515900689), (1, 0.00411362704),
            (-0.892857143, -0.137142857), (-0.714285714, -0.137142857), (-0.714285714, 0), (-0.892857143, 0), (-0.892857143, -0.137142857), (-0.714285714, 0),
            (1, -0.186608051), (0.75, -0.00519907499), (0.75, -0.195301488), (1, -0.186608051), (1, 0.00411362704), (0.75, -0.00519907499),
            (-0.714285714, -0.137142857), (-0.535714286, -0.137142857), (-0.535714286, 0), (-0.714285714, 0), (-0.714285714, -0.137142857), (-0.535714286, 0),
            (0.75, -0.195301488), (0.5, -0.0110445028), (0.5, -0.201002906), (0.75, -0.195301488), (0.75, -0.00519907499), (0.5, -0.0110445028),
            (-0.535714286, -0.137142857), (-0.357142857, -0.137142857), (-0.357142857, 0), (-0.535714286, 0), (-0.535714286, -0.137142857), (-0.357142857, 0),
            (0.5, -0.201002906), (0.25, -0.00447273402), (0.25, -0.194741461), (0.5, -0.201002906), (0.5, -0.0110445028), (0.25, -0.00447273402),
            (-0.357142857, -0.137142857), (-0.178571429, -0.137142857), (-0.178571429, 0), (-0.357142857, 0), (-0.357142857, -0.137142857), (-0.178571429, 0),
            (0.25, -0.194741461), (-0, 0.00584001633), (-0, -0.185082936), (0.25, -0.194741461), (0.25, -0.00447273402), (-0, 0.00584001633),
            (-0.178571429, -0.137142857), (0, -0.137142857), (0, 0), (-0.178571429, 0), (-0.178571429, -0.137142857), (0, 0),
            (-0, -0.185082936), (-0.25, 0.00828702425), (-0.25, -0.183458971), (-0, -0.185082936), (-0, 0.00584001633), (-0.25, 0.00828702425),
            (0, -0.137142857), (0.178571429, -0.137142857), (0.178571429, 0), (0, 0), (0, -0.137142857), (0.178571429, 0),
            (-0.25, -0.183458971), (-0.5, 0.00612114058), (-0.5, -0.186413691), (-0.25, -0.183458971), (-0.25, 0.00828702425), (-0.5, 0.00612114058),
            (0.178571429, -0.137142857), (0.357142857, -0.137142857), (0.357142857, 0), (0.178571429, 0), (0.178571429, -0.137142857), (0.357142857, 0),
            (-0.5, -0.186413691), (-0.75, 0.00740986449), (-0.75, -0.185690128), (-0.5, -0.186413691), (-0.5, 0.00612114058), (-0.75, 0.00740986449),
            (0.357142857, -0.137142857), (0.535714286, -0.137142857), (0.535714286, 0), (0.357142857, 0), (0.357142857, -0.137142857), (0.535714286, 0),
            (-0.75, -0.185690128), (-1, 0.00762863298), (-1, -0.185675301), (-0.75, -0.185690128), (-0.75, 0.00740986449), (-1, 0.00762863298),
            (0.535714286, -0.137142857), (0.714285714, -0.137142857), (0.714285714, 0), (0.535714286, 0), (0.535714286, -0.137142857), (0.714285714, 0),
            (-1, -0.185675301), (-1.25, -0.00178780403), (-1.25, -0.194876828), (-1, -0.185675301), (-1, 0.00762863298), (-1.25, -0.00178780403),
            (0.714285714, -0.137142857), (0.892857143, -0.137142857), (0.892857143, 0), (0.714285714, 0), (0.714285714, -0.137142857), (0.892857143, 0),
            (-1.25, -0.194876828), (-1.5, -0.0145757716), (-1.5, -0.207065586), (-1.25, -0.194876828), (-1.25, -0.00178780403), (-1.5, -0.0145757716),
            (0.892857143, -0.137142857), (1.07142857, -0.137142857), (1.07142857, 0), (0.892857143, 0), (0.892857143, -0.137142857), (1.07142857, 0),
            (-1.5, -0.207065586), (-1.75, -0.0164305691), (-1.75, -0.208057802), (-1.5, -0.207065586), (-1.5, -0.0145757716), (-1.75, -0.0164305691),
            (1.07142857, -0.137142857), (1.25, -0.137142857), (1.25, 0), (1.07142857, 0), (1.07142857, -0.137142857), (1.25, 0),
            (-1.75, -0.208057802), (-2, -0.00716097967), (-2, -0.197846666), (-1.75, -0.208057802), (-1.75, -0.0164305691), (-2, -0.00716097967),
            (1.25, -0.137142857), (1.42857143, -0.137142857), (1.42857143, 0), (1.25, 0), (1.25, -0.137142857), (1.42857143, 0),
            (-2, -0.197846666), (-2.25, 0.000502117821), (-2.25, -0.189375183), (-2, -0.197846666), (-2, -0.00716097967), (-2.25, 0.000502117821),
            (1.42857143, -0.137142857), (1.60714286, -0.137142857), (1.60714286, 0), (1.42857143, 0), (1.42857143, -0.137142857), (1.60714286, 0),
            (-0.320571284, -0.136611322), (-0.169064945, -0.135267988), (-0.341942756, -0.000501262031), (-0.169064945, -0.135267988), (-0.191922088, 0.000358655586), (-0.341942756, -0.000501262031),
            (-0.493825891, -0.137615177), (-0.320571284, -0.136611322), (-0.513498429, -0.00102631423), (-0.320571284, -0.136611322), (-0.341942756, -0.000501262031), (-0.513498429, -0.00102631423),
            (-0.676364151, -0.138139417), (-0.493825891, -0.137615177), (-0.69424672, -0.00113799576), (-0.493825891, -0.137615177), (-0.513498429, -0.00102631423), (-0.69424672, -0.00113799576),
            (-0.865205272, -0.138157267), (-0.676364151, -0.138139417), (-0.881236065, -0.000856394103), (-0.676364151, -0.138139417), (-0.69424672, -0.00113799576), (-0.881236065, -0.000856394103),
            (-1.05887602, -0.137755628), (-0.865205272, -0.138157267), (-1.07300768, -0.00029269644), (-0.865205272, -0.138157267), (-0.881236065, -0.000856394103), (-1.07300768, -0.00029269644),
            (-1.2564846, -0.137108725), (-1.05887602, -0.137755628), (-1.26867851, 0.000380845087), (-1.05887602, -0.137755628), (-1.07300768, -0.00029269644), (-1.26867851, 0.000380845087),
            (-1.45742914, -0.136432242), (-1.2564846, -0.137108725), (-1.46765259, 0.000975683655), (-1.2564846, -0.137108725), (-1.26867851, 0.000380845087), (-1.46765259, 0.000975683655),
            (-1.6612744, -0.135929702), (-1.45742914, -0.136432242), (-1.66949894, 0.00133494889), (-1.45742914, -0.136432242), (-1.46765259, 0.000975683655), (-1.66949894, 0.00133494889),
            (-1.86769015, -0.135744425), (-1.6612744, -0.135929702), (-1.87389057, 0.00137232644), (-1.6612744, -0.135929702), (-1.66949894, 0.00133494889), (-1.87389057, 0.00137232644),
            (-2.07641674, -0.135928627), (-1.86769015, -0.135744425), (-2.0805704, 0.00109195757), (-1.86769015, -0.135744425), (-1.87389057, 0.00137232644), (-2.0805704, 0.00109195757),
            (-2.28724442, -0.136436625), (-2.07641674, -0.135928627), (-2.2893307, 0.000584413038), (-2.07641674, -0.135928627), (-2.0805704, 0.00109195757), (-2.2893307, 0.000584413038),
            (-2.5, -0.137142857), (-2.28724442, -0.136436625), (-2.5, 0), (-2.28724442, -0.136436625), (-2.2893307, 0.000584413038), (-2.5, 0),
            (0.160498835, -0.00289333873), (0.312561954, -0.00194778901), (0.333933426, 0.138313823), (2.25, -0.00405067422), (2, 0.198216624), (2, 0.00292793298),
            (0.160498835, -0.00289333873), (0.333933426, 0.138313823), (0.183355978, 0.137015192), (2.25, -0.00405067422), (2.25, 0.191821269), (2, 0.198216624),
            (0.312561954, -0.00194778901), (0.486453267, -0.000862890885), (0.506125805, 0.139587321), (0.312561954, -0.00194778901), (0.506125805, 0.139587321), (0.333933426, 0.138313823),
            (0.486453267, -0.000862890885), (0.669662349, 0.000153221908), (0.687544917, 0.140600003), (0.486453267, -0.000862890885), (0.687544917, 0.140600003), (0.506125805, 0.139587321),
            (0.669662349, 0.000153221908), (0.859197455, 0.000918043248), (0.875228248, 0.141168688), (0.669662349, 0.000153221908), (0.875228248, 0.141168688), (0.687544917, 0.140600003),
            (0.859197455, 0.000918043248), (1.05357994, 0.00131717739), (1.0677116, 0.141205192), (0.859197455, 0.000918043248), (1.0677116, 0.141205192), (0.875228248, 0.141168688),
            (1.05357994, 0.00131717739), (1.25191472, 0.00132923553), (1.26410863, 0.14073652), (1.05357994, 0.00131717739), (1.26410863, 0.14073652), (1.0677116, 0.141205192),
            (1.25191472, 0.00132923553), (1.45359773, 0.00102700998), (1.46382117, 0.139897487), (1.25191472, 0.00132923553), (1.46382117, 0.139897487), (1.26410863, 0.14073652),
            (1.45359773, 0.00102700998), (1.65819211, 0.000554882393), (1.66641665, 0.138897261), (1.45359773, 0.00102700998), (1.66641665, 0.138897261), (1.46382117, 0.139897487),
            (1.65819211, 0.000554882393), (1.86536643, 8.85108721e-05), (1.87156686, 0.137967857), (1.65819211, 0.000554882393), (1.87156686, 0.137967857), (1.66641665, 0.138897261),
            (1.86536643, 8.85108721e-05), (2.07486009, -0.000212642561), (2.07901374, 0.13730715), (1.86536643, 8.85108721e-05), (2.07901374, 0.13730715), (1.87156686, 0.137967857),
            (2.07486009, -0.000212642561), (2.28646255, -0.00024759637), (2.28854884, 0.137030475), (2.07486009, -0.000212642561), (2.28854884, 0.137030475), (2.07901374, 0.13730715),
            (2.28646255, -0.00024759637), (2.5, 0), (2.5, 0.137142857), (2.28646255, -0.00024759637), (2.5, 0.137142857), (2.28854884, 0.137030475),
            (-1.60714286, 0), (-1.42857143, 0), (-1.42857143, 0.137142857), (-1.60714286, 0.137142857), (-1.60714286, 0), (-1.42857143, 0.137142857),
            (2, 0.00292793298), (1.75, 0.196243624), (1.75, 0.00198744501), (2, 0.00292793298), (2, 0.198216624), (1.75, 0.196243624),
            (-1.42857143, 0), (-1.25, 0), (-1.25, 0.137142857), (-1.42857143, 0.137142857), (-1.42857143, 0), (-1.25, 0.137142857),
            (1.75, 0.00198744501), (1.5, 0.194486665), (1.5, 0.00149455233), (1.75, 0.00198744501), (1.75, 0.196243624), (1.5, 0.194486665),
            (-1.25, 0), (-1.07142857, 0), (-1.07142857, 0.137142857), (-1.25, 0.137142857), (-1.25, 0), (-1.07142857, 0.137142857),
            (1.5, 0.00149455233), (1.25, 0.196898513), (1.25, 0.00515900689), (1.5, 0.00149455233), (1.5, 0.194486665), (1.25, 0.196898513),
            (-1.07142857, 0), (-0.892857143, 0), (-0.892857143, 0.137142857), (-1.07142857, 0.137142857), (-1.07142857, 0), (-0.892857143, 0.137142857),
            (1.25, 0.00515900689), (1, 0.194835305), (1, 0.00411362704), (1.25, 0.00515900689), (1.25, 0.196898513), (1, 0.194835305),
            (-0.892857143, 0), (-0.714285714, 0), (-0.714285714, 0.137142857), (-0.892857143, 0.137142857), (-0.892857143, 0), (-0.714285714, 0.137142857),
            (1, 0.00411362704), (0.75, 0.184903338), (0.75, -0.00519907499), (1, 0.00411362704), (1, 0.194835305), (0.75, 0.184903338),
            (-0.714285714, 0), (-0.535714286, 0), (-0.535714286, 0.137142857), (-0.714285714, 0.137142857), (-0.714285714, 0), (-0.535714286, 0.137142857),
            (0.75, -0.00519907499), (0.5, 0.1789139), (0.5, -0.0110445028), (0.75, -0.00519907499), (0.75, 0.184903338), (0.5, 0.1789139),
            (-0.535714286, 0), (-0.357142857, 0), (-0.357142857, 0.137142857), (-0.535714286, 0.137142857), (-0.535714286, 0), (-0.357142857, 0.137142857),
            (0.5, -0.0110445028), (0.25, 0.185795993), (0.25, -0.00447273402), (0.5, -0.0110445028), (0.5, 0.1789139), (0.25, 0.185795993),
            (-0.357142857, 0), (-0.178571429, 0), (-0.178571429, 0.137142857), (-0.357142857, 0.137142857), (-0.357142857, 0), (-0.178571429, 0.137142857),
            (0.25, -0.00447273402), (-0, 0.196762969), (-0, 0.00584001633), (0.25, -0.00447273402), (0.25, 0.185795993), (-0, 0.196762969),
            (-0.178571429, 0), (0, 0), (0, 0.137142857), (-0.178571429, 0.137142857), (-0.178571429, 0), (0, 0.137142857),
            (-0, 0.00584001633), (-0.25, 0.200033019), (-0.25, 0.00828702425), (-0, 0.00584001633), (-0, 0.196762969), (-0.25, 0.200033019),
            (0, 0), (0.178571429, 0), (0.178571429, 0.137142857), (0, 0.137142857), (0, 0), (0.178571429, 0.137142857),
            (-0.25, 0.00828702425), (-0.5, 0.198655973), (-0.5, 0.00612114058), (-0.25, 0.00828702425), (-0.25, 0.200033019), (-0.5, 0.198655973),
            (0.178571429, 0), (0.357142857, 0), (0.357142857, 0.137142857), (0.178571429, 0.137142857), (0.178571429, 0), (0.357142857, 0.137142857),
            (-0.5, 0.00612114058), (-0.75, 0.200509857), (-0.75, 0.00740986449), (-0.5, 0.00612114058), (-0.5, 0.198655973), (-0.75, 0.200509857),
            (0.357142857, 0), (0.535714286, 0), (0.535714286, 0.137142857), (0.357142857, 0.137142857), (0.357142857, 0), (0.535714286, 0.137142857),
            (-0.75, 0.00740986449), (-1, 0.200932567), (-1, 0.00762863298), (-0.75, 0.00740986449), (-0.75, 0.200509857), (-1, 0.200932567),
            (0.535714286, 0), (0.714285714, 0), (0.714285714, 0.137142857), (0.535714286, 0.137142857), (0.535714286, 0), (0.714285714, 0.137142857),
            (-1, 0.00762863298), (-1.25, 0.19130122), (-1.25, -0.00178780403), (-1, 0.00762863298), (-1, 0.200932567), (-1.25, 0.19130122),
            (0.714285714, 0), (0.892857143, 0), (0.892857143, 0.137142857), (0.714285714, 0.137142857), (0.714285714, 0), (0.892857143, 0.137142857),
            (-1.25, -0.00178780403), (-1.5, 0.177914043), (-1.5, -0.0145757716), (-1.25, -0.00178780403), (-1.25, 0.19130122), (-1.5, 0.177914043),
            (0.892857143, 0), (1.07142857, 0), (1.07142857, 0.137142857), (0.892857143, 0.137142857), (0.892857143, 0), (1.07142857, 0.137142857),
            (-1.5, -0.0145757716), (-1.75, 0.175196664), (-1.75, -0.0164305691), (-1.5, -0.0145757716), (-1.5, 0.177914043), (-1.75, 0.175196664),
            (1.07142857, 0), (1.25, 0), (1.25, 0.137142857), (1.07142857, 0.137142857), (1.07142857, 0), (1.25, 0.137142857),
            (-1.75, -0.0164305691), (-2, 0.183524707), (-2, -0.00716097967), (-1.75, -0.0164305691), (-1.75, 0.175196664), (-2, 0.183524707),
            (1.25, 0), (1.42857143, 0), (1.42857143, 0.137142857), (1.25, 0.137142857), (1.25, 0), (1.42857143, 0.137142857),
            (-2, -0.00716097967), (-2.25, 0.190379418), (-2.25, 0.000502117821), (-2, -0.00716097967), (-2, 0.183524707), (-2.25, 0.190379418),
            (1.42857143, 0), (1.60714286, 0), (1.60714286, 0.137142857), (1.42857143, 0.137142857), (1.42857143, 0), (1.60714286, 0.137142857),
            (-0.341942756, -0.000501262031), (-0.191922088, 0.000358655586), (-0.363314228, 0.135608798), (-0.191922088, 0.000358655586), (-0.214779231, 0.135985299), (-0.363314228, 0.135608798),
            (-0.513498429, -0.00102631423), (-0.341942756, -0.000501262031), (-0.533170967, 0.135562549), (-0.341942756, -0.000501262031), (-0.363314228, 0.135608798), (-0.533170967, 0.135562549),
            (-0.69424672, -0.00113799576), (-0.513498429, -0.00102631423), (-0.712129288, 0.135863426), (-0.513498429, -0.00102631423), (-0.533170967, 0.135562549), (-0.712129288, 0.135863426),
            (-0.881236065, -0.000856394103), (-0.69424672, -0.00113799576), (-0.897266858, 0.136444479), (-0.69424672, -0.00113799576), (-0.712129288, 0.135863426), (-0.897266858, 0.136444479),
            (-1.07300768, -0.00029269644), (-0.881236065, -0.000856394103), (-1.08713934, 0.137170236), (-0.881236065, -0.000856394103), (-0.897266858, 0.136444479), (-1.08713934, 0.137170236),
            (-1.26867851, 0.000380845087), (-1.07300768, -0.00029269644), (-1.28087242, 0.137870415), (-1.07300768, -0.00029269644), (-1.08713934, 0.137170236), (-1.28087242, 0.137870415),
            (-1.46765259, 0.000975683655), (-1.26867851, 0.000380845087), (-1.47787603, 0.138383609), (-1.26867851, 0.000380845087), (-1.28087242, 0.137870415), (-1.47787603, 0.138383609),
            (-1.66949894, 0.00133494889), (-1.46765259, 0.000975683655), (-1.67772348, 0.1385996), (-1.46765259, 0.000975683655), (-1.47787603, 0.138383609), (-1.67772348, 0.1385996),
            (-1.87389057, 0.00137232644), (-1.66949894, 0.00133494889), (-1.880091, 0.138489078), (-1.66949894, 0.00133494889), (-1.67772348, 0.1385996), (-1.880091, 0.138489078),
            (-2.0805704, 0.00109195757), (-1.87389057, 0.00137232644), (-2.08472405, 0.138112542), (-1.87389057, 0.00137232644), (-1.880091, 0.138489078), (-2.08472405, 0.138112542),
            (-2.2893307, 0.000584413038), (-2.0805704, 0.00109195757), (-2.29141699, 0.137605451), (-2.0805704, 0.00109195757), (-2.08472405, 0.138112542), (-2.29141699, 0.137605451),
            (-2.5, 0), (-2.2893307, 0.000584413038), (-2.5, 0.137142857), (-2.2893307, 0.000584413038), (-2.29141699, 0.137605451), (-2.5, 0.137142857),
            (0.183355978, 0.137015192), (0.333933426, 0.138313823), (0.345954879, 0.217210979), (2.25, 0.191821269), (2, 0.308066513), (2, 0.198216624),
            (0.183355978, 0.137015192), (0.345954879, 0.217210979), (0.19621312, 0.21571374), (2.25, 0.191821269), (2.25, 0.301999236), (2, 0.308066513),
            (0.333933426, 0.138313823), (0.506125805, 0.139587321), (0.517191607, 0.218590566), (0.333933426, 0.138313823), (0.517191607, 0.218590566), (0.345954879, 0.217210979),
            (0.506125805, 0.139587321), (0.687544917, 0.140600003), (0.697603862, 0.219601317), (0.506125805, 0.139587321), (0.697603862, 0.219601317), (0.517191607, 0.218590566),
            (0.687544917, 0.140600003), (0.875228248, 0.141168688), (0.884245569, 0.220059676), (0.687544917, 0.140600003), (0.884245569, 0.220059676), (0.697603862, 0.219601317),
            (0.875228248, 0.141168688), (1.0677116, 0.141205192), (1.07566065, 0.2198922), (0.875228248, 0.141168688), (1.07566065, 0.2198922), (0.884245569, 0.220059676),
            (1.0677116, 0.141205192), (1.26410863, 0.14073652), (1.2709677, 0.219153118), (1.0677116, 0.141205192), (1.2709677, 0.219153118), (1.07566065, 0.2198922),
            (1.26410863, 0.14073652), (1.46382117, 0.139897487), (1.46957186, 0.21801213), (1.26410863, 0.14073652), (1.46957186, 0.21801213), (1.2709677, 0.219153118),
            (1.46382117, 0.139897487), (1.66641665, 0.138897261), (1.67104296, 0.216714848), (1.46382117, 0.139897487), (1.67104296, 0.216714848), (1.46957186, 0.21801213),
            (1.66641665, 0.138897261), (1.87156686, 0.137967857), (1.8750546, 0.215524989), (1.66641665, 0.138897261), (1.8750546, 0.215524989), (1.67104296, 0.216714848),
            (1.87156686, 0.137967857), (2.07901374, 0.13730715), (2.08135017, 0.214662033), (1.87156686, 0.137967857), (2.08135017, 0.214662033), (1.8750546, 0.215524989),
            (2.07901374, 0.13730715), (2.28854884, 0.137030475), (2.28972237, 0.21424939), (2.07901374, 0.13730715), (2.28972237, 0.21424939), (2.08135017, 0.214662033),
            (2.28854884, 0.137030475), (2.5, 0.137142857), (2.5, 0.214285714), (2.28854884, 0.137030475), (2.5, 0.214285714), (2.28972237, 0.21424939),
            (-1.60714286, 0.137142857), (-1.42857143, 0.137142857), (-1.42857143, 0.214285714), (-1.60714286, 0.214285714), (-1.60714286, 0.137142857), (-1.42857143, 0.214285714),
            (2, 0.198216624), (1.75, 0.305512725), (1.75, 0.196243624), (2, 0.198216624), (2, 0.308066513), (1.75, 0.305512725),
            (-1.42857143, 0.137142857), (-1.25, 0.137142857), (-1.25, 0.214285714), (-1.42857143, 0.214285714), (-1.42857143, 0.137142857), (-1.25, 0.214285714),
            (1.75, 0.196243624), (1.5, 0.303044728), (1.5, 0.194486665), (1.75, 0.196243624), (1.75, 0.305512725), (1.5, 0.303044728),
            (-1.25, 0.137142857), (-1.07142857, 0.137142857), (-1.07142857, 0.214285714), (-1.25, 0.214285714), (-1.25, 0.137142857), (-1.07142857, 0.214285714),
            (1.5, 0.194486665), (1.25, 0.304751986), (1.25, 0.196898513), (1.5, 0.194486665), (1.5, 0.303044728), (1.25, 0.304751986),
            (-1.07142857, 0.137142857), (-0.892857143, 0.137142857), (-0.892857143, 0.214285714), (-1.07142857, 0.214285714), (-1.07142857, 0.137142857), (-0.892857143, 0.214285714),
            (1.25, 0.196898513), (1, 0.302116249), (1, 0.194835305), (1.25, 0.196898513), (1.25, 0.304751986), (1, 0.302116249),
            (-0.892857143, 0.137142857), (-0.714285714, 0.137142857), (-0.714285714, 0.214285714), (-0.892857143, 0.214285714), (-0.892857143, 0.137142857), (-0.714285714, 0.214285714),
            (1, 0.194835305), (0.75, 0.291835945), (0.75, 0.184903338), (1, 0.194835305), (1, 0.302116249), (0.75, 0.291835945),
            (-0.714285714, 0.137142857), (-0.535714286, 0.137142857), (-0.535714286, 0.214285714), (-0.714285714, 0.214285714), (-0.714285714, 0.137142857), (-0.535714286, 0.214285714),
            (0.75, 0.184903338), (0.5, 0.285765501), (0.5, 0.1789139), (0.75, 0.184903338), (0.75, 0.291835945), (0.5, 0.285765501),
            (-0.535714286, 0.137142857), (-0.357142857, 0.137142857), (-0.357142857, 0.214285714), (-0.535714286, 0.214285714), (-0.535714286, 0.137142857), (-0.357142857, 0.214285714),
            (0.5, 0.1789139), (0.25, 0.292822153), (0.25, 0.185795993), (0.5, 0.1789139), (0.5, 0.285765501), (0.25, 0.292822153),
            (-0.357142857, 0.137142857), (-0.178571429, 0.137142857), (-0.178571429, 0.214285714), (-0.357142857, 0.214285714), (-0.357142857, 0.137142857), (-0.178571429, 0.214285714),
            (0.25, 0.185795993), (-0, 0.30415713), (-0, 0.196762969), (0.25, 0.185795993), (0.25, 0.292822153), (-0, 0.30415713),
            (-0.178571429, 0.137142857), (0, 0.137142857), (0, 0.214285714), (-0.178571429, 0.214285714), (-0.178571429, 0.137142857), (0, 0.214285714),
            (-0, 0.196762969), (-0.25, 0.307890142), (-0.25, 0.200033019), (-0, 0.196762969), (-0, 0.30415713), (-0.25, 0.307890142),
            (0, 0.137142857), (0.178571429, 0.137142857), (0.178571429, 0.214285714), (0, 0.214285714), (0, 0.137142857), (0.178571429, 0.214285714),
            (-0.25, 0.200033019), (-0.5, 0.306956815), (-0.5, 0.198655973), (-0.25, 0.200033019), (-0.25, 0.307890142), (-0.5, 0.306956815),
            (0.178571429, 0.137142857), (0.357142857, 0.137142857), (0.357142857, 0.214285714), (0.178571429, 0.214285714), (0.178571429, 0.137142857), (0.357142857, 0.214285714),
            (-0.5, 0.198655973), (-0.75, 0.309128603), (-0.75, 0.200509857), (-0.5, 0.198655973), (-0.5, 0.306956815), (-0.75, 0.309128603),
            (0.357142857, 0.137142857), (0.535714286, 0.137142857), (0.535714286, 0.214285714), (0.357142857, 0.214285714), (0.357142857, 0.137142857), (0.535714286, 0.214285714),
            (-0.75, 0.200509857), (-1, 0.30966603), (-1, 0.200932567), (-0.75, 0.200509857), (-0.75, 0.309128603), (-1, 0.30966603),
            (0.535714286, 0.137142857), (0.714285714, 0.137142857), (0.714285714, 0.214285714), (0.535714286, 0.214285714), (0.535714286, 0.137142857), (0.714285714, 0.214285714),
            (-1, 0.200932567), (-1.25, 0.299913796), (-1.25, 0.19130122), (-1, 0.200932567), (-1, 0.30966603), (-1.25, 0.299913796),
            (0.714285714, 0.137142857), (0.892857143, 0.137142857), (0.892857143, 0.214285714), (0.714285714, 0.214285714), (0.714285714, 0.137142857), (0.892857143, 0.214285714),
            (-1.25, 0.19130122), (-1.5, 0.286189564), (-1.5, 0.177914043), (-1.25, 0.19130122), (-1.25, 0.299913796), (-1.5, 0.286189564),
            (0.892857143, 0.137142857), (1.07142857, 0.137142857), (1.07142857, 0.214285714), (0.892857143, 0.214285714), (0.892857143, 0.137142857), (1.07142857, 0.214285714),
            (-1.5, 0.177914043), (-1.75, 0.282986982), (-1.75, 0.175196664), (-1.5, 0.177914043), (-1.5, 0.286189564), (-1.75, 0.282986982),
            (1.07142857, 0.137142857), (1.25, 0.137142857), (1.25, 0.214285714), (1.07142857, 0.214285714), (1.07142857, 0.137142857), (1.25, 0.214285714),
            (-1.75, 0.175196664), (-2, 0.290785406), (-2, 0.183524707), (-1.75, 0.175196664), (-1.75, 0.282986982), (-2, 0.290785406),
            (1.25, 0.137142857), (1.42857143, 0.137142857), (1.42857143, 0.214285714), (1.25, 0.214285714), (1.25, 0.137142857), (1.42857143, 0.214285714),
            (-2, 0.183524707), (-2.25, 0.2971854), (-2.25, 0.190379418), (-2, 0.183524707), (-2, 0.290785406), (-2.25, 0.2971854),
            (1.42857143, 0.137142857), (1.60714286, 0.137142857), (1.60714286, 0.214285714), (1.42857143, 0.214285714), (1.42857143, 0.137142857), (1.60714286, 0.214285714),
            (-0.363314228, 0.135608798), (-0.214779231, 0.135985299), (-0.375335681, 0.212170706), (-0.214779231, 0.135985299), (-0.227636374, 0.212275286), (-0.375335681, 0.212170706),
            (-0.533170967, 0.135562549), (-0.363314228, 0.135608798), (-0.54423677, 0.212393784), (-0.363314228, 0.135608798), (-0.375335681, 0.212170706), (-0.54423677, 0.212393784),
            (-0.712129288, 0.135863426), (-0.533170967, 0.135562549), (-0.722188232, 0.212926725), (-0.533170967, 0.135562549), (-0.54423677, 0.212393784), (-0.722188232, 0.212926725),
            (-0.897266858, 0.136444479), (-0.712129288, 0.135863426), (-0.906284179, 0.21367622), (-0.712129288, 0.135863426), (-0.722188232, 0.212926725), (-0.906284179, 0.21367622),
            (-1.08713934, 0.137170236), (-0.897266858, 0.136444479), (-1.09508839, 0.214493135), (-0.897266858, 0.136444479), (-0.906284179, 0.21367622), (-1.09508839, 0.214493135),
            (-1.28087242, 0.137870415), (-1.08713934, 0.137170236), (-1.28773149, 0.215208299), (-1.08713934, 0.137170236), (-1.09508839, 0.214493135), (-1.28773149, 0.215208299),
            (-1.47787603, 0.138383609), (-1.28087242, 0.137870415), (-1.48362672, 0.215675567), (-1.28087242, 0.137870415), (-1.28773149, 0.215208299), (-1.48362672, 0.215675567),
            (-1.67772348, 0.1385996), (-1.47787603, 0.138383609), (-1.68234979, 0.215810966), (-1.47787603, 0.138383609), (-1.48362672, 0.215675567), (-1.68234979, 0.215810966),
            (-1.880091, 0.138489078), (-1.67772348, 0.1385996), (-1.88357874, 0.21561725), (-1.67772348, 0.1385996), (-1.68234979, 0.215810966), (-1.88357874, 0.21561725),
            (-2.08472405, 0.138112542), (-1.880091, 0.138489078), (-2.08706049, 0.215186621), (-1.880091, 0.138489078), (-1.88357874, 0.21561725), (-2.08706049, 0.215186621),
            (-2.29141699, 0.137605451), (-2.08472405, 0.138112542), (-2.29259052, 0.214679784), (-2.08472405, 0.138112542), (-2.08706049, 0.215186621), (-2.29259052, 0.214679784),
            (-2.5, 0.137142857), (-2.29141699, 0.137605451), (-2.5, 0.214285714), (-2.29141699, 0.137605451), (-2.29259052, 0.214679784), (-2.5, 0.214285714),
            (0.17168648, -1.40625), (0.302710519, -1.40625), (0.312398936, -1.25), (0.182048402, -1.25), (0.17168648, -1.40625), (0.312398936, -1.25),
            (0.302710519, -1.40625), (0.452542656, -1.40625), (0.461460888, -1.25), (0.312398936, -1.25), (0.302710519, -1.40625), (0.461460888, -1.25),
            (0.452542656, -1.40625), (0.610403379, -1.40625), (0.618510156, -1.25), (0.461460888, -1.25), (0.452542656, -1.40625), (0.618510156, -1.25),
            (0.610403379, -1.40625), (0.773714873, -1.40625), (0.780982177, -1.25), (0.618510156, -1.25), (0.610403379, -1.40625), (0.780982177, -1.25),
            (0.773714873, -1.40625), (0.941203071, -1.40625), (0.947609433, -1.25), (0.780982177, -1.25), (0.773714873, -1.40625), (0.947609433, -1.25),
            (0.941203071, -1.40625), (1.11209674, -1.40625), (1.11762465, -1.25), (0.947609433, -1.25), (0.941203071, -1.40625), (1.11762465, -1.25),
            (1.11209674, -1.40625), (1.28587538, -1.40625), (1.29051002, -1.25), (1.11762465, -1.25), (1.11209674, -1.40625), (1.29051002, -1.25),
            (1.28587538, -1.40625), (1.46216259, -1.40625), (1.46589105, -1.25), (1.29051002, -1.25), (1.28587538, -1.40625), (1.46589105, -1.25),
            (1.46216259, -1.40625), (1.64067277, -1.40625), (1.64348364, -1.25), (1.46589105, -1.25), (1.46216259, -1.40625), (1.64348364, -1.25),
            (1.64067277, -1.40625), (1.8211814, -1.40625), (1.8230644, -1.25), (1.64348364, -1.25), (1.64067277, -1.40625), (1.8230644, -1.25),
            (1.8211814, -1.40625), (2.00350707, -1.40625), (2.00445285, -1.25), (1.8230644, -1.25), (1.8211814, -1.40625), (2.00445285, -1.25),
            (2.00350707, -1.40625), (2.1875, -1.40625), (2.1875, -1.25), (2.00445285, -1.25), (2.00350707, -1.40625), (2.1875, -1.25),
            (0.182048402, -1.25), (0.312398936, -1.25), (0.326376584, -1.09375), (0.196997728, -1.09375), (0.182048402, -1.25), (0.326376584, -1.09375),
            (0.312398936, -1.25), (0.461460888, -1.25), (0.474327377, -1.09375), (0.326376584, -1.09375), (0.312398936, -1.25), (0.474327377, -1.09375),
            (0.461460888, -1.25), (0.618510156, -1.25), (0.630205947, -1.09375), (0.474327377, -1.09375), (0.461460888, -1.25), (0.630205947, -1.09375),
            (0.618510156, -1.25), (0.780982177, -1.25), (0.791466845, -1.09375), (0.630205947, -1.09375), (0.618510156, -1.25), (0.791466845, -1.09375),
            (0.780982177, -1.25), (0.947609433, -1.25), (0.956852004, -1.09375), (0.791466845, -1.09375), (0.780982177, -1.25), (0.956852004, -1.09375),
            (0.947609433, -1.25), (1.11762465, -1.25), (1.12559987, -1.09375), (0.956852004, -1.09375), (0.947609433, -1.25), (1.12559987, -1.09375),
            (1.11762465, -1.25), (1.29051002, -1.25), (1.29719649, -1.09375), (1.12559987, -1.09375), (1.11762465, -1.25), (1.29719649, -1.09375),
            (1.29051002, -1.25), (1.46589105, -1.25), (1.47127018, -1.09375), (1.29719649, -1.09375), (1.29051002, -1.25), (1.47127018, -1.09375),
            (1.46589105, -1.25), (1.64348364, -1.25), (1.64753892, -1.09375), (1.47127018, -1.09375), (1.46589105, -1.25), (1.64753892, -1.09375),
            (1.64348364, -1.25), (1.8230644, -1.25), (1.82578102, -1.09375), (1.64753892, -1.09375), (1.64348364, -1.25), (1.82578102, -1.09375),
            (1.8230644, -1.25), (2.00445285, -1.25), (2.00581735, -1.09375), (1.82578102, -1.09375), (1.8230644, -1.25), (2.00581735, -1.09375),
            (2.00445285, -1.25), (2.1875, -1.25), (2.1875, -1.09375), (2.00581735, -1.09375), (2.00445285, -1.25), (2.1875, -1.09375),
            (0.196997728, -1.09375), (0.326376584, -1.09375), (0.327388766, -0.9375), (0.198080274, -0.9375), (0.196997728, -1.09375), (0.327388766, -0.9375),
            (0.326376584, -1.09375), (0.474327377, -1.09375), (0.475259096, -0.9375), (0.327388766, -0.9375), (0.326376584, -1.09375), (0.475259096, -0.9375),
            (0.474327377, -1.09375), (0.630205947, -1.09375), (0.63105289, -0.9375), (0.475259096, -0.9375), (0.474327377, -1.09375), (0.63105289, -0.9375),
            (0.630205947, -1.09375), (0.791466845, -1.09375), (0.792226085, -0.9375), (0.63105289, -0.9375), (0.630205947, -1.09375), (0.792226085, -0.9375),
            (0.791466845, -1.09375), (0.956852004, -1.09375), (0.957521299, -0.9375), (0.792226085, -0.9375), (0.791466845, -1.09375), (0.957521299, -0.9375),
            (0.956852004, -1.09375), (1.12559987, -1.09375), (1.12617739, -0.9375), (0.957521299, -0.9375), (0.956852004, -1.09375), (1.12617739, -0.9375),
            (1.12559987, -1.09375), (1.29719649, -1.09375), (1.29768068, -0.9375), (1.12617739, -0.9375), (1.12559987, -1.09375), (1.29768068, -0.9375),
            (1.29719649, -1.09375), (1.47127018, -1.09375), (1.4716597, -0.9375), (1.29768068, -0.9375), (1.29719649, -1.09375), (1.4716597, -0.9375),
            (1.47127018, -1.09375), (1.64753892, -1.09375), (1.64783258, -0.9375), (1.4716597, -0.9375), (1.47127018, -1.09375), (1.64783258, -0.9375),
            (1.64753892, -1.09375), (1.82578102, -1.09375), (1.82597775, -0.9375), (1.64783258, -0.9375), (1.64753892, -1.09375), (1.82597775, -0.9375),
            (1.82578102, -1.09375), (2.00581735, -1.09375), (2.00591616, -0.9375), (1.82597775, -0.9375), (1.82578102, -1.09375), (2.00591616, -0.9375),
            (2.00581735, -1.09375), (2.1875, -1.09375), (2.1875, -0.9375), (2.00591616, -0.9375), (2.00581735, -1.09375), (2.1875, -0.9375),
            (0.198080274, -0.9375), (0.327388766, -0.9375), (0.325204804, -0.78125), (0.19574449, -0.78125), (0.198080274, -0.9375), (0.325204804, -0.78125),
            (0.327388766, -0.9375), (0.475259096, -0.9375), (0.473248748, -0.78125), (0.325204804, -0.78125), (0.327388766, -0.9375), (0.473248748, -0.78125),
            (0.475259096, -0.9375), (0.63105289, -0.9375), (0.62922546, -0.78125), (0.473248748, -0.78125), (0.475259096, -0.9375), (0.62922546, -0.78125),
            (0.63105289, -0.9375), (0.792226085, -0.9375), (0.790587889, -0.78125), (0.62922546, -0.78125), (0.63105289, -0.9375), (0.790587889, -0.78125),
            (0.792226085, -0.9375), (0.957521299, -0.9375), (0.956077177, -0.78125), (0.790587889, -0.78125), (0.792226085, -0.9375), (0.956077177, -0.78125),
            (0.957521299, -0.9375), (1.12617739, -0.9375), (1.12493129, -0.78125), (0.956077177, -0.78125), (0.957521299, -0.9375), (1.12493129, -0.78125),
            (1.12617739, -0.9375), (1.29768068, -0.9375), (1.29663594, -0.78125), (1.12493129, -0.78125), (1.12617739, -0.9375), (1.29663594, -0.78125),
            (1.29768068, -0.9375), (1.4716597, -0.9375), (1.47081923, -0.78125), (1.29663594, -0.78125), (1.29768068, -0.9375), (1.47081923, -0.78125),
            (1.4716597, -0.9375), (1.64783258, -0.9375), (1.64719896, -0.78125), (1.47081923, -0.78125), (1.4716597, -0.9375), (1.64719896, -0.78125),
            (1.64783258, -0.9375), (1.82597775, -0.9375), (1.82555328, -0.78125), (1.64719896, -0.78125), (1.64783258, -0.9375), (1.82555328, -0.78125),
            (1.82597775, -0.9375), (2.00591616, -0.9375), (2.00570296, -0.78125), (1.82555328, -0.78125), (1.82597775, -0.9375), (2.00570296, -0.78125),
            (2.00591616, -0.9375), (2.1875, -0.9375), (2.1875, -0.78125), (2.00570296, -0.78125), (2.00591616, -0.9375), (2.1875, -0.78125),
            (0.19574449, -0.78125), (0.325204804, -0.78125), (0.325184742, -0.625), (0.195723033, -0.625), (0.19574449, -0.78125), (0.325184742, -0.625),
            (0.325204804, -0.78125), (0.473248748, -0.78125), (0.473230281, -0.625), (0.325184742, -0.625), (0.325204804, -0.78125), (0.473230281, -0.625),
            (0.473248748, -0.78125), (0.62922546, -0.78125), (0.629208673, -0.625), (0.473230281, -0.625), (0.473248748, -0.78125), (0.629208673, -0.625),
            (0.62922546, -0.78125), (0.790587889, -0.78125), (0.790572841, -0.625), (0.629208673, -0.625), (0.62922546, -0.78125), (0.790572841, -0.625),
            (0.790587889, -0.78125), (0.956077177, -0.78125), (0.956063911, -0.625), (0.790572841, -0.625), (0.790587889, -0.78125), (0.956063911, -0.625),
            (0.956077177, -0.78125), (1.12493129, -0.78125), (1.12491984, -0.625), (0.956063911, -0.625), (0.956077177, -0.78125), (1.12491984, -0.625),
            (1.12493129, -0.78125), (1.29663594, -0.78125), (1.29662635, -0.625), (1.12491984, -0.625), (1.12493129, -0.78125), (1.29662635, -0.625),
            (1.29663594, -0.78125), (1.47081923, -0.78125), (1.47081151, -0.625), (1.29662635, -0.625), (1.29663594, -0.78125), (1.47081151, -0.625),
            (1.47081923, -0.78125), (1.64719896, -0.78125), (1.64719314, -0.625), (1.47081151, -0.625), (1.47081923, -0.78125), (1.64719314, -0.625),
            (1.64719896, -0.78125), (1.82555328, -0.78125), (1.82554938, -0.625), (1.64719314, -0.625), (1.64719896, -0.78125), (1.82554938, -0.625),
            (1.82555328, -0.78125), (2.00570296, -0.78125), (2.005701, -0.625), (1.82554938, -0.625), (1.82555328, -0.78125), (2.005701, -0.625),
            (2.00570296, -0.78125), (2.1875, -0.78125), (2.1875, -0.625), (2.005701, -0.625), (2.00570296, -0.78125), (2.1875, -0.625),
            (0.195723033, -0.625), (0.325184742, -0.625), (0.312704735, -0.46875), (0.18237546, -0.46875), (0.195723033, -0.625), (0.312704735, -0.46875),
            (0.325184742, -0.625), (0.473230281, -0.625), (0.461742378, -0.46875), (0.312704735, -0.46875), (0.325184742, -0.625), (0.461742378, -0.46875),
            (0.473230281, -0.625), (0.629208673, -0.625), (0.618766034, -0.46875), (0.461742378, -0.46875), (0.473230281, -0.625), (0.618766034, -0.46875),
            (0.629208673, -0.625), (0.790572841, -0.625), (0.781211558, -0.46875), (0.618766034, -0.46875), (0.629208673, -0.625), (0.781211558, -0.46875),
            (0.790572841, -0.625), (0.956063911, -0.625), (0.94781164, -0.46875), (0.781211558, -0.46875), (0.790572841, -0.625), (0.94781164, -0.46875),
            (0.956063911, -0.625), (1.12491984, -0.625), (1.11779913, -0.46875), (0.94781164, -0.46875), (0.956063911, -0.625), (1.11779913, -0.46875),
            (1.12491984, -0.625), (1.29662635, -0.625), (1.2906563, -0.46875), (1.11779913, -0.46875), (1.12491984, -0.625), (1.2906563, -0.46875),
            (1.29662635, -0.625), (1.47081151, -0.625), (1.46600874, -0.46875), (1.2906563, -0.46875), (1.29662635, -0.625), (1.46600874, -0.46875),
            (1.47081151, -0.625), (1.64719314, -0.625), (1.64357236, -0.46875), (1.46600874, -0.46875), (1.47081151, -0.625), (1.64357236, -0.46875),
            (1.64719314, -0.625), (1.82554938, -0.625), (1.82312383, -0.46875), (1.64357236, -0.46875), (1.64719314, -0.625), (1.82312383, -0.46875),
            (1.82554938, -0.625), (2.005701, -0.625), (2.00448271, -0.46875), (1.82312383, -0.46875), (1.82554938, -0.625), (2.00448271, -0.46875),
            (2.005701, -0.625), (2.1875, -0.625), (2.1875, -0.46875), (2.00448271, -0.46875), (2.005701, -0.625), (2.1875, -0.46875),
            (0.18237546, -0.46875), (0.312704735, -0.46875), (0.296077533, -0.3125), (0.164592391, -0.3125), (0.18237546, -0.46875), (0.296077533, -0.3125),
            (0.312704735, -0.46875), (0.461742378, -0.46875), (0.446436962, -0.3125), (0.296077533, -0.3125), (0.312704735, -0.46875), (0.446436962, -0.3125),
            (0.461742378, -0.46875), (0.618766034, -0.46875), (0.604853231, -0.3125), (0.446436962, -0.3125), (0.461742378, -0.46875), (0.604853231, -0.3125),
            (0.618766034, -0.46875), (0.781211558, -0.46875), (0.768739453, -0.3125), (0.604853231, -0.3125), (0.618766034, -0.46875), (0.768739453, -0.3125),
            (0.781211558, -0.46875), (0.94781164, -0.46875), (0.93681708, -0.3125), (0.768739453, -0.3125), (0.781211558, -0.46875), (0.93681708, -0.3125),
            (0.94781164, -0.46875), (1.11779913, -0.46875), (1.10831216, -0.3125), (0.93681708, -0.3125), (0.94781164, -0.46875), (1.10831216, -0.3125),
            (1.11779913, -0.46875), (1.2906563, -0.46875), (1.28270236, -0.3125), (1.10831216, -0.3125), (1.11779913, -0.46875), (1.28270236, -0.3125),
            (1.2906563, -0.46875), (1.46600874, -0.46875), (1.45960997, -0.3125), (1.28270236, -0.3125), (1.2906563, -0.46875), (1.45960997, -0.3125),
            (1.46600874, -0.46875), (1.64357236, -0.46875), (1.63874837, -0.3125), (1.45960997, -0.3125), (1.46600874, -0.46875), (1.63874837, -0.3125),
            (1.64357236, -0.46875), (1.82312383, -0.46875), (1.81989225, -0.3125), (1.63874837, -0.3125), (1.64357236, -0.46875), (1.81989225, -0.3125),
            (1.82312383, -0.46875), (2.00448271, -0.46875), (2.00285956, -0.3125), (1.81989225, -0.3125), (1.82312383, -0.46875), (2.00285956, -0.3125),
            (2.00448271, -0.46875), (2.1875, -0.46875), (2.1875, -0.3125), (2.00285956, -0.3125), (2.00448271, -0.46875), (2.1875, -0.3125),
            (0.164592391, -0.3125), (0.296077533, -0.3125), (0.302290112, -0.15625), (0.171236847, -0.15625), (0.164592391, -0.3125), (0.302290112, -0.15625),
            (0.296077533, -0.3125), (0.446436962, -0.3125), (0.452155669, -0.15625), (0.302290112, -0.15625), (0.296077533, -0.3125), (0.452155669, -0.15625),
            (0.446436962, -0.3125), (0.604853231, -0.3125), (0.610051603, -0.15625), (0.452155669, -0.15625), (0.446436962, -0.3125), (0.610051603, -0.15625),
            (0.604853231, -0.3125), (0.768739453, -0.3125), (0.773399524, -0.15625), (0.610051603, -0.15625), (0.604853231, -0.3125), (0.773399524, -0.15625),
            (0.768739453, -0.3125), (0.93681708, -0.3125), (0.940925081, -0.15625), (0.773399524, -0.15625), (0.768739453, -0.3125), (0.940925081, -0.15625),
            (0.93681708, -0.3125), (1.10831216, -0.3125), (1.11185687, -0.15625), (0.940925081, -0.15625), (0.93681708, -0.3125), (1.11185687, -0.15625),
            (1.10831216, -0.3125), (1.28270236, -0.3125), (1.28567427, -0.15625), (1.11185687, -0.15625), (1.10831216, -0.3125), (1.28567427, -0.15625),
            (1.28270236, -0.3125), (1.45960997, -0.3125), (1.4620008, -0.15625), (1.28567427, -0.15625), (1.28270236, -0.3125), (1.4620008, -0.15625),
            (1.45960997, -0.3125), (1.63874837, -0.3125), (1.6405508, -0.15625), (1.4620008, -0.15625), (1.45960997, -0.3125), (1.6405508, -0.15625),
            (1.63874837, -0.3125), (1.81989225, -0.3125), (1.82109969, -0.15625), (1.6405508, -0.15625), (1.63874837, -0.3125), (1.82109969, -0.15625),
            (1.81989225, -0.3125), (2.00285956, -0.3125), (2.00346603, -0.15625), (1.82109969, -0.15625), (1.81989225, -0.3125), (2.00346603, -0.15625),
            (2.00285956, -0.3125), (2.1875, -0.3125), (2.1875, -0.15625), (2.00346603, -0.15625), (2.00285956, -0.3125), (2.1875, -0.15625),
            (0.171236847, -0.15625), (0.302290112, -0.15625), (0.322751268, 0), (0.193120392, 0), (0.171236847, -0.15625), (0.322751268, 0),
            (0.302290112, -0.15625), (0.452155669, -0.15625), (0.470990257, 0), (0.322751268, 0), (0.302290112, -0.15625), (0.470990257, 0),
            (0.452155669, -0.15625), (0.610051603, -0.15625), (0.627172465, 0), (0.470990257, 0), (0.452155669, -0.15625), (0.627172465, 0),
            (0.610051603, -0.15625), (0.773399524, -0.15625), (0.788747486, 0), (0.627172465, 0), (0.610051603, -0.15625), (0.788747486, 0),
            (0.773399524, -0.15625), (0.940925081, -0.15625), (0.954454802, 0), (0.788747486, 0), (0.773399524, -0.15625), (0.954454802, 0),
            (0.940925081, -0.15625), (1.11185687, -0.15625), (1.12353138, 0), (0.954454802, 0), (0.940925081, -0.15625), (1.12353138, 0),
            (1.11185687, -0.15625), (1.28567427, -0.15625), (1.29546225, 0), (1.12353138, 0), (1.11185687, -0.15625), (1.29546225, 0),
            (1.28567427, -0.15625), (1.4620008, -0.15625), (1.46987502, 0), (1.29546225, 0), (1.28567427, -0.15625), (1.46987502, 0),
            (1.4620008, -0.15625), (1.6405508, -0.15625), (1.64648712, 0), (1.46987502, 0), (1.4620008, -0.15625), (1.64648712, 0),
            (1.6405508, -0.15625), (1.82109969, -0.15625), (1.82507643, 0), (1.64648712, 0), (1.6405508, -0.15625), (1.82507643, 0),
            (1.82109969, -0.15625), (2.00346603, -0.15625), (2.00546345, 0), (1.82507643, 0), (1.82109969, -0.15625), (2.00546345, 0),
            (2.00346603, -0.15625), (2.1875, -0.15625), (2.1875, 0), (2.00546345, 0), (2.00346603, -0.15625), (2.1875, 0),
            (0.193120392, 0), (0.322751268, 0), (0.329550986, 0.15625), (0.200392803, 0.15625), (0.193120392, 0), (0.329550986, 0.15625),
            (0.322751268, 0), (0.470990257, 0), (0.477249429, 0.15625), (0.329550986, 0.15625), (0.322751268, 0), (0.477249429, 0.15625),
            (0.470990257, 0), (0.627172465, 0), (0.632862126, 0.15625), (0.477249429, 0.15625), (0.470990257, 0), (0.632862126, 0.15625),
            (0.627172465, 0), (0.788747486, 0), (0.793847971, 0.15625), (0.632862126, 0.15625), (0.627172465, 0), (0.793847971, 0.15625),
            (0.788747486, 0), (0.954454802, 0), (0.958951043, 0.15625), (0.793847971, 0.15625), (0.788747486, 0), (0.958951043, 0.15625),
            (0.954454802, 0), (1.12353138, 0), (1.12741109, 0.15625), (0.958951043, 0.15625), (0.954454802, 0), (1.12741109, 0.15625),
            (1.12353138, 0), (1.29546225, 0), (1.29871502, 0.15625), (1.12741109, 0.15625), (1.12353138, 0), (1.29871502, 0.15625),
            (1.29546225, 0), (1.46987502, 0), (1.4724918, 0.15625), (1.29871502, 0.15625), (1.29546225, 0), (1.4724918, 0.15625),
            (1.46987502, 0), (1.64648712, 0), (1.6484599, 0.15625), (1.4724918, 0.15625), (1.46987502, 0), (1.6484599, 0.15625),
            (1.64648712, 0), (1.82507643, 0), (1.82639799, 0.15625), (1.6484599, 0.15625), (1.64648712, 0), (1.82639799, 0.15625),
            (1.82507643, 0), (2.00546345, 0), (2.00612724, 0.15625), (1.82639799, 0.15625), (1.82507643, 0), (2.00612724, 0.15625),
            (2.00546345, 0), (2.1875, 0), (2.1875, 0.15625), (2.00612724, 0.15625), (2.00546345, 0), (2.1875, 0.15625),
            (0.200392803, 0.15625), (0.329550986, 0.15625), (0.326415283, 0.3125), (0.197039117, 0.3125), (0.200392803, 0.15625), (0.326415283, 0.3125),
            (0.329550986, 0.15625), (0.477249429, 0.15625), (0.474363, 0.3125), (0.326415283, 0.3125), (0.329550986, 0.15625), (0.474363, 0.3125),
            (0.477249429, 0.15625), (0.632862126, 0.15625), (0.630238328, 0.3125), (0.474363, 0.3125), (0.477249429, 0.15625), (0.630238328, 0.3125),
            (0.632862126, 0.15625), (0.793847971, 0.15625), (0.791495873, 0.3125), (0.630238328, 0.3125), (0.632862126, 0.15625), (0.791495873, 0.3125),
            (0.793847971, 0.15625), (0.958951043, 0.15625), (0.956877593, 0.3125), (0.791495873, 0.3125), (0.793847971, 0.15625), (0.956877593, 0.3125),
            (0.958951043, 0.15625), (1.12741109, 0.15625), (1.12562195, 0.3125), (0.956877593, 0.3125), (0.958951043, 0.15625), (1.12562195, 0.3125),
            (1.12741109, 0.15625), (1.29871502, 0.15625), (1.297215, 0.3125), (1.12562195, 0.3125), (1.12741109, 0.15625), (1.297215, 0.3125),
            (1.29871502, 0.15625), (1.4724918, 0.15625), (1.47128507, 0.3125), (1.297215, 0.3125), (1.29871502, 0.15625), (1.47128507, 0.3125),
            (1.4724918, 0.15625), (1.6484599, 0.15625), (1.64755015, 0.3125), (1.47128507, 0.3125), (1.4724918, 0.15625), (1.64755015, 0.3125),
            (1.6484599, 0.15625), (1.82639799, 0.15625), (1.82578855, 0.3125), (1.64755015, 0.3125), (1.6484599, 0.15625), (1.82578855, 0.3125),
            (1.82639799, 0.15625), (2.00612724, 0.15625), (2.00582113, 0.3125), (1.82578855, 0.3125), (1.82639799, 0.15625), (2.00582113, 0.3125),
            (2.00612724, 0.15625), (2.1875, 0.15625), (2.1875, 0.3125), (2.00582113, 0.3125), (2.00612724, 0.15625), (2.1875, 0.3125),
            (0.197039117, 0.3125), (0.326415283, 0.3125), (0.325923257, 0.46875), (0.196512888, 0.46875), (0.197039117, 0.3125), (0.325923257, 0.46875),
            (0.326415283, 0.3125), (0.474363, 0.3125), (0.473910088, 0.46875), (0.325923257, 0.46875), (0.326415283, 0.3125), (0.473910088, 0.46875),
            (0.474363, 0.3125), (0.630238328, 0.3125), (0.629826626, 0.46875), (0.473910088, 0.46875), (0.474363, 0.3125), (0.629826626, 0.46875),
            (0.630238328, 0.3125), (0.791495873, 0.3125), (0.791126803, 0.46875), (0.629826626, 0.46875), (0.630238328, 0.3125), (0.791126803, 0.46875),
            (0.791495873, 0.3125), (0.956877593, 0.3125), (0.956552247, 0.46875), (0.791126803, 0.46875), (0.791495873, 0.3125), (0.956552247, 0.46875),
            (0.956877593, 0.3125), (1.12562195, 0.3125), (1.12534122, 0.46875), (0.956552247, 0.46875), (0.956877593, 0.3125), (1.12534122, 0.46875),
            (1.12562195, 0.3125), (1.297215, 0.3125), (1.29697963, 0.46875), (1.12534122, 0.46875), (1.12562195, 0.3125), (1.29697963, 0.46875),
            (1.297215, 0.3125), (1.47128507, 0.3125), (1.47109572, 0.46875), (1.29697963, 0.46875), (1.297215, 0.3125), (1.47109572, 0.46875),
            (1.47128507, 0.3125), (1.64755015, 0.3125), (1.6474074, 0.46875), (1.47109572, 0.46875), (1.47128507, 0.3125), (1.6474074, 0.46875),
            (1.64755015, 0.3125), (1.82578855, 0.3125), (1.82569292, 0.46875), (1.6474074, 0.46875), (1.64755015, 0.3125), (1.82569292, 0.46875),
            (1.82578855, 0.3125), (2.00582113, 0.3125), (2.0057731, 0.46875), (1.82569292, 0.46875), (1.82578855, 0.3125), (2.0057731, 0.46875),
            (2.00582113, 0.3125), (2.1875, 0.3125), (2.1875, 0.46875), (2.0057731, 0.46875), (2.00582113, 0.3125), (2.1875, 0.46875),
            (0.196512888, 0.46875), (0.325923257, 0.46875), (0.31840549, 0.625), (0.188472511, 0.625), (0.196512888, 0.46875), (0.31840549, 0.625),
            (0.325923257, 0.46875), (0.473910088, 0.46875), (0.466989949, 0.625), (0.31840549, 0.625), (0.325923257, 0.46875), (0.466989949, 0.625),
            (0.473910088, 0.46875), (0.629826626, 0.46875), (0.623536138, 0.625), (0.466989949, 0.625), (0.473910088, 0.46875), (0.623536138, 0.625),
            (0.629826626, 0.46875), (0.791126803, 0.46875), (0.785487708, 0.625), (0.623536138, 0.625), (0.629826626, 0.46875), (0.785487708, 0.625),
            (0.791126803, 0.46875), (0.956552247, 0.46875), (0.951581203, 0.625), (0.785487708, 0.625), (0.791126803, 0.46875), (0.951581203, 0.625),
            (0.956552247, 0.46875), (1.12534122, 0.46875), (1.12105181, 0.625), (0.951581203, 0.625), (0.956552247, 0.46875), (1.12105181, 0.625),
            (1.12534122, 0.46875), (1.29697963, 0.46875), (1.29338336, 0.625), (1.12105181, 0.625), (1.12534122, 0.46875), (1.29338336, 0.625),
            (1.29697963, 0.46875), (1.47109572, 0.46875), (1.4682026, 0.625), (1.29338336, 0.625), (1.29697963, 0.46875), (1.4682026, 0.625),
            (1.47109572, 0.46875), (1.6474074, 0.46875), (1.6452263, 0.625), (1.4682026, 0.625), (1.47109572, 0.46875), (1.6452263, 0.625),
            (1.6474074, 0.46875), (1.82569292, 0.46875), (1.8242318, 0.625), (1.6452263, 0.625), (1.6474074, 0.46875), (1.8242318, 0.625),
            (1.82569292, 0.46875), (2.0057731, 0.46875), (2.00503921, 0.625), (1.8242318, 0.625), (1.82569292, 0.46875), (2.00503921, 0.625),
            (2.0057731, 0.46875), (2.1875, 0.46875), (2.1875, 0.625), (2.00503921, 0.625), (2.0057731, 0.46875), (2.1875, 0.625),
            (0.188472511, 0.625), (0.31840549, 0.625), (0.304017146, 0.78125), (0.173083939, 0.78125), (0.188472511, 0.625), (0.304017146, 0.78125),
            (0.31840549, 0.625), (0.466989949, 0.625), (0.453745412, 0.78125), (0.304017146, 0.78125), (0.31840549, 0.625), (0.453745412, 0.78125),
            (0.466989949, 0.625), (0.623536138, 0.625), (0.611496698, 0.78125), (0.453745412, 0.78125), (0.466989949, 0.625), (0.611496698, 0.78125),
            (0.623536138, 0.625), (0.785487708, 0.625), (0.774694976, 0.78125), (0.611496698, 0.78125), (0.623536138, 0.625), (0.774694976, 0.78125),
            (0.785487708, 0.625), (0.951581203, 0.625), (0.942067064, 0.78125), (0.774694976, 0.78125), (0.785487708, 0.625), (0.942067064, 0.78125),
            (0.951581203, 0.625), (1.12105181, 0.625), (1.11284226, 0.78125), (0.942067064, 0.78125), (0.951581203, 0.625), (1.11284226, 0.78125),
            (1.12105181, 0.625), (1.29338336, 0.625), (1.28650043, 0.78125), (1.11284226, 0.78125), (1.12105181, 0.625), (1.28650043, 0.78125),
            (1.29338336, 0.625), (1.4682026, 0.625), (1.46266543, 0.78125), (1.28650043, 0.78125), (1.29338336, 0.625), (1.46266543, 0.78125),
            (1.4682026, 0.625), (1.6452263, 0.625), (1.64105186, 0.78125), (1.46266543, 0.78125), (1.4682026, 0.625), (1.64105186, 0.78125),
            (1.6452263, 0.625), (1.8242318, 0.625), (1.82143535, 0.78125), (1.64105186, 0.78125), (1.6452263, 0.625), (1.82143535, 0.78125),
            (1.8242318, 0.625), (2.00503921, 0.625), (2.00363462, 0.78125), (1.82143535, 0.78125), (1.8242318, 0.625), (2.00363462, 0.78125),
            (2.00503921, 0.625), (2.1875, 0.625), (2.1875, 0.78125), (2.00363462, 0.78125), (2.00503921, 0.625), (2.1875, 0.78125),
            (0.173083939, 0.78125), (0.304017146, 0.78125), (0.303768658, 0.9375), (0.172818177, 0.9375), (0.173083939, 0.78125), (0.303768658, 0.9375),
            (0.304017146, 0.78125), (0.453745412, 0.78125), (0.453516677, 0.9375), (0.303768658, 0.9375), (0.304017146, 0.78125), (0.453516677, 0.9375),
            (0.453745412, 0.78125), (0.611496698, 0.78125), (0.611288776, 0.9375), (0.453516677, 0.9375), (0.453745412, 0.78125), (0.611288776, 0.9375),
            (0.611496698, 0.78125), (0.774694976, 0.78125), (0.774508585, 0.9375), (0.611288776, 0.9375), (0.611496698, 0.78125), (0.774508585, 0.9375),
            (0.774694976, 0.78125), (0.942067064, 0.78125), (0.941902754, 0.9375), (0.774508585, 0.9375), (0.774694976, 0.78125), (0.941902754, 0.9375),
            (0.942067064, 0.78125), (1.11284226, 0.78125), (1.11270048, 0.9375), (0.941902754, 0.9375), (0.942067064, 0.78125), (1.11270048, 0.9375),
            (1.11284226, 0.78125), (1.28650043, 0.78125), (1.28638156, 0.9375), (1.11270048, 0.9375), (1.11284226, 0.78125), (1.28638156, 0.9375),
            (1.28650043, 0.78125), (1.46266543, 0.78125), (1.4625698, 0.9375), (1.28638156, 0.9375), (1.28650043, 0.78125), (1.4625698, 0.9375),
            (1.46266543, 0.78125), (1.64105186, 0.78125), (1.64097977, 0.9375), (1.4625698, 0.9375), (1.46266543, 0.78125), (1.64097977, 0.9375),
            (1.64105186, 0.78125), (1.82143535, 0.78125), (1.82138706, 0.9375), (1.64097977, 0.9375), (1.64105186, 0.78125), (1.82138706, 0.9375),
            (1.82143535, 0.78125), (2.00363462, 0.78125), (2.00361037, 0.9375), (1.82138706, 0.9375), (1.82143535, 0.78125), (2.00361037, 0.9375),
            (2.00363462, 0.78125), (2.1875, 0.78125), (2.1875, 0.9375), (2.00361037, 0.9375), (2.00363462, 0.78125), (2.1875, 0.9375),
            (0.172818177, 0.9375), (0.303768658, 0.9375), (0.319775603, 1.09375), (0.18993787, 1.09375), (0.172818177, 0.9375), (0.319775603, 1.09375),
            (0.303768658, 0.9375), (0.453516677, 0.9375), (0.468251144, 1.09375), (0.319775603, 1.09375), (0.303768658, 0.9375), (0.468251144, 1.09375),
            (0.453516677, 0.9375), (0.611288776, 0.9375), (0.624682579, 1.09375), (0.468251144, 1.09375), (0.453516677, 0.9375), (0.624682579, 1.09375),
            (0.611288776, 0.9375), (0.774508585, 0.9375), (0.786515433, 1.09375), (0.624682579, 1.09375), (0.611288776, 0.9375), (0.786515433, 1.09375),
            (0.774508585, 0.9375), (0.941902754, 0.9375), (0.952487176, 1.09375), (0.786515433, 1.09375), (0.774508585, 0.9375), (0.952487176, 1.09375),
            (0.941902754, 0.9375), (1.11270048, 0.9375), (1.12183355, 1.09375), (0.952487176, 1.09375), (0.941902754, 0.9375), (1.12183355, 1.09375),
            (1.11270048, 0.9375), (1.28638156, 0.9375), (1.29403878, 1.09375), (1.12183355, 1.09375), (1.11270048, 0.9375), (1.29403878, 1.09375),
            (1.28638156, 0.9375), (1.4625698, 0.9375), (1.46872987, 1.09375), (1.29403878, 1.09375), (1.28638156, 0.9375), (1.46872987, 1.09375),
            (1.4625698, 0.9375), (1.64097977, 0.9375), (1.6456238, 1.09375), (1.46872987, 1.09375), (1.4625698, 0.9375), (1.6456238, 1.09375),
            (1.64097977, 0.9375), (1.82138706, 0.9375), (1.82449809, 1.09375), (1.6456238, 1.09375), (1.64097977, 0.9375), (1.82449809, 1.09375),
            (1.82138706, 0.9375), (2.00361037, 0.9375), (2.00517296, 1.09375), (1.82449809, 1.09375), (1.82138706, 0.9375), (2.00517296, 1.09375),
            (2.00361037, 0.9375), (2.1875, 0.9375), (2.1875, 1.09375), (2.00517296, 1.09375), (2.00361037, 0.9375), (2.1875, 1.09375),
            (0.18993787, 1.09375), (0.319775603, 1.09375), (0.331168982, 1.25), (0.202123277, 1.25), (0.18993787, 1.09375), (0.331168982, 1.25),
            (0.319775603, 1.09375), (0.468251144, 1.09375), (0.478738802, 1.25), (0.331168982, 1.25), (0.319775603, 1.09375), (0.478738802, 1.25),
            (0.468251144, 1.09375), (0.624682579, 1.09375), (0.634215983, 1.25), (0.478738802, 1.25), (0.468251144, 1.09375), (0.634215983, 1.25),
            (0.624682579, 1.09375), (0.786515433, 1.09375), (0.795061634, 1.25), (0.634215983, 1.25), (0.624682579, 1.09375), (0.795061634, 1.25),
            (0.786515433, 1.09375), (0.952487176, 1.09375), (0.960020926, 1.25), (0.795061634, 1.25), (0.786515433, 1.09375), (0.960020926, 1.25),
            (0.952487176, 1.09375), (1.12183355, 1.09375), (1.12833427, 1.25), (0.960020926, 1.25), (0.952487176, 1.09375), (1.12833427, 1.25),
            (1.12183355, 1.09375), (1.29403878, 1.09375), (1.29948902, 1.25), (1.12833427, 1.25), (1.12183355, 1.09375), (1.29948902, 1.25),
            (1.29403878, 1.09375), (1.46872987, 1.09375), (1.47311447, 1.25), (1.29948902, 1.25), (1.29403878, 1.09375), (1.47311447, 1.25),
            (1.46872987, 1.09375), (1.6456238, 1.09375), (1.64892932, 1.25), (1.47311447, 1.25), (1.46872987, 1.09375), (1.64892932, 1.25),
            (1.6456238, 1.09375), (1.82449809, 1.09375), (1.82671245, 1.25), (1.64892932, 1.25), (1.6456238, 1.09375), (1.82671245, 1.25),
            (1.82449809, 1.09375), (2.00517296, 1.09375), (2.00628518, 1.25), (1.82671245, 1.25), (1.82449809, 1.09375), (2.00628518, 1.25),
            (2.00517296, 1.09375), (2.1875, 1.09375), (2.1875, 1.25), (2.00628518, 1.25), (2.00517296, 1.09375), (2.1875, 1.25),
            (0.202123277, 1.25), (0.331168982, 1.25), (0.328418721, 1.40625), (0.199181827, 1.40625), (0.202123277, 1.25), (0.328418721, 1.40625),
            (0.331168982, 1.25), (0.478738802, 1.25), (0.476207173, 1.40625), (0.328418721, 1.40625), (0.331168982, 1.25), (0.476207173, 1.40625),
            (0.478738802, 1.25), (0.634215983, 1.25), (0.631914703, 1.40625), (0.476207173, 1.40625), (0.478738802, 1.25), (0.631914703, 1.40625),
            (0.634215983, 1.25), (0.795061634, 1.25), (0.792998656, 1.40625), (0.631914703, 1.40625), (0.634215983, 1.25), (0.792998656, 1.40625),
            (0.795061634, 1.25), (0.960020926, 1.25), (0.958202345, 1.40625), (0.792998656, 1.40625), (0.795061634, 1.25), (0.958202345, 1.40625),
            (0.960020926, 1.25), (1.12833427, 1.25), (1.12676505, 1.40625), (0.958202345, 1.40625), (0.960020926, 1.25), (1.12676505, 1.40625),
            (1.12833427, 1.25), (1.29948902, 1.25), (1.29817338, 1.40625), (1.12676505, 1.40625), (1.12833427, 1.25), (1.29817338, 1.40625),
            (1.29948902, 1.25), (1.47311447, 1.25), (1.47205607, 1.40625), (1.29817338, 1.40625), (1.29948902, 1.25), (1.47205607, 1.40625),
            (1.47311447, 1.25), (1.64892932, 1.25), (1.6481314, 1.40625), (1.47205607, 1.40625), (1.47311447, 1.25), (1.6481314, 1.40625),
            (1.64892932, 1.25), (1.82671245, 1.25), (1.82617792, 1.40625), (1.6481314, 1.40625), (1.64892932, 1.25), (1.82617792, 1.40625),
            (1.82671245, 1.25), (2.00628518, 1.25), (2.0060167, 1.40625), (1.82617792, 1.40625), (1.82671245, 1.25), (2.0060167, 1.40625),
            (2.00628518, 1.25), (2.1875, 1.25), (2.1875, 1.40625), (2.0060167, 1.40625), (2.00628518, 1.25), (2.1875, 1.40625)
        ] (
            interpolation = "faceVarying"
        )
        custom string drAnmar:visualOverlay = "uv_and_material_opinions_only"
        custom string drAnmar:uvContract = "semantic_metric_islands_sign_aware_tangent_handedness"
        custom string drAnmar:uvMetersPerTile = "top=0.016,wound=0.010,bottom=0.016,outer=0.014"

            over "SurfaceFaces"
            {
                rel material:binding = </DrAnmarNeedleReadyTissue/VisualMaterials/Surface>
            }
            over "BulkFaces"
            {
                rel material:binding = </DrAnmarNeedleReadyTissue/VisualMaterials/Bulk>
            }
            over "FasciaFaces"
            {
                rel material:binding = </DrAnmarNeedleReadyTissue/VisualMaterials/Fascia>
            }
            over "WoundSurfaceFaces"
            {
                rel material:binding = </DrAnmarNeedleReadyTissue/VisualMaterials/WoundSurface>
            }
            over "WoundBulkFaces"
            {
                rel material:binding = </DrAnmarNeedleReadyTissue/VisualMaterials/WoundBulk>
            }
            over "WoundFasciaFaces"
            {
                rel material:binding = </DrAnmarNeedleReadyTissue/VisualMaterials/WoundFascia>
            }
    }
}
