#usda 1.0
(
    defaultPrim = "DrAnmarNeedleReadyTissue"
    doc = "DrAnmar Needle-Ready Tissue Unit training LOD; research geometry, not clinically validated."
    kilogramsPerUnit = 1
    metersPerUnit = 1
    upAxis = "Z"
)

def Xform "DrAnmarNeedleReadyTissue" (
    customData = {
        string drAnmarAssetId = "dranmar-needle-ready-tissue-v2"
        string drAnmarAssetName = "DrAnmar Needle-Ready Tissue Unit"
        string drAnmarAssetVersion = "2.2.0"
        bool drAnmarClinicalValidation = false
        int drAnmarConnectedComponents = 2
        string drAnmarGeometryLod = "training"
        string drAnmarRepresentation = "nested_layer_conforming_openusd_tetmesh"
        string drAnmarStatus = "source_static_geometry_qualified_native_physics_requalification_pending"
        int drAnmarSurfaceTriangleCount = 792
        int drAnmarTetrahedronCount = 1944
        int drAnmarVertexCount = 560
    }
)
{
    def Scope "Materials"
    {
        def Material "Surface"
        {
            def Shader "PreviewSurface"
            {
                uniform token info:id = "UsdPreviewSurface"
                color3f inputs:diffuseColor = (0.5, 0.145, 0.125)
                float inputs:metallic = 0
                float inputs:roughness = 0.82
                token outputs:surface
            }
            token outputs:surface.connect = </DrAnmarNeedleReadyTissue/Materials/Surface/PreviewSurface.outputs:surface>
        }

        def Material "Bulk"
        {
            def Shader "PreviewSurface"
            {
                uniform token info:id = "UsdPreviewSurface"
                color3f inputs:diffuseColor = (0.63, 0.245, 0.205)
                float inputs:metallic = 0
                float inputs:roughness = 0.86
                token outputs:surface
            }
            token outputs:surface.connect = </DrAnmarNeedleReadyTissue/Materials/Bulk/PreviewSurface.outputs:surface>
        }

        def Material "Fascia"
        {
            def Shader "PreviewSurface"
            {
                uniform token info:id = "UsdPreviewSurface"
                color3f inputs:diffuseColor = (0.68, 0.51, 0.34)
                float inputs:metallic = 0
                float inputs:roughness = 0.88
                token outputs:surface
            }
            token outputs:surface.connect = </DrAnmarNeedleReadyTissue/Materials/Fascia/PreviewSurface.outputs:surface>
        }

        def Material "WoundSurface"
        {
            def Shader "PreviewSurface"
            {
                uniform token info:id = "UsdPreviewSurface"
                color3f inputs:diffuseColor = (0.46, 0.12, 0.095)
                float inputs:metallic = 0
                float inputs:roughness = 0.82
                token outputs:surface
            }
            token outputs:surface.connect = </DrAnmarNeedleReadyTissue/Materials/WoundSurface/PreviewSurface.outputs:surface>
        }

        def Material "WoundBulk"
        {
            def Shader "PreviewSurface"
            {
                uniform token info:id = "UsdPreviewSurface"
                color3f inputs:diffuseColor = (0.54, 0.19, 0.15)
                float inputs:metallic = 0
                float inputs:roughness = 0.84
                token outputs:surface
            }
            token outputs:surface.connect = </DrAnmarNeedleReadyTissue/Materials/WoundBulk/PreviewSurface.outputs:surface>
        }

        def Material "WoundFascia"
        {
            def Shader "PreviewSurface"
            {
                uniform token info:id = "UsdPreviewSurface"
                color3f inputs:diffuseColor = (0.61, 0.39, 0.25)
                float inputs:metallic = 0
                float inputs:roughness = 0.87
                token outputs:surface
            }
            token outputs:surface.connect = </DrAnmarNeedleReadyTissue/Materials/WoundFascia/PreviewSurface.outputs:surface>
        }
    }

    def Scope "Frames"
    {
        def Xform "TissueCenter"
        {
            double3 xformOp:translate = (0, 0, 0)
            uniform token[] xformOpOrder = ["xformOp:translate"]
        }
        def Xform "WoundCenter"
        {
            double3 xformOp:translate = (9.49403617384e-05, 0, 0.00308206472475)
            uniform token[] xformOpOrder = ["xformOp:translate"]
        }
        def Xform "LeftSafeBiteSeed"
        {
            double3 xformOp:translate = (-0.00990004555461, 0, 0.00313922322956)
            uniform token[] xformOpOrder = ["xformOp:translate"]
        }
        def Xform "RightSafeBiteSeed"
        {
            double3 xformOp:translate = (0.0100899262781, 0, 0.00299751882587)
            uniform token[] xformOpOrder = ["xformOp:translate"]
        }
    }

    def TetMesh "Simulation"
    {
        float3[] extent = [(-0.035, -0.0225, -0.00316457826008), (0.035, 0.0225, 0.00319749076336)]
        point3f[] points = [
            (-0.035, -0.0225, -0.003),
            (-0.0290526060463, -0.0225, -0.00299968206053),
            (-0.0232237283017, -0.0225, -0.00299695379848),
            (-0.0175402070969, -0.0225, -0.00299958714662),
            (-0.012046382091, -0.0225, -0.00300740143138),
            (-0.00683196570478, -0.0225, -0.00301146821631),
            (-0.00227210351472, -0.0225, -0.00300404230888),
            (-0.035, -0.0175, -0.003),
            (-0.0289759727302, -0.0175, -0.00296626336135),
            (-0.0230719887736, -0.0175, -0.00294966804953),
            (-0.0173152343038, -0.0175, -0.00294374673559),
            (-0.011750620305, -0.0175, -0.00293033018019),
            (-0.00646901515971, -0.0175, -0.00289713653593),
            (-0.00185039826743, -0.0175, -0.00285245896427),
            (-0.035, -0.0125, -0.003),
            (-0.0289691975544, -0.0125, -0.00299344629288),
            (-0.0230585734337, -0.0125, -0.00300873106235),
            (-0.0172953443878, -0.0125, -0.00302433056701),
            (-0.0117244719116, -0.0125, -0.00301474383365),
            (-0.00643692658686, -0.0125, -0.00297428015388),
            (-0.00181311517271, -0.0125, -0.00292414180586),
            (-0.035, -0.0075, -0.003),
            (-0.0290347936205, -0.0075, -0.0030123669491),
            (-0.0231884584057, -0.0075, -0.00303826010578),
            (-0.0174879150732, -0.0075, -0.00305510628986),
            (-0.0119776360791, -0.0075, -0.0030471510329),
            (-0.00674760253252, -0.0075, -0.00301945474028),
            (-0.00217408356985, -0.0075, -0.00299256820253),
            (-0.035, -0.0025, -0.003),
            (-0.0290412062674, -0.0025, -0.00301829076196),
            (-0.0232011559121, -0.0025, -0.00303570716445),
            (-0.0175067407115, -0.0025, -0.00304419845229),
            (-0.0120023853135, -0.0025, -0.00304608697167),
            (-0.00677797409691, -0.0025, -0.00305020818399),
            (-0.0022093717055, -0.0025, -0.00306056744234),
            (-0.035, 0.0025, -0.003),
            (-0.0289554430748, 0.0025, -0.00297384213827),
            (-0.023031338566, 0.0025, -0.00293935748884),
            (-0.0172549652964, 0.0025, -0.00291154912098),
            (-0.0116713873052, 0.0025, -0.00290774872428),
            (-0.00637178265093, 0.0025, -0.00293084347779),
            (-0.00173742568832, 0.0025, -0.00296356866233),
            (-0.035, 0.0075, -0.003),
            (-0.0290002730842, 0.0075, -0.00299710080212),
            (-0.0231201052383, 0.0075, -0.00298368028941),
            (-0.0173865729695, 0.0075, -0.00298527067923),
            (-0.0118444060951, 0.0075, -0.00301698371744),
            (-0.00658410644354, 0.0075, -0.00306759675296),
            (-0.00198412061326, 0.0075, -0.00310658060901),
            (-0.035, 0.0125, -0.003),
            (-0.0290302703169, 0.0125, -0.00300046061358),
            (-0.0231795019363, 0.0125, -0.00299736524219),
            (-0.0174746359892, 0.0125, -0.00301187304022),
            (-0.0119601786544, 0.0125, -0.00304767148842),
            (-0.00672617927194, 0.0125, -0.00308702717239),
            (-0.00214919229603, 0.0125, -0.00310620216366),
            (-0.035, 0.0175, -0.003),
            (-0.0289879668451, 0.0175, -0.00302226556855),
            (-0.0230957379916, 0.0175, -0.00304653686087),
            (-0.0173504454844, 0.0175, -0.00307561061957),
            (-0.0117969108875, 0.0175, -0.00310122410264),
            (-0.00652582166058, 0.0175, -0.00311270686478),
            (-0.00191640064659, 0.0175, -0.00310825940529),
            (-0.035, 0.0225, -0.003),
            (-0.0289906855279, 0.0225, -0.00297117856275),
            (-0.023101121181, 0.0225, -0.0029479679777),
            (-0.0173584267347, 0.0225, -0.00291860154884),
            (-0.0118074034844, 0.0225, -0.00287648219606),
            (-0.00653869788045, 0.0225, -0.00283159669309),
            (-0.00193136127845, 0.0225, -0.00280659352849),
            (-0.035, -0.0225, -0.00192),
            (-0.0290853160896, -0.0225, -0.0019145380881),
            (-0.0232884965616, -0.0225, -0.001908512952),
            (-0.0176362341277, -0.0225, -0.00191210374212),
            (-0.0121726245834, -0.0225, -0.00192466705327),
            (-0.00698688694072, -0.0225, -0.00193419930297),
            (-0.00245210351472, -0.0225, -0.00192934384511),
            (-0.035, -0.0175, -0.00192),
            (-0.0290086827735, -0.0175, -0.00188571522469),
            (-0.0231367570335, -0.0175, -0.00186787171064),
            (-0.0174112613346, -0.0175, -0.00186323850498),
            (-0.0118768627974, -0.0175, -0.00185510201399),
            (-0.00662393639565, -0.0175, -0.00182963515552),
            (-0.00203039826743, -0.0175, -0.00179145926568),
            (-0.035, -0.0125, -0.00192),
            (-0.0290019075977, -0.0125, -0.00191695892522),
            (-0.0231233416936, -0.0125, -0.00193281524349),
            (-0.0173913714186, -0.0125, -0.00194897388117),
            (-0.011850714404, -0.0125, -0.00194281565327),
            (-0.0065918478228, -0.0125, -0.00190923041348),
            (-0.00199311517271, -0.0125, -0.00186705041432),
            (-0.035, -0.0075, -0.00192),
            (-0.0290675036638, -0.0075, -0.00193708665126),
            (-0.0232532266657, -0.0075, -0.00196369992402),
            (-0.017583942104, -0.0075, -0.00197891619776),
            (-0.0121038785715, -0.0075, -0.00197032060176),
            (-0.00690252376846, -0.0075, -0.00194553324007),
            (-0.00235408356985, -0.0075, -0.00192494469375),
            (-0.035, -0.0025, -0.00192),
            (-0.0290739163107, -0.0025, -0.00194115912172),
            (-0.023265924172, -0.0025, -0.0019579392835),
            (-0.0176027677423, -0.0025, -0.00196214153195),
            (-0.0121286278059, -0.0025, -0.00195873695256),
            (-0.00693289533285, -0.0025, -0.00196021948579),
            (-0.0023893717055, -0.0025, -0.00197273772871),
            (-0.035, 0.0025, -0.00192),
            (-0.0289881531182, 0.0025, -0.00189362334334),
            (-0.0230961068259, 0.0025, -0.00185720468405),
            (-0.0173509923272, 0.0025, -0.00182386719692),
            (-0.0117976297976, 0.0025, -0.0018119419694),
            (-0.00652670388686, 0.0025, -0.00182774331439),
            (-0.00191742568832, 0.0025, -0.00185767431812),
            (-0.035, 0.0075, -0.00192),
            (-0.0290329831275, 0.0075, -0.00191496102353),
            (-0.0231848734982, 0.0075, -0.0019000281547),
            (-0.0174826000002, 0.0075, -0.0018977405414),
            (-0.0119706485875, 0.0075, -0.00192213526538),
            (-0.00673902767948, 0.0075, -0.0019638866772),
            (-0.00216412061326, 0.0075, -0.00199628804258),
            (-0.035, 0.0125, -0.00192),
            (-0.0290629803602, 0.0125, -0.00191880064889),
            (-0.0232442701962, 0.0125, -0.00191667563624),
            (-0.01757066302, 0.0125, -0.00193166970186),
            (-0.0120864211468, 0.0125, -0.00196462636878),
            (-0.00688110050788, 0.0125, -0.00199741762463),
            (-0.00232919229603, 0.0125, -0.00200884214716),
            (-0.035, 0.0175, -0.00192),
            (-0.0290206768884, 0.0175, -0.00194273901741),
            (-0.0231605062515, 0.0175, -0.00197108372733),
            (-0.0174464725151, 0.0175, -0.00200566762664),
            (-0.0119231533799, 0.0175, -0.0020345977165),
            (-0.00668074289651, 0.0175, -0.00204461787135),
            (-0.00209640064659, 0.0175, -0.00203422416933),
            (-0.035, 0.0225, -0.00192),
            (-0.0290233955712, 0.0225, -0.00189337323896),
            (-0.0231658894409, 0.0225, -0.00187562668912),
            (-0.0174544537654, 0.0225, -0.00185458787874),
            (-0.0119336459769, 0.0225, -0.00182058382919),
            (-0.00669361911639, 0.0225, -0.00177978016373),
            (-0.00211136127845, 0.0225, -0.00175277811401),
            (-0.035, -0.0225, 0.00192),
            (-0.0292016184659, -0.0225, 0.00194375159166),
            (-0.0235187837079, -0.0225, 0.00196149894659),
            (-0.0179776635704, -0.0225, 0.00195450391835),
            (-0.0126214867786, -0.0225, 0.00192505518002),
            (-0.00753771800183, -0.0225, 0.00189609016666),
            (-0.00309210351472, -0.0225, 0.00189180624832),
            (-0.035, -0.0175, 0.00192),
            (-0.0291249851497, -0.0175, 0.00195623370565),
            (-0.0233670441798, -0.0175, 0.0019785152721),
            (-0.0177526907773, -0.0175, 0.00197856853716),
            (-0.0123257249926, -0.0175, 0.00196793146582),
            (-0.00717476745676, -0.0175, 0.00196592530817),
            (-0.00267039826743, -0.0175, 0.00198098410711),
            (-0.035, -0.0125, 0.00192),
            (-0.0291182099739, -0.0125, 0.00191055171535),
            (-0.02335362884, -0.0125, 0.00189266322358),
            (-0.0177328008613, -0.0125, 0.00187451655736),
            (-0.0122995765993, -0.0125, 0.00186848454362),
            (-0.00714267888391, -0.0125, 0.00187761310796),
            (-0.00263311517271, -0.0125, 0.00189149675559),
            (-0.035, -0.0075, 0.00192),
            (-0.0291838060401, -0.0075, 0.00188613218549),
            (-0.023483513812, -0.0075, 0.00185695850005),
            (-0.0179253715467, -0.0075, 0.00184753746305),
            (-0.0125527407667, -0.0075, 0.00185840982007),
            (-0.00745335482957, -0.0075, 0.00187285431626),
            (-0.00299408356985, -0.0075, 0.00187105000415),
            (-0.035, -0.0025, 0.00192),
            (-0.029190218687, -0.0025, 0.0018886422658),
            (-0.0234962113183, -0.0025, 0.0018741242932),
            (-0.017944197185, -0.0025, 0.0018851719626),
            (-0.0125774900011, -0.0025, 0.00190739644875),
            (-0.00748372639396, -0.0025, 0.00191529588558),
            (-0.0030293717055, -0.0025, 0.00189510125308),
            (-0.035, 0.0025, 0.00192),
            (-0.0291044554944, 0.0025, 0.00194715459415),
            (-0.0233263939722, 0.0025, 0.00199044973298),
            (-0.0176924217699, 0.0025, 0.00204344631084),
            (-0.0122464919928, 0.0025, 0.0020842598257),
            (-0.00707753494798, 0.0025, 0.00209439059995),
            (-0.00255742568832, 0.0025, 0.00207439446132),
            (-0.035, 0.0075, 0.00192),
            (-0.0291492855037, 0.0075, 0.00193264707814),
            (-0.0234151606445, 0.0075, 0.00195295721317),
            (-0.0178240294429, 0.0075, 0.001969033282),
            (-0.0124195107828, 0.0075, 0.0019706592308),
            (-0.00728985874059, 0.0075, 0.00196041581438),
            (-0.00280412061326, 0.0075, 0.00195141886028),
            (-0.035, 0.0125, 0.00192),
            (-0.0291792827365, 0.0125, 0.00192710144781),
            (-0.0234745573426, 0.0125, 0.00192577629602),
            (-0.0179120924627, 0.0125, 0.00190905327897),
            (-0.012535283342, 0.0125, 0.00188620072327),
            (-0.00743193156899, 0.0125, 0.0018767496563),
            (-0.00296919229603, 0.0125, 0.00189288235594),
            (-0.035, 0.0175, 0.00192),
            (-0.0291369792646, 0.0175, 0.00189557760888),
            (-0.0233907933978, 0.0175, 0.00185274963634),
            (-0.0177879019578, 0.0175, 0.001798574126),
            (-0.0123720155751, 0.0175, 0.00175785165641),
            (-0.00723157395763, 0.0175, 0.00175303188306),
            (-0.00273640064659, 0.0175, 0.00178456778076),
            (-0.035, 0.0225, 0.00192),
            (-0.0291396979475, 0.0225, 0.00193882346786),
            (-0.0233961765872, 0.0225, 0.00193714233692),
            (-0.0177958832081, 0.0225, 0.00192857183718),
            (-0.0123825081721, 0.0225, 0.00193372147524),
            (-0.0072444501775, 0.0225, 0.00196001194065),
            (-0.00275136127845, 0.0225, 0.0019941211375),
            (-0.035, -0.0225, 0.003),
            (-0.0292343285092, -0.0225, 0.00302889556409),
            (-0.0235835519678, -0.0225, 0.00304993979307),
            (-0.0180736906011, -0.0225, 0.00304198732286),
            (-0.012747729271, -0.0225, 0.00300778955813),
            (-0.00769263923777, -0.0225, 0.00297335907999),
            (-0.00327210351472, -0.0225, 0.0029665047121),
            (-0.035, -0.0175, 0.003),
            (-0.029157695193, -0.0175, 0.0030367818423),
            (-0.0234318124397, -0.0175, 0.00306031161099),
            (-0.0178487178081, -0.0175, 0.00305907676776),
            (-0.012451967485, -0.0175, 0.00304315963202),
            (-0.0073296886927, -0.0175, 0.00303342668858),
            (-0.00285039826743, -0.0175, 0.00304198380571),
            (-0.035, -0.0125, 0.003),
            (-0.0291509200172, -0.0125, 0.00298703908301),
            (-0.0234183970999, -0.0125, 0.00296857904244),
            (-0.017828827892, -0.0125, 0.0029498732432),
            (-0.0124258190917, -0.0125, 0.00294041272399),
            (-0.00729760011985, -0.0125, 0.00294266284837),
            (-0.00281311517271, -0.0125, 0.00294858814712),
            (-0.035, -0.0075, 0.003),
            (-0.0292165160834, -0.0075, 0.00296141248332),
            (-0.0235482820719, -0.0075, 0.00293151868181),
            (-0.0180213985775, -0.0075, 0.00292372755515),
            (-0.0126789832591, -0.0075, 0.00293524025121),
            (-0.00760827606551, -0.0075, 0.00294677581648),
            (-0.00317408356985, -0.0075, 0.00293867351293),
            (-0.035, -0.0025, 0.003),
            (-0.0292229287303, -0.0025, 0.00296577390604),
            (-0.0235609795782, -0.0025, 0.00295189217414),
            (-0.0180402242157, -0.0025, 0.00296722888294),
            (-0.0127037324935, -0.0025, 0.00299474646787),
            (-0.0076386476299, -0.0025, 0.00300528458378),
            (-0.0032093717055, -0.0025, 0.00298293096671),
            (-0.035, 0.0025, 0.003),
            (-0.0291371655377, 0.0025, 0.00302737338907),
            (-0.0233911622321, 0.0025, 0.00307260253777),
            (-0.0177884488007, 0.0025, 0.0031311282349),
            (-0.0123727344853, 0.0025, 0.00318006658058),
            (-0.00723245618391, 0.0025, 0.00319749076336),
            (-0.00273742568832, 0.0025, 0.00318028880553),
            (-0.035, 0.0075, 0.003),
            (-0.0291819955471, 0.0075, 0.00301478685674),
            (-0.0234799289044, 0.0075, 0.00303660934788),
            (-0.0179200564737, 0.0075, 0.00305656341984),
            (-0.0125457532752, 0.0075, 0.00306550768285),
            (-0.00744477997653, 0.0075, 0.00306412589013),
            (-0.00298412061326, 0.0075, 0.00306171142671),
            (-0.035, 0.0125, 0.003),
            (-0.0292119927798, 0.0125, 0.0030087614125),
            (-0.0235393256025, 0.0125, 0.00300646590196),
            (-0.0180081194935, 0.0125, 0.00298925661733),
            (-0.0126615258344, 0.0125, 0.00296924584291),
            (-0.00758685280493, 0.0125, 0.00296635920406),
            (-0.00314919229603, 0.0125, 0.00299024237243),
            (-0.035, 0.0175, 0.003),
            (-0.0291696893079, 0.0175, 0.00297510416002),
            (-0.0234555616577, 0.0175, 0.00292820276987),
            (-0.0178839289886, 0.0175, 0.00286851711893),
            (-0.0124982580675, 0.0175, 0.00282447804254),
            (-0.00738649519356, 0.0175, 0.00282112087648),
            (-0.00291640064659, 0.0175, 0.00285860301672),
            (-0.035, 0.0225, 0.003),
            (-0.0291724079908, 0.0225, 0.00301662879165),
            (-0.0234609448471, 0.0225, 0.00300948362549),
            (-0.0178919102389, 0.0225, 0.00299258550728),
            (-0.0125087506645, 0.0225, 0.00298961984212),
            (-0.00739937141344, 0.0225, 0.00301182847001),
            (-0.00293136127845, 0.0225, 0.00304793655199),
            (0.00174698368635, -0.0225, -0.00310100584865),
            (0.00638000896686, -0.0225, -0.00308442886394),
            (0.0116780907802, -0.0225, -0.0030551302473),
            (0.0172600643307, -0.0225, -0.00303092505258),
            (0.0230347777599, -0.0225, -0.00301847116836),
            (0.0289571799778, -0.0225, -0.00301122244826),
            (0.035, -0.0225, -0.003),
            (0.00215196364862, -0.0175, -0.00301537834599),
            (0.00672856450177, -0.0175, -0.00300937836104),
            (0.0119621223347, -0.0175, -0.0029781683494),
            (0.0174761144601, -0.0175, -0.0029492343909),
            (0.0231804991346, -0.0175, -0.00294606920877),
            (0.0290307739339, -0.0175, -0.00296954167904),
            (0.035, -0.0175, -0.003),
            (0.0021319118324, -0.0125, -0.0029443397202),
            (0.00671130643427, -0.0125, -0.00295398655614),
            (0.0119480590499, -0.0125, -0.00293926425363),
            (0.017465417147, -0.0125, -0.00291910261653),
            (0.0231732840166, -0.0125, -0.00291992166232),
            (0.0290271300685, -0.0125, -0.00295203710169),
            (0.035, -0.0125, -0.003),
            (0.0019180073552, -0.0075, -0.0030223409514),
            (0.00652720451215, -0.0075, -0.00303287428992),
            (0.011798037748, -0.0075, -0.00302950937938),
            (0.0173513026369, -0.0075, -0.003012807439),
            (0.0230963161234, -0.0075, -0.00299584394147),
            (0.0289882588201, -0.0075, -0.00299179646979),
            (0.035, -0.0075, -0.003),
            (0.00173978955675, -0.0025, -0.00301767620584),
            (0.00637381716991, -0.0025, -0.00301586196146),
            (0.0116730451977, -0.0025, -0.00302637956185),
            (0.0172562263813, -0.0025, -0.00303442710516),
            (0.0230321891418, -0.0025, -0.0030299153098),
            (0.0289558726428, -0.0025, -0.00301530044201),
            (0.035, -0.0025, -0.003),
            (0.00220628485385, 0.0025, -0.00291316093111),
            (0.0067753173254, 0.0025, -0.00289514596347),
            (0.0120002203588, 0.0025, -0.00291518592221),
            (0.0175050939271, 0.0025, -0.00295619567847),
            (0.0232000451898, 0.0025, -0.00299043923745),
            (0.0290406453171, 0.0025, -0.00300265227751),
            (0.035, 0.0025, -0.003),
            (0.00214420620329, 0.0075, -0.00294308874012),
            (0.00672188787389, 0.0075, -0.00291448807938),
            (0.0119566816723, 0.0075, -0.0029205994905),
            (0.017471975991, 0.0075, -0.0029554154496),
            (0.0231777078222, 0.0075, -0.00299250546843),
            (0.0290293642319, 0.0075, -0.00300779226026),
            (0.035, 0.0075, -0.003),
            (0.00176934302972, 0.0125, -0.00303489404011),
            (0.00639925306191, 0.0125, -0.00301554875452),
            (0.0116937724426, 0.0125, -0.0030040817943),
            (0.0172719926716, 0.0125, -0.00300756373865),
            (0.0230428231808, 0.0125, -0.00301753290038),
            (0.0289612431727, 0.0125, -0.00301755613344),
            (0.035, 0.0125, -0.003),
            (0.00203900591859, 0.0175, -0.00315848120351),
            (0.00663134477319, 0.0175, -0.00316457826008),
            (0.0118828997493, 0.0175, -0.00314442002773),
            (0.0174158533745, 0.0175, -0.00310887815574),
            (0.0231398542701, 0.0175, -0.00307133604088),
            (0.029010246977, 0.0175, -0.00303639727099),
            (0.035, 0.0175, -0.003),
            (0.00218690923176, 0.0225, -0.00296181164282),
            (0.00675864124028, 0.0225, -0.00300224978079),
            (0.0119866313209, 0.0225, -0.0030154461165),
            (0.0174947573523, 0.0225, -0.00300225251709),
            (0.0231930733824, 0.0225, -0.00298397494945),
            (0.0290371243314, 0.0225, -0.00298203788381),
            (0.035, 0.0225, -0.003),
            (0.00192698368635, -0.0225, -0.00199922617033),
            (0.00653493020279, -0.0225, -0.00197838344298),
            (0.0118043332726, -0.0225, -0.00195065642031),
            (0.0173560913615, -0.0225, -0.00193309268656),
            (0.0230995460198, -0.0225, -0.00192902494049),
            (0.0289898900211, -0.0225, -0.0019282540854),
            (0.035, -0.0225, -0.00192),
            (0.00233196364862, -0.0175, -0.00192268733941),
            (0.00688348573771, -0.0175, -0.00191599174502),
            (0.0120883648271, -0.0175, -0.00188890204207),
            (0.0175721414909, -0.0175, -0.00186618929242),
            (0.0232452673945, -0.0175, -0.00186762433075),
            (0.0290634839773, -0.0175, -0.00189186722254),
            (0.035, -0.0175, -0.00192),
            (0.0023119118324, -0.0125, -0.00186580499613),
            (0.0068662276702, -0.0125, -0.00187856621874),
            (0.0120743015423, -0.0125, -0.00186896350517),
            (0.0175614441777, -0.0125, -0.00185225990549),
            (0.0232380522765, -0.0125, -0.00185212260026),
            (0.0290598401118, -0.0125, -0.00187891643188),
            (0.035, -0.0125, -0.00192),
            (0.0020980073552, -0.0075, -0.00195301487886),
            (0.00668212574808, -0.0075, -0.00196948396443),
            (0.0119242802404, -0.0075, -0.00197080637431),
            (0.0174473296676, -0.0075, -0.0019542357719),
            (0.0231610843833, -0.0075, -0.00193202280557),
            (0.0290209688634, -0.0075, -0.00191957189672),
            (0.035, -0.0075, -0.00192),
            (0.00191978955675, -0.0025, -0.0019474146142),
            (0.00652873840585, -0.0025, -0.00195239935747),
            (0.0117992876901, -0.0025, -0.00196608124808),
            (0.017352253412, -0.0025, -0.00197187714687),
            (0.0230969574017, -0.0025, -0.00196103502115),
            (0.0289885826862, -0.0025, -0.00193951322491),
            (0.035, -0.0025, -0.00192),
            (0.00238628485385, 0.0025, -0.00183458970861),
            (0.00693023856133, 0.0025, -0.00182188042388),
            (0.0121264628512, 0.0025, -0.00184278531741),
            (0.0176011209578, 0.0025, -0.00188058980131),
            (0.0232648134497, 0.0025, -0.00191052686593),
            (0.0290733553605, 0.0025, -0.00192077496541),
            (0.035, 0.0025, -0.00192),
            (0.00232420620329, 0.0075, -0.00185690128153),
            (0.00687680910983, 0.0075, -0.00183013122534),
            (0.0120829241647, 0.0075, -0.00183437043008),
            (0.0175680030218, 0.0075, -0.00186600645854),
            (0.0232424760821, 0.0075, -0.00190213692404),
            (0.0290620742752, 0.0075, -0.00192082610687),
            (0.035, 0.0075, -0.00192),
            (0.00194934302972, 0.0125, -0.00194876828017),
            (0.00655417429785, 0.0125, -0.00192692453433),
            (0.011820014935, 0.0125, -0.00191099193898),
            (0.0173680197023, 0.0125, -0.00191162166439),
            (0.0231075914407, 0.0125, -0.00192320762461),
            (0.0289939532161, 0.0125, -0.0019294502678),
            (0.035, 0.0125, -0.00192),
            (0.00221900591859, 0.0175, -0.00208057801884),
            (0.00678626600912, 0.0175, -0.00208055952242),
            (0.0120091422417, 0.0175, -0.00205438388169),
            (0.0175118804053, 0.0175, -0.00201641969066),
            (0.02320462253, 0.0175, -0.00198125324509),
            (0.0290429570204, 0.0175, -0.00195164846105),
            (0.035, 0.0175, -0.00192),
            (0.00236690923176, 0.0225, -0.00189375182725),
            (0.00691356247622, 0.0225, -0.00192661248341),
            (0.0121128738133, 0.0225, -0.00193420174084),
            (0.0175907843831, 0.0225, -0.0019195221517),
            (0.0232578416423, 0.0225, -0.00190301582524),
            (0.0290698343747, 0.0225, -0.00190300077949),
            (0.035, 0.0225, -0.00192),
            (0.00256698368635, -0.0225, 0.00191821268593),
            (0.00708576126391, -0.0225, 0.0019542224982),
            (0.0122531954678, -0.0225, 0.00197636163124),
            (0.0176975208042, -0.0225, 0.00197031128151),
            (0.0233298331661, -0.0225, 0.0019445616475),
            (0.0291061923973, -0.0225, 0.00192230009368),
            (0.035, -0.0225, 0.00192),
            (0.00297196364862, -0.0175, 0.00196243623957),
            (0.00743431679882, -0.0175, 0.00197160511196),
            (0.0125372270223, -0.0175, 0.00198404482844),
            (0.0179135709336, -0.0175, 0.00198463772439),
            (0.0234755545408, -0.0175, 0.00196684634667),
            (0.0291797863535, -0.0175, 0.00193986417835),
            (0.035, -0.0175, 0.00192),
            (0.0029519118324, -0.0125, 0.00196898513392),
            (0.00741705873132, -0.0125, 0.00194515053644),
            (0.0125231637376, -0.0125, 0.00193655026712),
            (0.0179028736204, -0.0125, 0.00194095862264),
            (0.0234683394228, -0.0125, 0.00194449628707),
            (0.0291761424881, -0.0125, 0.00193662372746),
            (0.035, -0.0125, 0.00192),
            (0.0027380073552, -0.0075, 0.00184903337905),
            (0.0072329568092, -0.0075, 0.00181145941511),
            (0.0123731424357, -0.0075, 0.00179347097707),
            (0.0177887591104, -0.0075, 0.00180957459999),
            (0.0233913715296, -0.0075, 0.0018504523443),
            (0.0291372712397, -0.0075, 0.00189278214087),
            (0.035, -0.0075, 0.00192),
            (0.00255978955675, -0.0025, 0.00185795993388),
            (0.00707956946696, -0.0025, 0.00182880101227),
            (0.0122481498853, -0.0025, 0.00180386831199),
            (0.0176936828547, -0.0025, 0.00180607826037),
            (0.023327244548, -0.0025, 0.0018394282274),
            (0.0291048850624, -0.0025, 0.00188550799144),
            (0.035, -0.0025, 0.00192),
            (0.00302628485385, 0.0025, 0.00200033019363),
            (0.00748106962245, 0.0025, 0.00199417482799),
            (0.0125753250464, 0.0025, 0.00197019461078),
            (0.0179425504005, 0.0025, 0.00194378665079),
            (0.023495100596, 0.0025, 0.00192916156617),
            (0.0291896577367, 0.0025, 0.00192589992204),
            (0.035, 0.0025, 0.00192),
            (0.00296420620329, 0.0075, 0.00200509857125),
            (0.00742764017094, 0.0075, 0.00202535981125),
            (0.0125317863599, 0.0075, 0.00202777734027),
            (0.0179094324645, 0.0075, 0.00200744773188),
            (0.0234727632284, 0.0075, 0.00197472901157),
            (0.0291783766514, 0.0075, 0.00194394243852),
            (0.035, 0.0075, 0.00192),
            (0.00258934302972, 0.0125, 0.00191301219962),
            (0.00710500535896, 0.0125, 0.00194373935967),
            (0.0122688771302, 0.0125, 0.00197554976882),
            (0.017709449145, 0.0125, 0.00198506126634),
            (0.023337878587, 0.0125, 0.00196772668926),
            (0.0291102555923, 0.0125, 0.00193937058782),
            (0.035, 0.0125, 0.00192),
            (0.00285900591859, 0.0175, 0.00175196663774),
            (0.00733709707023, 0.0175, 0.0017737293226),
            (0.0124580044369, 0.0175, 0.0018213001931),
            (0.017853309848, 0.0175, 0.00186787707407),
            (0.0234349096763, 0.0175, 0.00189459669549),
            (0.0291592593966, 0.0175, 0.00190523619654),
            (0.035, 0.0175, 0.00192),
            (0.00300690923176, 0.0225, 0.00190379418366),
            (0.00746439353733, 0.0225, 0.00189787568508),
            (0.0125617360085, 0.0225, 0.00191022270597),
            (0.0179322138258, 0.0225, 0.00193018581414),
            (0.0234881287887, 0.0225, 0.00194039439419),
            (0.0291861367509, 0.0225, 0.00193357559143),
            (0.035, 0.0225, 0.00192),
            (0.00274698368635, -0.0225, 0.00301999236425),
            (0.00724068249984, -0.0225, 0.00306026791916),
            (0.0123794379602, -0.0225, 0.00308083545823),
            (0.017793547835, -0.0225, 0.00306814364753),
            (0.023394601426, -0.0225, 0.00303400787537),
            (0.0291389024407, -0.0225, 0.00300526845654),
            (0.035, -0.0225, 0.003),
            (0.00315196364862, -0.0175, 0.00305512724616),
            (0.00758923803476, -0.0175, 0.00306499172799),
            (0.0126634695147, -0.0175, 0.00307331113577),
            (0.0180095979644, -0.0175, 0.00306768282287),
            (0.0235403228007, -0.0175, 0.00304529122469),
            (0.0292124963968, -0.0175, 0.00301753863485),
            (0.035, -0.0175, 0.003),
            (0.0031319118324, -0.0125, 0.00304751985799),
            (0.00757197996725, -0.0125, 0.00302057087384),
            (0.01264940623, -0.0125, 0.00300685101558),
            (0.0179989006512, -0.0125, 0.00300780133368),
            (0.0235331076827, -0.0125, 0.00301229534913),
            (0.0292088525314, -0.0125, 0.00300974439727),
            (0.035, -0.0125, 0.003),
            (0.0029180073552, -0.0075, 0.00291835945159),
            (0.00738787804513, -0.0075, 0.0028748497406),
            (0.0124993849281, -0.0075, 0.00285217398215),
            (0.0178847861411, -0.0075, 0.00286814626709),
            (0.0234561397895, -0.0075, 0.0029142734802),
            (0.029169981283, -0.0075, 0.00296500671394),
            (0.035, -0.0075, 0.003),
            (0.00273978955675, -0.0025, 0.00292822152553),
            (0.0072344907029, -0.0025, 0.00289226361626),
            (0.0123743923777, -0.0025, 0.00286416662576),
            (0.0177897098855, -0.0025, 0.00286862821866),
            (0.0233920128079, -0.0025, 0.00290830851605),
            (0.0291375951057, -0.0025, 0.00296129520854),
            (0.035, -0.0025, 0.003),
            (0.00320628485385, 0.0025, 0.00307890141613),
            (0.00763599085838, 0.0025, 0.00306744036758),
            (0.0127015675388, 0.0025, 0.00304259521558),
            (0.0180385774313, 0.0025, 0.00301939252795),
            (0.0235598688559, 0.0025, 0.0030090739377),
            (0.02922236778, 0.0025, 0.00300777723414),
            (0.035, 0.0025, 0.003),
            (0.00314420620329, 0.0075, 0.00309128602984),
            (0.00758256140688, 0.0075, 0.00310971666529),
            (0.0126580288523, 0.0075, 0.00311400640068),
            (0.0180054594953, 0.0075, 0.00309685672294),
            (0.0235375314883, 0.0075, 0.00306509755596),
            (0.0292110866947, 0.0075, 0.00303090859191),
            (0.035, 0.0075, 0.003),
            (0.00276934302972, 0.0125, 0.00299913795957),
            (0.0072599265949, 0.0125, 0.00303236357985),
            (0.0123951196226, 0.0125, 0.00306863962414),
            (0.0178054761758, 0.0125, 0.00308100334061),
            (0.0234026468469, 0.0125, 0.00306205196503),
            (0.0291429656356, 0.0125, 0.00302747645346),
            (0.035, 0.0125, 0.003),
            (0.00303900591859, 0.0175, 0.00282986982241),
            (0.00749201830617, 0.0175, 0.00285774806026),
            (0.0125842469293, 0.0175, 0.00291133633913),
            (0.0179493368787, 0.0175, 0.00296033553915),
            (0.0234996779362, 0.0175, 0.00298467949128),
            (0.0291919694399, 0.0175, 0.00298998500649),
            (0.035, 0.0175, 0.003),
            (0.00318690923176, 0.0225, 0.00297185399923),
            (0.00761931477327, 0.0225, 0.00297351298247),
            (0.0126879785009, 0.0225, 0.00299146708163),
            (0.0180282408565, 0.0225, 0.00301291617953),
            (0.0235528970486, 0.0225, 0.0030213535184),
            (0.0292188467942, 0.0225, 0.00301261269575),
            (0.035, 0.0225, 0.003)
        ]
        int3[] surfaceFaceVertexIndices = [
            (0, 8, 1),
            (0, 1, 71),
            (0, 7, 8),
            (0, 77, 7),
            (0, 71, 70),
            (0, 70, 77),
            (1, 9, 2),
            (1, 2, 72),
            (1, 8, 9),
            (1, 72, 71),
            (2, 10, 3),
            (2, 3, 73),
            (2, 9, 10),
            (2, 73, 72),
            (3, 11, 4),
            (3, 4, 74),
            (3, 10, 11),
            (3, 74, 73),
            (4, 12, 5),
            (4, 5, 75),
            (4, 11, 12),
            (4, 75, 74),
            (5, 13, 6),
            (5, 6, 76),
            (5, 12, 13),
            (5, 76, 75),
            (6, 13, 83),
            (76, 6, 83),
            (7, 15, 8),
            (7, 14, 15),
            (7, 84, 14),
            (7, 77, 84),
            (8, 16, 9),
            (8, 15, 16),
            (9, 17, 10),
            (9, 16, 17),
            (10, 18, 11),
            (10, 17, 18),
            (11, 19, 12),
            (11, 18, 19),
            (12, 20, 13),
            (12, 19, 20),
            (13, 20, 90),
            (83, 13, 90),
            (14, 22, 15),
            (14, 21, 22),
            (14, 91, 21),
            (14, 84, 91),
            (15, 23, 16),
            (15, 22, 23),
            (16, 24, 17),
            (16, 23, 24),
            (17, 25, 18),
            (17, 24, 25),
            (18, 26, 19),
            (18, 25, 26),
            (19, 27, 20),
            (19, 26, 27),
            (20, 27, 97),
            (90, 20, 97),
            (21, 29, 22),
            (21, 28, 29),
            (21, 98, 28),
            (21, 91, 98),
            (22, 30, 23),
            (22, 29, 30),
            (23, 31, 24),
            (23, 30, 31),
            (24, 32, 25),
            (24, 31, 32),
            (25, 33, 26),
            (25, 32, 33),
            (26, 34, 27),
            (26, 33, 34),
            (27, 34, 104),
            (97, 27, 104),
            (28, 36, 29),
            (28, 35, 36),
            (28, 105, 35),
            (28, 98, 105),
            (29, 37, 30),
            (29, 36, 37),
            (30, 38, 31),
            (30, 37, 38),
            (31, 39, 32),
            (31, 38, 39),
            (32, 40, 33),
            (32, 39, 40),
            (33, 41, 34),
            (33, 40, 41),
            (34, 41, 111),
            (104, 34, 111),
            (35, 43, 36),
            (35, 42, 43),
            (35, 112, 42),
            (35, 105, 112),
            (36, 44, 37),
            (36, 43, 44),
            (37, 45, 38),
            (37, 44, 45),
            (38, 46, 39),
            (38, 45, 46),
            (39, 47, 40),
            (39, 46, 47),
            (40, 48, 41),
            (40, 47, 48),
            (41, 48, 118),
            (111, 41, 118),
            (42, 50, 43),
            (42, 49, 50),
            (42, 119, 49),
            (42, 112, 119),
            (43, 51, 44),
            (43, 50, 51),
            (44, 52, 45),
            (44, 51, 52),
            (45, 53, 46),
            (45, 52, 53),
            (46, 54, 47),
            (46, 53, 54),
            (47, 55, 48),
            (47, 54, 55),
            (48, 55, 125),
            (118, 48, 125),
            (49, 57, 50),
            (49, 56, 57),
            (49, 126, 56),
            (49, 119, 126),
            (50, 58, 51),
            (50, 57, 58),
            (51, 59, 52),
            (51, 58, 59),
            (52, 60, 53),
            (52, 59, 60),
            (53, 61, 54),
            (53, 60, 61),
            (54, 62, 55),
            (54, 61, 62),
            (55, 62, 132),
            (125, 55, 132),
            (56, 64, 57),
            (56, 63, 64),
            (56, 133, 63),
            (56, 126, 133),
            (57, 65, 58),
            (57, 64, 65),
            (58, 66, 59),
            (58, 65, 66),
            (59, 67, 60),
            (59, 66, 67),
            (60, 68, 61),
            (60, 67, 68),
            (61, 69, 62),
            (61, 68, 69),
            (62, 69, 139),
            (132, 62, 139),
            (64, 63, 134),
            (63, 133, 134),
            (65, 64, 135),
            (64, 134, 135),
            (66, 65, 136),
            (65, 135, 136),
            (67, 66, 137),
            (66, 136, 137),
            (68, 67, 138),
            (67, 137, 138),
            (69, 68, 139),
            (68, 138, 139),
            (70, 71, 141),
            (70, 147, 77),
            (70, 141, 140),
            (70, 140, 147),
            (71, 72, 142),
            (71, 142, 141),
            (72, 73, 143),
            (72, 143, 142),
            (73, 74, 144),
            (73, 144, 143),
            (74, 75, 145),
            (74, 145, 144),
            (75, 76, 146),
            (75, 146, 145),
            (76, 83, 153),
            (146, 76, 153),
            (77, 154, 84),
            (77, 147, 154),
            (83, 90, 160),
            (153, 83, 160),
            (84, 161, 91),
            (84, 154, 161),
            (90, 97, 167),
            (160, 90, 167),
            (91, 168, 98),
            (91, 161, 168),
            (97, 104, 174),
            (167, 97, 174),
            (98, 175, 105),
            (98, 168, 175),
            (104, 111, 181),
            (174, 104, 181),
            (105, 182, 112),
            (105, 175, 182),
            (111, 118, 188),
            (181, 111, 188),
            (112, 189, 119),
            (112, 182, 189),
            (118, 125, 195),
            (188, 118, 195),
            (119, 196, 126),
            (119, 189, 196),
            (125, 132, 202),
            (195, 125, 202),
            (126, 203, 133),
            (126, 196, 203),
            (132, 139, 209),
            (202, 132, 209),
            (134, 133, 204),
            (133, 203, 204),
            (135, 134, 205),
            (134, 204, 205),
            (136, 135, 206),
            (135, 205, 206),
            (137, 136, 207),
            (136, 206, 207),
            (138, 137, 208),
            (137, 207, 208),
            (139, 138, 209),
            (138, 208, 209),
            (140, 141, 211),
            (140, 217, 147),
            (140, 211, 210),
            (140, 210, 217),
            (141, 142, 212),
            (141, 212, 211),
            (142, 143, 213),
            (142, 213, 212),
            (143, 144, 214),
            (143, 214, 213),
            (144, 145, 215),
            (144, 215, 214),
            (145, 146, 216),
            (145, 216, 215),
            (146, 153, 223),
            (216, 146, 223),
            (147, 224, 154),
            (147, 217, 224),
            (153, 160, 230),
            (223, 153, 230),
            (154, 231, 161),
            (154, 224, 231),
            (160, 167, 237),
            (230, 160, 237),
            (161, 238, 168),
            (161, 231, 238),
            (167, 174, 244),
            (237, 167, 244),
            (168, 245, 175),
            (168, 238, 245),
            (174, 181, 251),
            (244, 174, 251),
            (175, 252, 182),
            (175, 245, 252),
            (181, 188, 258),
            (251, 181, 258),
            (182, 259, 189),
            (182, 252, 259),
            (188, 195, 265),
            (258, 188, 265),
            (189, 266, 196),
            (189, 259, 266),
            (195, 202, 272),
            (265, 195, 272),
            (196, 273, 203),
            (196, 266, 273),
            (202, 209, 279),
            (272, 202, 279),
            (204, 203, 274),
            (203, 273, 274),
            (205, 204, 275),
            (204, 274, 275),
            (206, 205, 276),
            (205, 275, 276),
            (207, 206, 277),
            (206, 276, 277),
            (208, 207, 278),
            (207, 277, 278),
            (209, 208, 279),
            (208, 278, 279),
            (210, 211, 218),
            (217, 210, 218),
            (211, 212, 219),
            (218, 211, 219),
            (212, 213, 220),
            (219, 212, 220),
            (213, 214, 221),
            (220, 213, 221),
            (214, 215, 222),
            (221, 214, 222),
            (215, 216, 223),
            (222, 215, 223),
            (217, 218, 225),
            (224, 217, 225),
            (218, 219, 226),
            (225, 218, 226),
            (219, 220, 227),
            (226, 219, 227),
            (220, 221, 228),
            (227, 220, 228),
            (221, 222, 229),
            (228, 221, 229),
            (222, 223, 230),
            (229, 222, 230),
            (224, 225, 232),
            (231, 224, 232),
            (225, 226, 233),
            (232, 225, 233),
            (226, 227, 234),
            (233, 226, 234),
            (227, 228, 235),
            (234, 227, 235),
            (228, 229, 236),
            (235, 228, 236),
            (229, 230, 237),
            (236, 229, 237),
            (231, 232, 239),
            (238, 231, 239),
            (232, 233, 240),
            (239, 232, 240),
            (233, 234, 241),
            (240, 233, 241),
            (234, 235, 242),
            (241, 234, 242),
            (235, 236, 243),
            (242, 235, 243),
            (236, 237, 244),
            (243, 236, 244),
            (238, 239, 246),
            (245, 238, 246),
            (239, 240, 247),
            (246, 239, 247),
            (240, 241, 248),
            (247, 240, 248),
            (241, 242, 249),
            (248, 241, 249),
            (242, 243, 250),
            (249, 242, 250),
            (243, 244, 251),
            (250, 243, 251),
            (245, 246, 253),
            (252, 245, 253),
            (246, 247, 254),
            (253, 246, 254),
            (247, 248, 255),
            (254, 247, 255),
            (248, 249, 256),
            (255, 248, 256),
            (249, 250, 257),
            (256, 249, 257),
            (250, 251, 258),
            (257, 250, 258),
            (252, 253, 260),
            (259, 252, 260),
            (253, 254, 261),
            (260, 253, 261),
            (254, 255, 262),
            (261, 254, 262),
            (255, 256, 263),
            (262, 255, 263),
            (256, 257, 264),
            (263, 256, 264),
            (257, 258, 265),
            (264, 257, 265),
            (259, 260, 267),
            (266, 259, 267),
            (260, 261, 268),
            (267, 260, 268),
            (261, 262, 269),
            (268, 261, 269),
            (262, 263, 270),
            (269, 262, 270),
            (263, 264, 271),
            (270, 263, 271),
            (264, 265, 272),
            (271, 264, 272),
            (266, 267, 274),
            (273, 266, 274),
            (267, 268, 275),
            (274, 267, 275),
            (268, 269, 276),
            (275, 268, 276),
            (269, 270, 277),
            (276, 269, 277),
            (270, 271, 278),
            (277, 270, 278),
            (271, 272, 279),
            (278, 271, 279),
            (280, 288, 281),
            (280, 281, 351),
            (280, 287, 288),
            (280, 357, 287),
            (280, 351, 350),
            (280, 350, 357),
            (281, 289, 282),
            (281, 282, 352),
            (281, 288, 289),
            (281, 352, 351),
            (282, 290, 283),
            (282, 283, 353),
            (282, 289, 290),
            (282, 353, 352),
            (283, 291, 284),
            (283, 284, 354),
            (283, 290, 291),
            (283, 354, 353),
            (284, 292, 285),
            (284, 285, 355),
            (284, 291, 292),
            (284, 355, 354),
            (285, 293, 286),
            (285, 286, 356),
            (285, 292, 293),
            (285, 356, 355),
            (286, 293, 363),
            (356, 286, 363),
            (287, 295, 288),
            (287, 294, 295),
            (287, 364, 294),
            (287, 357, 364),
            (288, 296, 289),
            (288, 295, 296),
            (289, 297, 290),
            (289, 296, 297),
            (290, 298, 291),
            (290, 297, 298),
            (291, 299, 292),
            (291, 298, 299),
            (292, 300, 293),
            (292, 299, 300),
            (293, 300, 370),
            (363, 293, 370),
            (294, 302, 295),
            (294, 301, 302),
            (294, 371, 301),
            (294, 364, 371),
            (295, 303, 296),
            (295, 302, 303),
            (296, 304, 297),
            (296, 303, 304),
            (297, 305, 298),
            (297, 304, 305),
            (298, 306, 299),
            (298, 305, 306),
            (299, 307, 300),
            (299, 306, 307),
            (300, 307, 377),
            (370, 300, 377),
            (301, 309, 302),
            (301, 308, 309),
            (301, 378, 308),
            (301, 371, 378),
            (302, 310, 303),
            (302, 309, 310),
            (303, 311, 304),
            (303, 310, 311),
            (304, 312, 305),
            (304, 311, 312),
            (305, 313, 306),
            (305, 312, 313),
            (306, 314, 307),
            (306, 313, 314),
            (307, 314, 384),
            (377, 307, 384),
            (308, 316, 309),
            (308, 315, 316),
            (308, 385, 315),
            (308, 378, 385),
            (309, 317, 310),
            (309, 316, 317),
            (310, 318, 311),
            (310, 317, 318),
            (311, 319, 312),
            (311, 318, 319),
            (312, 320, 313),
            (312, 319, 320),
            (313, 321, 314),
            (313, 320, 321),
            (314, 321, 391),
            (384, 314, 391),
            (315, 323, 316),
            (315, 322, 323),
            (315, 392, 322),
            (315, 385, 392),
            (316, 324, 317),
            (316, 323, 324),
            (317, 325, 318),
            (317, 324, 325),
            (318, 326, 319),
            (318, 325, 326),
            (319, 327, 320),
            (319, 326, 327),
            (320, 328, 321),
            (320, 327, 328),
            (321, 328, 398),
            (391, 321, 398),
            (322, 330, 323),
            (322, 329, 330),
            (322, 399, 329),
            (322, 392, 399),
            (323, 331, 324),
            (323, 330, 331),
            (324, 332, 325),
            (324, 331, 332),
            (325, 333, 326),
            (325, 332, 333),
            (326, 334, 327),
            (326, 333, 334),
            (327, 335, 328),
            (327, 334, 335),
            (328, 335, 405),
            (398, 328, 405),
            (329, 337, 330),
            (329, 336, 337),
            (329, 406, 336),
            (329, 399, 406),
            (330, 338, 331),
            (330, 337, 338),
            (331, 339, 332),
            (331, 338, 339),
            (332, 340, 333),
            (332, 339, 340),
            (333, 341, 334),
            (333, 340, 341),
            (334, 342, 335),
            (334, 341, 342),
            (335, 342, 412),
            (405, 335, 412),
            (336, 344, 337),
            (336, 343, 344),
            (336, 413, 343),
            (336, 406, 413),
            (337, 345, 338),
            (337, 344, 345),
            (338, 346, 339),
            (338, 345, 346),
            (339, 347, 340),
            (339, 346, 347),
            (340, 348, 341),
            (340, 347, 348),
            (341, 349, 342),
            (341, 348, 349),
            (342, 349, 419),
            (412, 342, 419),
            (344, 343, 414),
            (343, 413, 414),
            (345, 344, 415),
            (344, 414, 415),
            (346, 345, 416),
            (345, 415, 416),
            (347, 346, 417),
            (346, 416, 417),
            (348, 347, 418),
            (347, 417, 418),
            (349, 348, 419),
            (348, 418, 419),
            (350, 351, 421),
            (350, 427, 357),
            (350, 421, 420),
            (350, 420, 427),
            (351, 352, 422),
            (351, 422, 421),
            (352, 353, 423),
            (352, 423, 422),
            (353, 354, 424),
            (353, 424, 423),
            (354, 355, 425),
            (354, 425, 424),
            (355, 356, 426),
            (355, 426, 425),
            (356, 363, 433),
            (426, 356, 433),
            (357, 434, 364),
            (357, 427, 434),
            (363, 370, 440),
            (433, 363, 440),
            (364, 441, 371),
            (364, 434, 441),
            (370, 377, 447),
            (440, 370, 447),
            (371, 448, 378),
            (371, 441, 448),
            (377, 384, 454),
            (447, 377, 454),
            (378, 455, 385),
            (378, 448, 455),
            (384, 391, 461),
            (454, 384, 461),
            (385, 462, 392),
            (385, 455, 462),
            (391, 398, 468),
            (461, 391, 468),
            (392, 469, 399),
            (392, 462, 469),
            (398, 405, 475),
            (468, 398, 475),
            (399, 476, 406),
            (399, 469, 476),
            (405, 412, 482),
            (475, 405, 482),
            (406, 483, 413),
            (406, 476, 483),
            (412, 419, 489),
            (482, 412, 489),
            (414, 413, 484),
            (413, 483, 484),
            (415, 414, 485),
            (414, 484, 485),
            (416, 415, 486),
            (415, 485, 486),
            (417, 416, 487),
            (416, 486, 487),
            (418, 417, 488),
            (417, 487, 488),
            (419, 418, 489),
            (418, 488, 489),
            (420, 421, 491),
            (420, 497, 427),
            (420, 491, 490),
            (420, 490, 497),
            (421, 422, 492),
            (421, 492, 491),
            (422, 423, 493),
            (422, 493, 492),
            (423, 424, 494),
            (423, 494, 493),
            (424, 425, 495),
            (424, 495, 494),
            (425, 426, 496),
            (425, 496, 495),
            (426, 433, 503),
            (496, 426, 503),
            (427, 504, 434),
            (427, 497, 504),
            (433, 440, 510),
            (503, 433, 510),
            (434, 511, 441),
            (434, 504, 511),
            (440, 447, 517),
            (510, 440, 517),
            (441, 518, 448),
            (441, 511, 518),
            (447, 454, 524),
            (517, 447, 524),
            (448, 525, 455),
            (448, 518, 525),
            (454, 461, 531),
            (524, 454, 531),
            (455, 532, 462),
            (455, 525, 532),
            (461, 468, 538),
            (531, 461, 538),
            (462, 539, 469),
            (462, 532, 539),
            (468, 475, 545),
            (538, 468, 545),
            (469, 546, 476),
            (469, 539, 546),
            (475, 482, 552),
            (545, 475, 552),
            (476, 553, 483),
            (476, 546, 553),
            (482, 489, 559),
            (552, 482, 559),
            (484, 483, 554),
            (483, 553, 554),
            (485, 484, 555),
            (484, 554, 555),
            (486, 485, 556),
            (485, 555, 556),
            (487, 486, 557),
            (486, 556, 557),
            (488, 487, 558),
            (487, 557, 558),
            (489, 488, 559),
            (488, 558, 559),
            (490, 491, 498),
            (497, 490, 498),
            (491, 492, 499),
            (498, 491, 499),
            (492, 493, 500),
            (499, 492, 500),
            (493, 494, 501),
            (500, 493, 501),
            (494, 495, 502),
            (501, 494, 502),
            (495, 496, 503),
            (502, 495, 503),
            (497, 498, 505),
            (504, 497, 505),
            (498, 499, 506),
            (505, 498, 506),
            (499, 500, 507),
            (506, 499, 507),
            (500, 501, 508),
            (507, 500, 508),
            (501, 502, 509),
            (508, 501, 509),
            (502, 503, 510),
            (509, 502, 510),
            (504, 505, 512),
            (511, 504, 512),
            (505, 506, 513),
            (512, 505, 513),
            (506, 507, 514),
            (513, 506, 514),
            (507, 508, 515),
            (514, 507, 515),
            (508, 509, 516),
            (515, 508, 516),
            (509, 510, 517),
            (516, 509, 517),
            (511, 512, 519),
            (518, 511, 519),
            (512, 513, 520),
            (519, 512, 520),
            (513, 514, 521),
            (520, 513, 521),
            (514, 515, 522),
            (521, 514, 522),
            (515, 516, 523),
            (522, 515, 523),
            (516, 517, 524),
            (523, 516, 524),
            (518, 519, 526),
            (525, 518, 526),
            (519, 520, 527),
            (526, 519, 527),
            (520, 521, 528),
            (527, 520, 528),
            (521, 522, 529),
            (528, 521, 529),
            (522, 523, 530),
            (529, 522, 530),
            (523, 524, 531),
            (530, 523, 531),
            (525, 526, 533),
            (532, 525, 533),
            (526, 527, 534),
            (533, 526, 534),
            (527, 528, 535),
            (534, 527, 535),
            (528, 529, 536),
            (535, 528, 536),
            (529, 530, 537),
            (536, 529, 537),
            (530, 531, 538),
            (537, 530, 538),
            (532, 533, 540),
            (539, 532, 540),
            (533, 534, 541),
            (540, 533, 541),
            (534, 535, 542),
            (541, 534, 542),
            (535, 536, 543),
            (542, 535, 543),
            (536, 537, 544),
            (543, 536, 544),
            (537, 538, 545),
            (544, 537, 545),
            (539, 540, 547),
            (546, 539, 547),
            (540, 541, 548),
            (547, 540, 548),
            (541, 542, 549),
            (548, 541, 549),
            (542, 543, 550),
            (549, 542, 550),
            (543, 544, 551),
            (550, 543, 551),
            (544, 545, 552),
            (551, 544, 552),
            (546, 547, 554),
            (553, 546, 554),
            (547, 548, 555),
            (554, 547, 555),
            (548, 549, 556),
            (555, 548, 556),
            (549, 550, 557),
            (556, 549, 557),
            (550, 551, 558),
            (557, 550, 558),
            (551, 552, 559),
            (558, 551, 559)
        ]
        int4[] tetVertexIndices = [
            (0, 1, 8, 78),
            (0, 8, 7, 78),
            (0, 7, 77, 78),
            (0, 77, 70, 78),
            (0, 70, 71, 78),
            (0, 71, 1, 78),
            (1, 2, 9, 79),
            (1, 9, 8, 79),
            (1, 8, 78, 79),
            (1, 78, 71, 79),
            (1, 71, 72, 79),
            (1, 72, 2, 79),
            (2, 3, 10, 80),
            (2, 10, 9, 80),
            (2, 9, 79, 80),
            (2, 79, 72, 80),
            (2, 72, 73, 80),
            (2, 73, 3, 80),
            (3, 4, 11, 81),
            (3, 11, 10, 81),
            (3, 10, 80, 81),
            (3, 80, 73, 81),
            (3, 73, 74, 81),
            (3, 74, 4, 81),
            (4, 5, 12, 82),
            (4, 12, 11, 82),
            (4, 11, 81, 82),
            (4, 81, 74, 82),
            (4, 74, 75, 82),
            (4, 75, 5, 82),
            (5, 6, 13, 83),
            (5, 13, 12, 83),
            (5, 12, 82, 83),
            (5, 82, 75, 83),
            (5, 75, 76, 83),
            (5, 76, 6, 83),
            (7, 8, 15, 85),
            (7, 15, 14, 85),
            (7, 14, 84, 85),
            (7, 84, 77, 85),
            (7, 77, 78, 85),
            (7, 78, 8, 85),
            (8, 9, 16, 86),
            (8, 16, 15, 86),
            (8, 15, 85, 86),
            (8, 85, 78, 86),
            (8, 78, 79, 86),
            (8, 79, 9, 86),
            (9, 10, 17, 87),
            (9, 17, 16, 87),
            (9, 16, 86, 87),
            (9, 86, 79, 87),
            (9, 79, 80, 87),
            (9, 80, 10, 87),
            (10, 11, 18, 88),
            (10, 18, 17, 88),
            (10, 17, 87, 88),
            (10, 87, 80, 88),
            (10, 80, 81, 88),
            (10, 81, 11, 88),
            (11, 12, 19, 89),
            (11, 19, 18, 89),
            (11, 18, 88, 89),
            (11, 88, 81, 89),
            (11, 81, 82, 89),
            (11, 82, 12, 89),
            (12, 13, 20, 90),
            (12, 20, 19, 90),
            (12, 19, 89, 90),
            (12, 89, 82, 90),
            (12, 82, 83, 90),
            (12, 83, 13, 90),
            (14, 15, 22, 92),
            (14, 22, 21, 92),
            (14, 21, 91, 92),
            (14, 91, 84, 92),
            (14, 84, 85, 92),
            (14, 85, 15, 92),
            (15, 16, 23, 93),
            (15, 23, 22, 93),
            (15, 22, 92, 93),
            (15, 92, 85, 93),
            (15, 85, 86, 93),
            (15, 86, 16, 93),
            (16, 17, 24, 94),
            (16, 24, 23, 94),
            (16, 23, 93, 94),
            (16, 93, 86, 94),
            (16, 86, 87, 94),
            (16, 87, 17, 94),
            (17, 18, 25, 95),
            (17, 25, 24, 95),
            (17, 24, 94, 95),
            (17, 94, 87, 95),
            (17, 87, 88, 95),
            (17, 88, 18, 95),
            (18, 19, 26, 96),
            (18, 26, 25, 96),
            (18, 25, 95, 96),
            (18, 95, 88, 96),
            (18, 88, 89, 96),
            (18, 89, 19, 96),
            (19, 20, 27, 97),
            (19, 27, 26, 97),
            (19, 26, 96, 97),
            (19, 96, 89, 97),
            (19, 89, 90, 97),
            (19, 90, 20, 97),
            (21, 22, 29, 99),
            (21, 29, 28, 99),
            (21, 28, 98, 99),
            (21, 98, 91, 99),
            (21, 91, 92, 99),
            (21, 92, 22, 99),
            (22, 23, 30, 100),
            (22, 30, 29, 100),
            (22, 29, 99, 100),
            (22, 99, 92, 100),
            (22, 92, 93, 100),
            (22, 93, 23, 100),
            (23, 24, 31, 101),
            (23, 31, 30, 101),
            (23, 30, 100, 101),
            (23, 100, 93, 101),
            (23, 93, 94, 101),
            (23, 94, 24, 101),
            (24, 25, 32, 102),
            (24, 32, 31, 102),
            (24, 31, 101, 102),
            (24, 101, 94, 102),
            (24, 94, 95, 102),
            (24, 95, 25, 102),
            (25, 26, 33, 103),
            (25, 33, 32, 103),
            (25, 32, 102, 103),
            (25, 102, 95, 103),
            (25, 95, 96, 103),
            (25, 96, 26, 103),
            (26, 27, 34, 104),
            (26, 34, 33, 104),
            (26, 33, 103, 104),
            (26, 103, 96, 104),
            (26, 96, 97, 104),
            (26, 97, 27, 104),
            (28, 29, 36, 106),
            (28, 36, 35, 106),
            (28, 35, 105, 106),
            (28, 105, 98, 106),
            (28, 98, 99, 106),
            (28, 99, 29, 106),
            (29, 30, 37, 107),
            (29, 37, 36, 107),
            (29, 36, 106, 107),
            (29, 106, 99, 107),
            (29, 99, 100, 107),
            (29, 100, 30, 107),
            (30, 31, 38, 108),
            (30, 38, 37, 108),
            (30, 37, 107, 108),
            (30, 107, 100, 108),
            (30, 100, 101, 108),
            (30, 101, 31, 108),
            (31, 32, 39, 109),
            (31, 39, 38, 109),
            (31, 38, 108, 109),
            (31, 108, 101, 109),
            (31, 101, 102, 109),
            (31, 102, 32, 109),
            (32, 33, 40, 110),
            (32, 40, 39, 110),
            (32, 39, 109, 110),
            (32, 109, 102, 110),
            (32, 102, 103, 110),
            (32, 103, 33, 110),
            (33, 34, 41, 111),
            (33, 41, 40, 111),
            (33, 40, 110, 111),
            (33, 110, 103, 111),
            (33, 103, 104, 111),
            (33, 104, 34, 111),
            (35, 36, 43, 113),
            (35, 43, 42, 113),
            (35, 42, 112, 113),
            (35, 112, 105, 113),
            (35, 105, 106, 113),
            (35, 106, 36, 113),
            (36, 37, 44, 114),
            (36, 44, 43, 114),
            (36, 43, 113, 114),
            (36, 113, 106, 114),
            (36, 106, 107, 114),
            (36, 107, 37, 114),
            (37, 38, 45, 115),
            (37, 45, 44, 115),
            (37, 44, 114, 115),
            (37, 114, 107, 115),
            (37, 107, 108, 115),
            (37, 108, 38, 115),
            (38, 39, 46, 116),
            (38, 46, 45, 116),
            (38, 45, 115, 116),
            (38, 115, 108, 116),
            (38, 108, 109, 116),
            (38, 109, 39, 116),
            (39, 40, 47, 117),
            (39, 47, 46, 117),
            (39, 46, 116, 117),
            (39, 116, 109, 117),
            (39, 109, 110, 117),
            (39, 110, 40, 117),
            (40, 41, 48, 118),
            (40, 48, 47, 118),
            (40, 47, 117, 118),
            (40, 117, 110, 118),
            (40, 110, 111, 118),
            (40, 111, 41, 118),
            (42, 43, 50, 120),
            (42, 50, 49, 120),
            (42, 49, 119, 120),
            (42, 119, 112, 120),
            (42, 112, 113, 120),
            (42, 113, 43, 120),
            (43, 44, 51, 121),
            (43, 51, 50, 121),
            (43, 50, 120, 121),
            (43, 120, 113, 121),
            (43, 113, 114, 121),
            (43, 114, 44, 121),
            (44, 45, 52, 122),
            (44, 52, 51, 122),
            (44, 51, 121, 122),
            (44, 121, 114, 122),
            (44, 114, 115, 122),
            (44, 115, 45, 122),
            (45, 46, 53, 123),
            (45, 53, 52, 123),
            (45, 52, 122, 123),
            (45, 122, 115, 123),
            (45, 115, 116, 123),
            (45, 116, 46, 123),
            (46, 47, 54, 124),
            (46, 54, 53, 124),
            (46, 53, 123, 124),
            (46, 123, 116, 124),
            (46, 116, 117, 124),
            (46, 117, 47, 124),
            (47, 48, 55, 125),
            (47, 55, 54, 125),
            (47, 54, 124, 125),
            (47, 124, 117, 125),
            (47, 117, 118, 125),
            (47, 118, 48, 125),
            (49, 50, 57, 127),
            (49, 57, 56, 127),
            (49, 56, 126, 127),
            (49, 126, 119, 127),
            (49, 119, 120, 127),
            (49, 120, 50, 127),
            (50, 51, 58, 128),
            (50, 58, 57, 128),
            (50, 57, 127, 128),
            (50, 127, 120, 128),
            (50, 120, 121, 128),
            (50, 121, 51, 128),
            (51, 52, 59, 129),
            (51, 59, 58, 129),
            (51, 58, 128, 129),
            (51, 128, 121, 129),
            (51, 121, 122, 129),
            (51, 122, 52, 129),
            (52, 53, 60, 130),
            (52, 60, 59, 130),
            (52, 59, 129, 130),
            (52, 129, 122, 130),
            (52, 122, 123, 130),
            (52, 123, 53, 130),
            (53, 54, 61, 131),
            (53, 61, 60, 131),
            (53, 60, 130, 131),
            (53, 130, 123, 131),
            (53, 123, 124, 131),
            (53, 124, 54, 131),
            (54, 55, 62, 132),
            (54, 62, 61, 132),
            (54, 61, 131, 132),
            (54, 131, 124, 132),
            (54, 124, 125, 132),
            (54, 125, 55, 132),
            (56, 57, 64, 134),
            (56, 64, 63, 134),
            (56, 63, 133, 134),
            (56, 133, 126, 134),
            (56, 126, 127, 134),
            (56, 127, 57, 134),
            (57, 58, 65, 135),
            (57, 65, 64, 135),
            (57, 64, 134, 135),
            (57, 134, 127, 135),
            (57, 127, 128, 135),
            (57, 128, 58, 135),
            (58, 59, 66, 136),
            (58, 66, 65, 136),
            (58, 65, 135, 136),
            (58, 135, 128, 136),
            (58, 128, 129, 136),
            (58, 129, 59, 136),
            (59, 60, 67, 137),
            (59, 67, 66, 137),
            (59, 66, 136, 137),
            (59, 136, 129, 137),
            (59, 129, 130, 137),
            (59, 130, 60, 137),
            (60, 61, 68, 138),
            (60, 68, 67, 138),
            (60, 67, 137, 138),
            (60, 137, 130, 138),
            (60, 130, 131, 138),
            (60, 131, 61, 138),
            (61, 62, 69, 139),
            (61, 69, 68, 139),
            (61, 68, 138, 139),
            (61, 138, 131, 139),
            (61, 131, 132, 139),
            (61, 132, 62, 139),
            (70, 71, 78, 148),
            (70, 78, 77, 148),
            (70, 77, 147, 148),
            (70, 147, 140, 148),
            (70, 140, 141, 148),
            (70, 141, 71, 148),
            (71, 72, 79, 149),
            (71, 79, 78, 149),
            (71, 78, 148, 149),
            (71, 148, 141, 149),
            (71, 141, 142, 149),
            (71, 142, 72, 149),
            (72, 73, 80, 150),
            (72, 80, 79, 150),
            (72, 79, 149, 150),
            (72, 149, 142, 150),
            (72, 142, 143, 150),
            (72, 143, 73, 150),
            (73, 74, 81, 151),
            (73, 81, 80, 151),
            (73, 80, 150, 151),
            (73, 150, 143, 151),
            (73, 143, 144, 151),
            (73, 144, 74, 151),
            (74, 75, 82, 152),
            (74, 82, 81, 152),
            (74, 81, 151, 152),
            (74, 151, 144, 152),
            (74, 144, 145, 152),
            (74, 145, 75, 152),
            (75, 76, 83, 153),
            (75, 83, 82, 153),
            (75, 82, 152, 153),
            (75, 152, 145, 153),
            (75, 145, 146, 153),
            (75, 146, 76, 153),
            (77, 78, 85, 155),
            (77, 85, 84, 155),
            (77, 84, 154, 155),
            (77, 154, 147, 155),
            (77, 147, 148, 155),
            (77, 148, 78, 155),
            (78, 79, 86, 156),
            (78, 86, 85, 156),
            (78, 85, 155, 156),
            (78, 155, 148, 156),
            (78, 148, 149, 156),
            (78, 149, 79, 156),
            (79, 80, 87, 157),
            (79, 87, 86, 157),
            (79, 86, 156, 157),
            (79, 156, 149, 157),
            (79, 149, 150, 157),
            (79, 150, 80, 157),
            (80, 81, 88, 158),
            (80, 88, 87, 158),
            (80, 87, 157, 158),
            (80, 157, 150, 158),
            (80, 150, 151, 158),
            (80, 151, 81, 158),
            (81, 82, 89, 159),
            (81, 89, 88, 159),
            (81, 88, 158, 159),
            (81, 158, 151, 159),
            (81, 151, 152, 159),
            (81, 152, 82, 159),
            (82, 83, 90, 160),
            (82, 90, 89, 160),
            (82, 89, 159, 160),
            (82, 159, 152, 160),
            (82, 152, 153, 160),
            (82, 153, 83, 160),
            (84, 85, 92, 162),
            (84, 92, 91, 162),
            (84, 91, 161, 162),
            (84, 161, 154, 162),
            (84, 154, 155, 162),
            (84, 155, 85, 162),
            (85, 86, 93, 163),
            (85, 93, 92, 163),
            (85, 92, 162, 163),
            (85, 162, 155, 163),
            (85, 155, 156, 163),
            (85, 156, 86, 163),
            (86, 87, 94, 164),
            (86, 94, 93, 164),
            (86, 93, 163, 164),
            (86, 163, 156, 164),
            (86, 156, 157, 164),
            (86, 157, 87, 164),
            (87, 88, 95, 165),
            (87, 95, 94, 165),
            (87, 94, 164, 165),
            (87, 164, 157, 165),
            (87, 157, 158, 165),
            (87, 158, 88, 165),
            (88, 89, 96, 166),
            (88, 96, 95, 166),
            (88, 95, 165, 166),
            (88, 165, 158, 166),
            (88, 158, 159, 166),
            (88, 159, 89, 166),
            (89, 90, 97, 167),
            (89, 97, 96, 167),
            (89, 96, 166, 167),
            (89, 166, 159, 167),
            (89, 159, 160, 167),
            (89, 160, 90, 167),
            (91, 92, 99, 169),
            (91, 99, 98, 169),
            (91, 98, 168, 169),
            (91, 168, 161, 169),
            (91, 161, 162, 169),
            (91, 162, 92, 169),
            (92, 93, 100, 170),
            (92, 100, 99, 170),
            (92, 99, 169, 170),
            (92, 169, 162, 170),
            (92, 162, 163, 170),
            (92, 163, 93, 170),
            (93, 94, 101, 171),
            (93, 101, 100, 171),
            (93, 100, 170, 171),
            (93, 170, 163, 171),
            (93, 163, 164, 171),
            (93, 164, 94, 171),
            (94, 95, 102, 172),
            (94, 102, 101, 172),
            (94, 101, 171, 172),
            (94, 171, 164, 172),
            (94, 164, 165, 172),
            (94, 165, 95, 172),
            (95, 96, 103, 173),
            (95, 103, 102, 173),
            (95, 102, 172, 173),
            (95, 172, 165, 173),
            (95, 165, 166, 173),
            (95, 166, 96, 173),
            (96, 97, 104, 174),
            (96, 104, 103, 174),
            (96, 103, 173, 174),
            (96, 173, 166, 174),
            (96, 166, 167, 174),
            (96, 167, 97, 174),
            (98, 99, 106, 176),
            (98, 106, 105, 176),
            (98, 105, 175, 176),
            (98, 175, 168, 176),
            (98, 168, 169, 176),
            (98, 169, 99, 176),
            (99, 100, 107, 177),
            (99, 107, 106, 177),
            (99, 106, 176, 177),
            (99, 176, 169, 177),
            (99, 169, 170, 177),
            (99, 170, 100, 177),
            (100, 101, 108, 178),
            (100, 108, 107, 178),
            (100, 107, 177, 178),
            (100, 177, 170, 178),
            (100, 170, 171, 178),
            (100, 171, 101, 178),
            (101, 102, 109, 179),
            (101, 109, 108, 179),
            (101, 108, 178, 179),
            (101, 178, 171, 179),
            (101, 171, 172, 179),
            (101, 172, 102, 179),
            (102, 103, 110, 180),
            (102, 110, 109, 180),
            (102, 109, 179, 180),
            (102, 179, 172, 180),
            (102, 172, 173, 180),
            (102, 173, 103, 180),
            (103, 104, 111, 181),
            (103, 111, 110, 181),
            (103, 110, 180, 181),
            (103, 180, 173, 181),
            (103, 173, 174, 181),
            (103, 174, 104, 181),
            (105, 106, 113, 183),
            (105, 113, 112, 183),
            (105, 112, 182, 183),
            (105, 182, 175, 183),
            (105, 175, 176, 183),
            (105, 176, 106, 183),
            (106, 107, 114, 184),
            (106, 114, 113, 184),
            (106, 113, 183, 184),
            (106, 183, 176, 184),
            (106, 176, 177, 184),
            (106, 177, 107, 184),
            (107, 108, 115, 185),
            (107, 115, 114, 185),
            (107, 114, 184, 185),
            (107, 184, 177, 185),
            (107, 177, 178, 185),
            (107, 178, 108, 185),
            (108, 109, 116, 186),
            (108, 116, 115, 186),
            (108, 115, 185, 186),
            (108, 185, 178, 186),
            (108, 178, 179, 186),
            (108, 179, 109, 186),
            (109, 110, 117, 187),
            (109, 117, 116, 187),
            (109, 116, 186, 187),
            (109, 186, 179, 187),
            (109, 179, 180, 187),
            (109, 180, 110, 187),
            (110, 111, 118, 188),
            (110, 118, 117, 188),
            (110, 117, 187, 188),
            (110, 187, 180, 188),
            (110, 180, 181, 188),
            (110, 181, 111, 188),
            (112, 113, 120, 190),
            (112, 120, 119, 190),
            (112, 119, 189, 190),
            (112, 189, 182, 190),
            (112, 182, 183, 190),
            (112, 183, 113, 190),
            (113, 114, 121, 191),
            (113, 121, 120, 191),
            (113, 120, 190, 191),
            (113, 190, 183, 191),
            (113, 183, 184, 191),
            (113, 184, 114, 191),
            (114, 115, 122, 192),
            (114, 122, 121, 192),
            (114, 121, 191, 192),
            (114, 191, 184, 192),
            (114, 184, 185, 192),
            (114, 185, 115, 192),
            (115, 116, 123, 193),
            (115, 123, 122, 193),
            (115, 122, 192, 193),
            (115, 192, 185, 193),
            (115, 185, 186, 193),
            (115, 186, 116, 193),
            (116, 117, 124, 194),
            (116, 124, 123, 194),
            (116, 123, 193, 194),
            (116, 193, 186, 194),
            (116, 186, 187, 194),
            (116, 187, 117, 194),
            (117, 118, 125, 195),
            (117, 125, 124, 195),
            (117, 124, 194, 195),
            (117, 194, 187, 195),
            (117, 187, 188, 195),
            (117, 188, 118, 195),
            (119, 120, 127, 197),
            (119, 127, 126, 197),
            (119, 126, 196, 197),
            (119, 196, 189, 197),
            (119, 189, 190, 197),
            (119, 190, 120, 197),
            (120, 121, 128, 198),
            (120, 128, 127, 198),
            (120, 127, 197, 198),
            (120, 197, 190, 198),
            (120, 190, 191, 198),
            (120, 191, 121, 198),
            (121, 122, 129, 199),
            (121, 129, 128, 199),
            (121, 128, 198, 199),
            (121, 198, 191, 199),
            (121, 191, 192, 199),
            (121, 192, 122, 199),
            (122, 123, 130, 200),
            (122, 130, 129, 200),
            (122, 129, 199, 200),
            (122, 199, 192, 200),
            (122, 192, 193, 200),
            (122, 193, 123, 200),
            (123, 124, 131, 201),
            (123, 131, 130, 201),
            (123, 130, 200, 201),
            (123, 200, 193, 201),
            (123, 193, 194, 201),
            (123, 194, 124, 201),
            (124, 125, 132, 202),
            (124, 132, 131, 202),
            (124, 131, 201, 202),
            (124, 201, 194, 202),
            (124, 194, 195, 202),
            (124, 195, 125, 202),
            (126, 127, 134, 204),
            (126, 134, 133, 204),
            (126, 133, 203, 204),
            (126, 203, 196, 204),
            (126, 196, 197, 204),
            (126, 197, 127, 204),
            (127, 128, 135, 205),
            (127, 135, 134, 205),
            (127, 134, 204, 205),
            (127, 204, 197, 205),
            (127, 197, 198, 205),
            (127, 198, 128, 205),
            (128, 129, 136, 206),
            (128, 136, 135, 206),
            (128, 135, 205, 206),
            (128, 205, 198, 206),
            (128, 198, 199, 206),
            (128, 199, 129, 206),
            (129, 130, 137, 207),
            (129, 137, 136, 207),
            (129, 136, 206, 207),
            (129, 206, 199, 207),
            (129, 199, 200, 207),
            (129, 200, 130, 207),
            (130, 131, 138, 208),
            (130, 138, 137, 208),
            (130, 137, 207, 208),
            (130, 207, 200, 208),
            (130, 200, 201, 208),
            (130, 201, 131, 208),
            (131, 132, 139, 209),
            (131, 139, 138, 209),
            (131, 138, 208, 209),
            (131, 208, 201, 209),
            (131, 201, 202, 209),
            (131, 202, 132, 209),
            (140, 141, 148, 218),
            (140, 148, 147, 218),
            (140, 147, 217, 218),
            (140, 217, 210, 218),
            (140, 210, 211, 218),
            (140, 211, 141, 218),
            (141, 142, 149, 219),
            (141, 149, 148, 219),
            (141, 148, 218, 219),
            (141, 218, 211, 219),
            (141, 211, 212, 219),
            (141, 212, 142, 219),
            (142, 143, 150, 220),
            (142, 150, 149, 220),
            (142, 149, 219, 220),
            (142, 219, 212, 220),
            (142, 212, 213, 220),
            (142, 213, 143, 220),
            (143, 144, 151, 221),
            (143, 151, 150, 221),
            (143, 150, 220, 221),
            (143, 220, 213, 221),
            (143, 213, 214, 221),
            (143, 214, 144, 221),
            (144, 145, 152, 222),
            (144, 152, 151, 222),
            (144, 151, 221, 222),
            (144, 221, 214, 222),
            (144, 214, 215, 222),
            (144, 215, 145, 222),
            (145, 146, 153, 223),
            (145, 153, 152, 223),
            (145, 152, 222, 223),
            (145, 222, 215, 223),
            (145, 215, 216, 223),
            (145, 216, 146, 223),
            (147, 148, 155, 225),
            (147, 155, 154, 225),
            (147, 154, 224, 225),
            (147, 224, 217, 225),
            (147, 217, 218, 225),
            (147, 218, 148, 225),
            (148, 149, 156, 226),
            (148, 156, 155, 226),
            (148, 155, 225, 226),
            (148, 225, 218, 226),
            (148, 218, 219, 226),
            (148, 219, 149, 226),
            (149, 150, 157, 227),
            (149, 157, 156, 227),
            (149, 156, 226, 227),
            (149, 226, 219, 227),
            (149, 219, 220, 227),
            (149, 220, 150, 227),
            (150, 151, 158, 228),
            (150, 158, 157, 228),
            (150, 157, 227, 228),
            (150, 227, 220, 228),
            (150, 220, 221, 228),
            (150, 221, 151, 228),
            (151, 152, 159, 229),
            (151, 159, 158, 229),
            (151, 158, 228, 229),
            (151, 228, 221, 229),
            (151, 221, 222, 229),
            (151, 222, 152, 229),
            (152, 153, 160, 230),
            (152, 160, 159, 230),
            (152, 159, 229, 230),
            (152, 229, 222, 230),
            (152, 222, 223, 230),
            (152, 223, 153, 230),
            (154, 155, 162, 232),
            (154, 162, 161, 232),
            (154, 161, 231, 232),
            (154, 231, 224, 232),
            (154, 224, 225, 232),
            (154, 225, 155, 232),
            (155, 156, 163, 233),
            (155, 163, 162, 233),
            (155, 162, 232, 233),
            (155, 232, 225, 233),
            (155, 225, 226, 233),
            (155, 226, 156, 233),
            (156, 157, 164, 234),
            (156, 164, 163, 234),
            (156, 163, 233, 234),
            (156, 233, 226, 234),
            (156, 226, 227, 234),
            (156, 227, 157, 234),
            (157, 158, 165, 235),
            (157, 165, 164, 235),
            (157, 164, 234, 235),
            (157, 234, 227, 235),
            (157, 227, 228, 235),
            (157, 228, 158, 235),
            (158, 159, 166, 236),
            (158, 166, 165, 236),
            (158, 165, 235, 236),
            (158, 235, 228, 236),
            (158, 228, 229, 236),
            (158, 229, 159, 236),
            (159, 160, 167, 237),
            (159, 167, 166, 237),
            (159, 166, 236, 237),
            (159, 236, 229, 237),
            (159, 229, 230, 237),
            (159, 230, 160, 237),
            (161, 162, 169, 239),
            (161, 169, 168, 239),
            (161, 168, 238, 239),
            (161, 238, 231, 239),
            (161, 231, 232, 239),
            (161, 232, 162, 239),
            (162, 163, 170, 240),
            (162, 170, 169, 240),
            (162, 169, 239, 240),
            (162, 239, 232, 240),
            (162, 232, 233, 240),
            (162, 233, 163, 240),
            (163, 164, 171, 241),
            (163, 171, 170, 241),
            (163, 170, 240, 241),
            (163, 240, 233, 241),
            (163, 233, 234, 241),
            (163, 234, 164, 241),
            (164, 165, 172, 242),
            (164, 172, 171, 242),
            (164, 171, 241, 242),
            (164, 241, 234, 242),
            (164, 234, 235, 242),
            (164, 235, 165, 242),
            (165, 166, 173, 243),
            (165, 173, 172, 243),
            (165, 172, 242, 243),
            (165, 242, 235, 243),
            (165, 235, 236, 243),
            (165, 236, 166, 243),
            (166, 167, 174, 244),
            (166, 174, 173, 244),
            (166, 173, 243, 244),
            (166, 243, 236, 244),
            (166, 236, 237, 244),
            (166, 237, 167, 244),
            (168, 169, 176, 246),
            (168, 176, 175, 246),
            (168, 175, 245, 246),
            (168, 245, 238, 246),
            (168, 238, 239, 246),
            (168, 239, 169, 246),
            (169, 170, 177, 247),
            (169, 177, 176, 247),
            (169, 176, 246, 247),
            (169, 246, 239, 247),
            (169, 239, 240, 247),
            (169, 240, 170, 247),
            (170, 171, 178, 248),
            (170, 178, 177, 248),
            (170, 177, 247, 248),
            (170, 247, 240, 248),
            (170, 240, 241, 248),
            (170, 241, 171, 248),
            (171, 172, 179, 249),
            (171, 179, 178, 249),
            (171, 178, 248, 249),
            (171, 248, 241, 249),
            (171, 241, 242, 249),
            (171, 242, 172, 249),
            (172, 173, 180, 250),
            (172, 180, 179, 250),
            (172, 179, 249, 250),
            (172, 249, 242, 250),
            (172, 242, 243, 250),
            (172, 243, 173, 250),
            (173, 174, 181, 251),
            (173, 181, 180, 251),
            (173, 180, 250, 251),
            (173, 250, 243, 251),
            (173, 243, 244, 251),
            (173, 244, 174, 251),
            (175, 176, 183, 253),
            (175, 183, 182, 253),
            (175, 182, 252, 253),
            (175, 252, 245, 253),
            (175, 245, 246, 253),
            (175, 246, 176, 253),
            (176, 177, 184, 254),
            (176, 184, 183, 254),
            (176, 183, 253, 254),
            (176, 253, 246, 254),
            (176, 246, 247, 254),
            (176, 247, 177, 254),
            (177, 178, 185, 255),
            (177, 185, 184, 255),
            (177, 184, 254, 255),
            (177, 254, 247, 255),
            (177, 247, 248, 255),
            (177, 248, 178, 255),
            (178, 179, 186, 256),
            (178, 186, 185, 256),
            (178, 185, 255, 256),
            (178, 255, 248, 256),
            (178, 248, 249, 256),
            (178, 249, 179, 256),
            (179, 180, 187, 257),
            (179, 187, 186, 257),
            (179, 186, 256, 257),
            (179, 256, 249, 257),
            (179, 249, 250, 257),
            (179, 250, 180, 257),
            (180, 181, 188, 258),
            (180, 188, 187, 258),
            (180, 187, 257, 258),
            (180, 257, 250, 258),
            (180, 250, 251, 258),
            (180, 251, 181, 258),
            (182, 183, 190, 260),
            (182, 190, 189, 260),
            (182, 189, 259, 260),
            (182, 259, 252, 260),
            (182, 252, 253, 260),
            (182, 253, 183, 260),
            (183, 184, 191, 261),
            (183, 191, 190, 261),
            (183, 190, 260, 261),
            (183, 260, 253, 261),
            (183, 253, 254, 261),
            (183, 254, 184, 261),
            (184, 185, 192, 262),
            (184, 192, 191, 262),
            (184, 191, 261, 262),
            (184, 261, 254, 262),
            (184, 254, 255, 262),
            (184, 255, 185, 262),
            (185, 186, 193, 263),
            (185, 193, 192, 263),
            (185, 192, 262, 263),
            (185, 262, 255, 263),
            (185, 255, 256, 263),
            (185, 256, 186, 263),
            (186, 187, 194, 264),
            (186, 194, 193, 264),
            (186, 193, 263, 264),
            (186, 263, 256, 264),
            (186, 256, 257, 264),
            (186, 257, 187, 264),
            (187, 188, 195, 265),
            (187, 195, 194, 265),
            (187, 194, 264, 265),
            (187, 264, 257, 265),
            (187, 257, 258, 265),
            (187, 258, 188, 265),
            (189, 190, 197, 267),
            (189, 197, 196, 267),
            (189, 196, 266, 267),
            (189, 266, 259, 267),
            (189, 259, 260, 267),
            (189, 260, 190, 267),
            (190, 191, 198, 268),
            (190, 198, 197, 268),
            (190, 197, 267, 268),
            (190, 267, 260, 268),
            (190, 260, 261, 268),
            (190, 261, 191, 268),
            (191, 192, 199, 269),
            (191, 199, 198, 269),
            (191, 198, 268, 269),
            (191, 268, 261, 269),
            (191, 261, 262, 269),
            (191, 262, 192, 269),
            (192, 193, 200, 270),
            (192, 200, 199, 270),
            (192, 199, 269, 270),
            (192, 269, 262, 270),
            (192, 262, 263, 270),
            (192, 263, 193, 270),
            (193, 194, 201, 271),
            (193, 201, 200, 271),
            (193, 200, 270, 271),
            (193, 270, 263, 271),
            (193, 263, 264, 271),
            (193, 264, 194, 271),
            (194, 195, 202, 272),
            (194, 202, 201, 272),
            (194, 201, 271, 272),
            (194, 271, 264, 272),
            (194, 264, 265, 272),
            (194, 265, 195, 272),
            (196, 197, 204, 274),
            (196, 204, 203, 274),
            (196, 203, 273, 274),
            (196, 273, 266, 274),
            (196, 266, 267, 274),
            (196, 267, 197, 274),
            (197, 198, 205, 275),
            (197, 205, 204, 275),
            (197, 204, 274, 275),
            (197, 274, 267, 275),
            (197, 267, 268, 275),
            (197, 268, 198, 275),
            (198, 199, 206, 276),
            (198, 206, 205, 276),
            (198, 205, 275, 276),
            (198, 275, 268, 276),
            (198, 268, 269, 276),
            (198, 269, 199, 276),
            (199, 200, 207, 277),
            (199, 207, 206, 277),
            (199, 206, 276, 277),
            (199, 276, 269, 277),
            (199, 269, 270, 277),
            (199, 270, 200, 277),
            (200, 201, 208, 278),
            (200, 208, 207, 278),
            (200, 207, 277, 278),
            (200, 277, 270, 278),
            (200, 270, 271, 278),
            (200, 271, 201, 278),
            (201, 202, 209, 279),
            (201, 209, 208, 279),
            (201, 208, 278, 279),
            (201, 278, 271, 279),
            (201, 271, 272, 279),
            (201, 272, 202, 279),
            (280, 281, 288, 358),
            (280, 288, 287, 358),
            (280, 287, 357, 358),
            (280, 357, 350, 358),
            (280, 350, 351, 358),
            (280, 351, 281, 358),
            (281, 282, 289, 359),
            (281, 289, 288, 359),
            (281, 288, 358, 359),
            (281, 358, 351, 359),
            (281, 351, 352, 359),
            (281, 352, 282, 359),
            (282, 283, 290, 360),
            (282, 290, 289, 360),
            (282, 289, 359, 360),
            (282, 359, 352, 360),
            (282, 352, 353, 360),
            (282, 353, 283, 360),
            (283, 284, 291, 361),
            (283, 291, 290, 361),
            (283, 290, 360, 361),
            (283, 360, 353, 361),
            (283, 353, 354, 361),
            (283, 354, 284, 361),
            (284, 285, 292, 362),
            (284, 292, 291, 362),
            (284, 291, 361, 362),
            (284, 361, 354, 362),
            (284, 354, 355, 362),
            (284, 355, 285, 362),
            (285, 286, 293, 363),
            (285, 293, 292, 363),
            (285, 292, 362, 363),
            (285, 362, 355, 363),
            (285, 355, 356, 363),
            (285, 356, 286, 363),
            (287, 288, 295, 365),
            (287, 295, 294, 365),
            (287, 294, 364, 365),
            (287, 364, 357, 365),
            (287, 357, 358, 365),
            (287, 358, 288, 365),
            (288, 289, 296, 366),
            (288, 296, 295, 366),
            (288, 295, 365, 366),
            (288, 365, 358, 366),
            (288, 358, 359, 366),
            (288, 359, 289, 366),
            (289, 290, 297, 367),
            (289, 297, 296, 367),
            (289, 296, 366, 367),
            (289, 366, 359, 367),
            (289, 359, 360, 367),
            (289, 360, 290, 367),
            (290, 291, 298, 368),
            (290, 298, 297, 368),
            (290, 297, 367, 368),
            (290, 367, 360, 368),
            (290, 360, 361, 368),
            (290, 361, 291, 368),
            (291, 292, 299, 369),
            (291, 299, 298, 369),
            (291, 298, 368, 369),
            (291, 368, 361, 369),
            (291, 361, 362, 369),
            (291, 362, 292, 369),
            (292, 293, 300, 370),
            (292, 300, 299, 370),
            (292, 299, 369, 370),
            (292, 369, 362, 370),
            (292, 362, 363, 370),
            (292, 363, 293, 370),
            (294, 295, 302, 372),
            (294, 302, 301, 372),
            (294, 301, 371, 372),
            (294, 371, 364, 372),
            (294, 364, 365, 372),
            (294, 365, 295, 372),
            (295, 296, 303, 373),
            (295, 303, 302, 373),
            (295, 302, 372, 373),
            (295, 372, 365, 373),
            (295, 365, 366, 373),
            (295, 366, 296, 373),
            (296, 297, 304, 374),
            (296, 304, 303, 374),
            (296, 303, 373, 374),
            (296, 373, 366, 374),
            (296, 366, 367, 374),
            (296, 367, 297, 374),
            (297, 298, 305, 375),
            (297, 305, 304, 375),
            (297, 304, 374, 375),
            (297, 374, 367, 375),
            (297, 367, 368, 375),
            (297, 368, 298, 375),
            (298, 299, 306, 376),
            (298, 306, 305, 376),
            (298, 305, 375, 376),
            (298, 375, 368, 376),
            (298, 368, 369, 376),
            (298, 369, 299, 376),
            (299, 300, 307, 377),
            (299, 307, 306, 377),
            (299, 306, 376, 377),
            (299, 376, 369, 377),
            (299, 369, 370, 377),
            (299, 370, 300, 377),
            (301, 302, 309, 379),
            (301, 309, 308, 379),
            (301, 308, 378, 379),
            (301, 378, 371, 379),
            (301, 371, 372, 379),
            (301, 372, 302, 379),
            (302, 303, 310, 380),
            (302, 310, 309, 380),
            (302, 309, 379, 380),
            (302, 379, 372, 380),
            (302, 372, 373, 380),
            (302, 373, 303, 380),
            (303, 304, 311, 381),
            (303, 311, 310, 381),
            (303, 310, 380, 381),
            (303, 380, 373, 381),
            (303, 373, 374, 381),
            (303, 374, 304, 381),
            (304, 305, 312, 382),
            (304, 312, 311, 382),
            (304, 311, 381, 382),
            (304, 381, 374, 382),
            (304, 374, 375, 382),
            (304, 375, 305, 382),
            (305, 306, 313, 383),
            (305, 313, 312, 383),
            (305, 312, 382, 383),
            (305, 382, 375, 383),
            (305, 375, 376, 383),
            (305, 376, 306, 383),
            (306, 307, 314, 384),
            (306, 314, 313, 384),
            (306, 313, 383, 384),
            (306, 383, 376, 384),
            (306, 376, 377, 384),
            (306, 377, 307, 384),
            (308, 309, 316, 386),
            (308, 316, 315, 386),
            (308, 315, 385, 386),
            (308, 385, 378, 386),
            (308, 378, 379, 386),
            (308, 379, 309, 386),
            (309, 310, 317, 387),
            (309, 317, 316, 387),
            (309, 316, 386, 387),
            (309, 386, 379, 387),
            (309, 379, 380, 387),
            (309, 380, 310, 387),
            (310, 311, 318, 388),
            (310, 318, 317, 388),
            (310, 317, 387, 388),
            (310, 387, 380, 388),
            (310, 380, 381, 388),
            (310, 381, 311, 388),
            (311, 312, 319, 389),
            (311, 319, 318, 389),
            (311, 318, 388, 389),
            (311, 388, 381, 389),
            (311, 381, 382, 389),
            (311, 382, 312, 389),
            (312, 313, 320, 390),
            (312, 320, 319, 390),
            (312, 319, 389, 390),
            (312, 389, 382, 390),
            (312, 382, 383, 390),
            (312, 383, 313, 390),
            (313, 314, 321, 391),
            (313, 321, 320, 391),
            (313, 320, 390, 391),
            (313, 390, 383, 391),
            (313, 383, 384, 391),
            (313, 384, 314, 391),
            (315, 316, 323, 393),
            (315, 323, 322, 393),
            (315, 322, 392, 393),
            (315, 392, 385, 393),
            (315, 385, 386, 393),
            (315, 386, 316, 393),
            (316, 317, 324, 394),
            (316, 324, 323, 394),
            (316, 323, 393, 394),
            (316, 393, 386, 394),
            (316, 386, 387, 394),
            (316, 387, 317, 394),
            (317, 318, 325, 395),
            (317, 325, 324, 395),
            (317, 324, 394, 395),
            (317, 394, 387, 395),
            (317, 387, 388, 395),
            (317, 388, 318, 395),
            (318, 319, 326, 396),
            (318, 326, 325, 396),
            (318, 325, 395, 396),
            (318, 395, 388, 396),
            (318, 388, 389, 396),
            (318, 389, 319, 396),
            (319, 320, 327, 397),
            (319, 327, 326, 397),
            (319, 326, 396, 397),
            (319, 396, 389, 397),
            (319, 389, 390, 397),
            (319, 390, 320, 397),
            (320, 321, 328, 398),
            (320, 328, 327, 398),
            (320, 327, 397, 398),
            (320, 397, 390, 398),
            (320, 390, 391, 398),
            (320, 391, 321, 398),
            (322, 323, 330, 400),
            (322, 330, 329, 400),
            (322, 329, 399, 400),
            (322, 399, 392, 400),
            (322, 392, 393, 400),
            (322, 393, 323, 400),
            (323, 324, 331, 401),
            (323, 331, 330, 401),
            (323, 330, 400, 401),
            (323, 400, 393, 401),
            (323, 393, 394, 401),
            (323, 394, 324, 401),
            (324, 325, 332, 402),
            (324, 332, 331, 402),
            (324, 331, 401, 402),
            (324, 401, 394, 402),
            (324, 394, 395, 402),
            (324, 395, 325, 402),
            (325, 326, 333, 403),
            (325, 333, 332, 403),
            (325, 332, 402, 403),
            (325, 402, 395, 403),
            (325, 395, 396, 403),
            (325, 396, 326, 403),
            (326, 327, 334, 404),
            (326, 334, 333, 404),
            (326, 333, 403, 404),
            (326, 403, 396, 404),
            (326, 396, 397, 404),
            (326, 397, 327, 404),
            (327, 328, 335, 405),
            (327, 335, 334, 405),
            (327, 334, 404, 405),
            (327, 404, 397, 405),
            (327, 397, 398, 405),
            (327, 398, 328, 405),
            (329, 330, 337, 407),
            (329, 337, 336, 407),
            (329, 336, 406, 407),
            (329, 406, 399, 407),
            (329, 399, 400, 407),
            (329, 400, 330, 407),
            (330, 331, 338, 408),
            (330, 338, 337, 408),
            (330, 337, 407, 408),
            (330, 407, 400, 408),
            (330, 400, 401, 408),
            (330, 401, 331, 408),
            (331, 332, 339, 409),
            (331, 339, 338, 409),
            (331, 338, 408, 409),
            (331, 408, 401, 409),
            (331, 401, 402, 409),
            (331, 402, 332, 409),
            (332, 333, 340, 410),
            (332, 340, 339, 410),
            (332, 339, 409, 410),
            (332, 409, 402, 410),
            (332, 402, 403, 410),
            (332, 403, 333, 410),
            (333, 334, 341, 411),
            (333, 341, 340, 411),
            (333, 340, 410, 411),
            (333, 410, 403, 411),
            (333, 403, 404, 411),
            (333, 404, 334, 411),
            (334, 335, 342, 412),
            (334, 342, 341, 412),
            (334, 341, 411, 412),
            (334, 411, 404, 412),
            (334, 404, 405, 412),
            (334, 405, 335, 412),
            (336, 337, 344, 414),
            (336, 344, 343, 414),
            (336, 343, 413, 414),
            (336, 413, 406, 414),
            (336, 406, 407, 414),
            (336, 407, 337, 414),
            (337, 338, 345, 415),
            (337, 345, 344, 415),
            (337, 344, 414, 415),
            (337, 414, 407, 415),
            (337, 407, 408, 415),
            (337, 408, 338, 415),
            (338, 339, 346, 416),
            (338, 346, 345, 416),
            (338, 345, 415, 416),
            (338, 415, 408, 416),
            (338, 408, 409, 416),
            (338, 409, 339, 416),
            (339, 340, 347, 417),
            (339, 347, 346, 417),
            (339, 346, 416, 417),
            (339, 416, 409, 417),
            (339, 409, 410, 417),
            (339, 410, 340, 417),
            (340, 341, 348, 418),
            (340, 348, 347, 418),
            (340, 347, 417, 418),
            (340, 417, 410, 418),
            (340, 410, 411, 418),
            (340, 411, 341, 418),
            (341, 342, 349, 419),
            (341, 349, 348, 419),
            (341, 348, 418, 419),
            (341, 418, 411, 419),
            (341, 411, 412, 419),
            (341, 412, 342, 419),
            (350, 351, 358, 428),
            (350, 358, 357, 428),
            (350, 357, 427, 428),
            (350, 427, 420, 428),
            (350, 420, 421, 428),
            (350, 421, 351, 428),
            (351, 352, 359, 429),
            (351, 359, 358, 429),
            (351, 358, 428, 429),
            (351, 428, 421, 429),
            (351, 421, 422, 429),
            (351, 422, 352, 429),
            (352, 353, 360, 430),
            (352, 360, 359, 430),
            (352, 359, 429, 430),
            (352, 429, 422, 430),
            (352, 422, 423, 430),
            (352, 423, 353, 430),
            (353, 354, 361, 431),
            (353, 361, 360, 431),
            (353, 360, 430, 431),
            (353, 430, 423, 431),
            (353, 423, 424, 431),
            (353, 424, 354, 431),
            (354, 355, 362, 432),
            (354, 362, 361, 432),
            (354, 361, 431, 432),
            (354, 431, 424, 432),
            (354, 424, 425, 432),
            (354, 425, 355, 432),
            (355, 356, 363, 433),
            (355, 363, 362, 433),
            (355, 362, 432, 433),
            (355, 432, 425, 433),
            (355, 425, 426, 433),
            (355, 426, 356, 433),
            (357, 358, 365, 435),
            (357, 365, 364, 435),
            (357, 364, 434, 435),
            (357, 434, 427, 435),
            (357, 427, 428, 435),
            (357, 428, 358, 435),
            (358, 359, 366, 436),
            (358, 366, 365, 436),
            (358, 365, 435, 436),
            (358, 435, 428, 436),
            (358, 428, 429, 436),
            (358, 429, 359, 436),
            (359, 360, 367, 437),
            (359, 367, 366, 437),
            (359, 366, 436, 437),
            (359, 436, 429, 437),
            (359, 429, 430, 437),
            (359, 430, 360, 437),
            (360, 361, 368, 438),
            (360, 368, 367, 438),
            (360, 367, 437, 438),
            (360, 437, 430, 438),
            (360, 430, 431, 438),
            (360, 431, 361, 438),
            (361, 362, 369, 439),
            (361, 369, 368, 439),
            (361, 368, 438, 439),
            (361, 438, 431, 439),
            (361, 431, 432, 439),
            (361, 432, 362, 439),
            (362, 363, 370, 440),
            (362, 370, 369, 440),
            (362, 369, 439, 440),
            (362, 439, 432, 440),
            (362, 432, 433, 440),
            (362, 433, 363, 440),
            (364, 365, 372, 442),
            (364, 372, 371, 442),
            (364, 371, 441, 442),
            (364, 441, 434, 442),
            (364, 434, 435, 442),
            (364, 435, 365, 442),
            (365, 366, 373, 443),
            (365, 373, 372, 443),
            (365, 372, 442, 443),
            (365, 442, 435, 443),
            (365, 435, 436, 443),
            (365, 436, 366, 443),
            (366, 367, 374, 444),
            (366, 374, 373, 444),
            (366, 373, 443, 444),
            (366, 443, 436, 444),
            (366, 436, 437, 444),
            (366, 437, 367, 444),
            (367, 368, 375, 445),
            (367, 375, 374, 445),
            (367, 374, 444, 445),
            (367, 444, 437, 445),
            (367, 437, 438, 445),
            (367, 438, 368, 445),
            (368, 369, 376, 446),
            (368, 376, 375, 446),
            (368, 375, 445, 446),
            (368, 445, 438, 446),
            (368, 438, 439, 446),
            (368, 439, 369, 446),
            (369, 370, 377, 447),
            (369, 377, 376, 447),
            (369, 376, 446, 447),
            (369, 446, 439, 447),
            (369, 439, 440, 447),
            (369, 440, 370, 447),
            (371, 372, 379, 449),
            (371, 379, 378, 449),
            (371, 378, 448, 449),
            (371, 448, 441, 449),
            (371, 441, 442, 449),
            (371, 442, 372, 449),
            (372, 373, 380, 450),
            (372, 380, 379, 450),
            (372, 379, 449, 450),
            (372, 449, 442, 450),
            (372, 442, 443, 450),
            (372, 443, 373, 450),
            (373, 374, 381, 451),
            (373, 381, 380, 451),
            (373, 380, 450, 451),
            (373, 450, 443, 451),
            (373, 443, 444, 451),
            (373, 444, 374, 451),
            (374, 375, 382, 452),
            (374, 382, 381, 452),
            (374, 381, 451, 452),
            (374, 451, 444, 452),
            (374, 444, 445, 452),
            (374, 445, 375, 452),
            (375, 376, 383, 453),
            (375, 383, 382, 453),
            (375, 382, 452, 453),
            (375, 452, 445, 453),
            (375, 445, 446, 453),
            (375, 446, 376, 453),
            (376, 377, 384, 454),
            (376, 384, 383, 454),
            (376, 383, 453, 454),
            (376, 453, 446, 454),
            (376, 446, 447, 454),
            (376, 447, 377, 454),
            (378, 379, 386, 456),
            (378, 386, 385, 456),
            (378, 385, 455, 456),
            (378, 455, 448, 456),
            (378, 448, 449, 456),
            (378, 449, 379, 456),
            (379, 380, 387, 457),
            (379, 387, 386, 457),
            (379, 386, 456, 457),
            (379, 456, 449, 457),
            (379, 449, 450, 457),
            (379, 450, 380, 457),
            (380, 381, 388, 458),
            (380, 388, 387, 458),
            (380, 387, 457, 458),
            (380, 457, 450, 458),
            (380, 450, 451, 458),
            (380, 451, 381, 458),
            (381, 382, 389, 459),
            (381, 389, 388, 459),
            (381, 388, 458, 459),
            (381, 458, 451, 459),
            (381, 451, 452, 459),
            (381, 452, 382, 459),
            (382, 383, 390, 460),
            (382, 390, 389, 460),
            (382, 389, 459, 460),
            (382, 459, 452, 460),
            (382, 452, 453, 460),
            (382, 453, 383, 460),
            (383, 384, 391, 461),
            (383, 391, 390, 461),
            (383, 390, 460, 461),
            (383, 460, 453, 461),
            (383, 453, 454, 461),
            (383, 454, 384, 461),
            (385, 386, 393, 463),
            (385, 393, 392, 463),
            (385, 392, 462, 463),
            (385, 462, 455, 463),
            (385, 455, 456, 463),
            (385, 456, 386, 463),
            (386, 387, 394, 464),
            (386, 394, 393, 464),
            (386, 393, 463, 464),
            (386, 463, 456, 464),
            (386, 456, 457, 464),
            (386, 457, 387, 464),
            (387, 388, 395, 465),
            (387, 395, 394, 465),
            (387, 394, 464, 465),
            (387, 464, 457, 465),
            (387, 457, 458, 465),
            (387, 458, 388, 465),
            (388, 389, 396, 466),
            (388, 396, 395, 466),
            (388, 395, 465, 466),
            (388, 465, 458, 466),
            (388, 458, 459, 466),
            (388, 459, 389, 466),
            (389, 390, 397, 467),
            (389, 397, 396, 467),
            (389, 396, 466, 467),
            (389, 466, 459, 467),
            (389, 459, 460, 467),
            (389, 460, 390, 467),
            (390, 391, 398, 468),
            (390, 398, 397, 468),
            (390, 397, 467, 468),
            (390, 467, 460, 468),
            (390, 460, 461, 468),
            (390, 461, 391, 468),
            (392, 393, 400, 470),
            (392, 400, 399, 470),
            (392, 399, 469, 470),
            (392, 469, 462, 470),
            (392, 462, 463, 470),
            (392, 463, 393, 470),
            (393, 394, 401, 471),
            (393, 401, 400, 471),
            (393, 400, 470, 471),
            (393, 470, 463, 471),
            (393, 463, 464, 471),
            (393, 464, 394, 471),
            (394, 395, 402, 472),
            (394, 402, 401, 472),
            (394, 401, 471, 472),
            (394, 471, 464, 472),
            (394, 464, 465, 472),
            (394, 465, 395, 472),
            (395, 396, 403, 473),
            (395, 403, 402, 473),
            (395, 402, 472, 473),
            (395, 472, 465, 473),
            (395, 465, 466, 473),
            (395, 466, 396, 473),
            (396, 397, 404, 474),
            (396, 404, 403, 474),
            (396, 403, 473, 474),
            (396, 473, 466, 474),
            (396, 466, 467, 474),
            (396, 467, 397, 474),
            (397, 398, 405, 475),
            (397, 405, 404, 475),
            (397, 404, 474, 475),
            (397, 474, 467, 475),
            (397, 467, 468, 475),
            (397, 468, 398, 475),
            (399, 400, 407, 477),
            (399, 407, 406, 477),
            (399, 406, 476, 477),
            (399, 476, 469, 477),
            (399, 469, 470, 477),
            (399, 470, 400, 477),
            (400, 401, 408, 478),
            (400, 408, 407, 478),
            (400, 407, 477, 478),
            (400, 477, 470, 478),
            (400, 470, 471, 478),
            (400, 471, 401, 478),
            (401, 402, 409, 479),
            (401, 409, 408, 479),
            (401, 408, 478, 479),
            (401, 478, 471, 479),
            (401, 471, 472, 479),
            (401, 472, 402, 479),
            (402, 403, 410, 480),
            (402, 410, 409, 480),
            (402, 409, 479, 480),
            (402, 479, 472, 480),
            (402, 472, 473, 480),
            (402, 473, 403, 480),
            (403, 404, 411, 481),
            (403, 411, 410, 481),
            (403, 410, 480, 481),
            (403, 480, 473, 481),
            (403, 473, 474, 481),
            (403, 474, 404, 481),
            (404, 405, 412, 482),
            (404, 412, 411, 482),
            (404, 411, 481, 482),
            (404, 481, 474, 482),
            (404, 474, 475, 482),
            (404, 475, 405, 482),
            (406, 407, 414, 484),
            (406, 414, 413, 484),
            (406, 413, 483, 484),
            (406, 483, 476, 484),
            (406, 476, 477, 484),
            (406, 477, 407, 484),
            (407, 408, 415, 485),
            (407, 415, 414, 485),
            (407, 414, 484, 485),
            (407, 484, 477, 485),
            (407, 477, 478, 485),
            (407, 478, 408, 485),
            (408, 409, 416, 486),
            (408, 416, 415, 486),
            (408, 415, 485, 486),
            (408, 485, 478, 486),
            (408, 478, 479, 486),
            (408, 479, 409, 486),
            (409, 410, 417, 487),
            (409, 417, 416, 487),
            (409, 416, 486, 487),
            (409, 486, 479, 487),
            (409, 479, 480, 487),
            (409, 480, 410, 487),
            (410, 411, 418, 488),
            (410, 418, 417, 488),
            (410, 417, 487, 488),
            (410, 487, 480, 488),
            (410, 480, 481, 488),
            (410, 481, 411, 488),
            (411, 412, 419, 489),
            (411, 419, 418, 489),
            (411, 418, 488, 489),
            (411, 488, 481, 489),
            (411, 481, 482, 489),
            (411, 482, 412, 489),
            (420, 421, 428, 498),
            (420, 428, 427, 498),
            (420, 427, 497, 498),
            (420, 497, 490, 498),
            (420, 490, 491, 498),
            (420, 491, 421, 498),
            (421, 422, 429, 499),
            (421, 429, 428, 499),
            (421, 428, 498, 499),
            (421, 498, 491, 499),
            (421, 491, 492, 499),
            (421, 492, 422, 499),
            (422, 423, 430, 500),
            (422, 430, 429, 500),
            (422, 429, 499, 500),
            (422, 499, 492, 500),
            (422, 492, 493, 500),
            (422, 493, 423, 500),
            (423, 424, 431, 501),
            (423, 431, 430, 501),
            (423, 430, 500, 501),
            (423, 500, 493, 501),
            (423, 493, 494, 501),
            (423, 494, 424, 501),
            (424, 425, 432, 502),
            (424, 432, 431, 502),
            (424, 431, 501, 502),
            (424, 501, 494, 502),
            (424, 494, 495, 502),
            (424, 495, 425, 502),
            (425, 426, 433, 503),
            (425, 433, 432, 503),
            (425, 432, 502, 503),
            (425, 502, 495, 503),
            (425, 495, 496, 503),
            (425, 496, 426, 503),
            (427, 428, 435, 505),
            (427, 435, 434, 505),
            (427, 434, 504, 505),
            (427, 504, 497, 505),
            (427, 497, 498, 505),
            (427, 498, 428, 505),
            (428, 429, 436, 506),
            (428, 436, 435, 506),
            (428, 435, 505, 506),
            (428, 505, 498, 506),
            (428, 498, 499, 506),
            (428, 499, 429, 506),
            (429, 430, 437, 507),
            (429, 437, 436, 507),
            (429, 436, 506, 507),
            (429, 506, 499, 507),
            (429, 499, 500, 507),
            (429, 500, 430, 507),
            (430, 431, 438, 508),
            (430, 438, 437, 508),
            (430, 437, 507, 508),
            (430, 507, 500, 508),
            (430, 500, 501, 508),
            (430, 501, 431, 508),
            (431, 432, 439, 509),
            (431, 439, 438, 509),
            (431, 438, 508, 509),
            (431, 508, 501, 509),
            (431, 501, 502, 509),
            (431, 502, 432, 509),
            (432, 433, 440, 510),
            (432, 440, 439, 510),
            (432, 439, 509, 510),
            (432, 509, 502, 510),
            (432, 502, 503, 510),
            (432, 503, 433, 510),
            (434, 435, 442, 512),
            (434, 442, 441, 512),
            (434, 441, 511, 512),
            (434, 511, 504, 512),
            (434, 504, 505, 512),
            (434, 505, 435, 512),
            (435, 436, 443, 513),
            (435, 443, 442, 513),
            (435, 442, 512, 513),
            (435, 512, 505, 513),
            (435, 505, 506, 513),
            (435, 506, 436, 513),
            (436, 437, 444, 514),
            (436, 444, 443, 514),
            (436, 443, 513, 514),
            (436, 513, 506, 514),
            (436, 506, 507, 514),
            (436, 507, 437, 514),
            (437, 438, 445, 515),
            (437, 445, 444, 515),
            (437, 444, 514, 515),
            (437, 514, 507, 515),
            (437, 507, 508, 515),
            (437, 508, 438, 515),
            (438, 439, 446, 516),
            (438, 446, 445, 516),
            (438, 445, 515, 516),
            (438, 515, 508, 516),
            (438, 508, 509, 516),
            (438, 509, 439, 516),
            (439, 440, 447, 517),
            (439, 447, 446, 517),
            (439, 446, 516, 517),
            (439, 516, 509, 517),
            (439, 509, 510, 517),
            (439, 510, 440, 517),
            (441, 442, 449, 519),
            (441, 449, 448, 519),
            (441, 448, 518, 519),
            (441, 518, 511, 519),
            (441, 511, 512, 519),
            (441, 512, 442, 519),
            (442, 443, 450, 520),
            (442, 450, 449, 520),
            (442, 449, 519, 520),
            (442, 519, 512, 520),
            (442, 512, 513, 520),
            (442, 513, 443, 520),
            (443, 444, 451, 521),
            (443, 451, 450, 521),
            (443, 450, 520, 521),
            (443, 520, 513, 521),
            (443, 513, 514, 521),
            (443, 514, 444, 521),
            (444, 445, 452, 522),
            (444, 452, 451, 522),
            (444, 451, 521, 522),
            (444, 521, 514, 522),
            (444, 514, 515, 522),
            (444, 515, 445, 522),
            (445, 446, 453, 523),
            (445, 453, 452, 523),
            (445, 452, 522, 523),
            (445, 522, 515, 523),
            (445, 515, 516, 523),
            (445, 516, 446, 523),
            (446, 447, 454, 524),
            (446, 454, 453, 524),
            (446, 453, 523, 524),
            (446, 523, 516, 524),
            (446, 516, 517, 524),
            (446, 517, 447, 524),
            (448, 449, 456, 526),
            (448, 456, 455, 526),
            (448, 455, 525, 526),
            (448, 525, 518, 526),
            (448, 518, 519, 526),
            (448, 519, 449, 526),
            (449, 450, 457, 527),
            (449, 457, 456, 527),
            (449, 456, 526, 527),
            (449, 526, 519, 527),
            (449, 519, 520, 527),
            (449, 520, 450, 527),
            (450, 451, 458, 528),
            (450, 458, 457, 528),
            (450, 457, 527, 528),
            (450, 527, 520, 528),
            (450, 520, 521, 528),
            (450, 521, 451, 528),
            (451, 452, 459, 529),
            (451, 459, 458, 529),
            (451, 458, 528, 529),
            (451, 528, 521, 529),
            (451, 521, 522, 529),
            (451, 522, 452, 529),
            (452, 453, 460, 530),
            (452, 460, 459, 530),
            (452, 459, 529, 530),
            (452, 529, 522, 530),
            (452, 522, 523, 530),
            (452, 523, 453, 530),
            (453, 454, 461, 531),
            (453, 461, 460, 531),
            (453, 460, 530, 531),
            (453, 530, 523, 531),
            (453, 523, 524, 531),
            (453, 524, 454, 531),
            (455, 456, 463, 533),
            (455, 463, 462, 533),
            (455, 462, 532, 533),
            (455, 532, 525, 533),
            (455, 525, 526, 533),
            (455, 526, 456, 533),
            (456, 457, 464, 534),
            (456, 464, 463, 534),
            (456, 463, 533, 534),
            (456, 533, 526, 534),
            (456, 526, 527, 534),
            (456, 527, 457, 534),
            (457, 458, 465, 535),
            (457, 465, 464, 535),
            (457, 464, 534, 535),
            (457, 534, 527, 535),
            (457, 527, 528, 535),
            (457, 528, 458, 535),
            (458, 459, 466, 536),
            (458, 466, 465, 536),
            (458, 465, 535, 536),
            (458, 535, 528, 536),
            (458, 528, 529, 536),
            (458, 529, 459, 536),
            (459, 460, 467, 537),
            (459, 467, 466, 537),
            (459, 466, 536, 537),
            (459, 536, 529, 537),
            (459, 529, 530, 537),
            (459, 530, 460, 537),
            (460, 461, 468, 538),
            (460, 468, 467, 538),
            (460, 467, 537, 538),
            (460, 537, 530, 538),
            (460, 530, 531, 538),
            (460, 531, 461, 538),
            (462, 463, 470, 540),
            (462, 470, 469, 540),
            (462, 469, 539, 540),
            (462, 539, 532, 540),
            (462, 532, 533, 540),
            (462, 533, 463, 540),
            (463, 464, 471, 541),
            (463, 471, 470, 541),
            (463, 470, 540, 541),
            (463, 540, 533, 541),
            (463, 533, 534, 541),
            (463, 534, 464, 541),
            (464, 465, 472, 542),
            (464, 472, 471, 542),
            (464, 471, 541, 542),
            (464, 541, 534, 542),
            (464, 534, 535, 542),
            (464, 535, 465, 542),
            (465, 466, 473, 543),
            (465, 473, 472, 543),
            (465, 472, 542, 543),
            (465, 542, 535, 543),
            (465, 535, 536, 543),
            (465, 536, 466, 543),
            (466, 467, 474, 544),
            (466, 474, 473, 544),
            (466, 473, 543, 544),
            (466, 543, 536, 544),
            (466, 536, 537, 544),
            (466, 537, 467, 544),
            (467, 468, 475, 545),
            (467, 475, 474, 545),
            (467, 474, 544, 545),
            (467, 544, 537, 545),
            (467, 537, 538, 545),
            (467, 538, 468, 545),
            (469, 470, 477, 547),
            (469, 477, 476, 547),
            (469, 476, 546, 547),
            (469, 546, 539, 547),
            (469, 539, 540, 547),
            (469, 540, 470, 547),
            (470, 471, 478, 548),
            (470, 478, 477, 548),
            (470, 477, 547, 548),
            (470, 547, 540, 548),
            (470, 540, 541, 548),
            (470, 541, 471, 548),
            (471, 472, 479, 549),
            (471, 479, 478, 549),
            (471, 478, 548, 549),
            (471, 548, 541, 549),
            (471, 541, 542, 549),
            (471, 542, 472, 549),
            (472, 473, 480, 550),
            (472, 480, 479, 550),
            (472, 479, 549, 550),
            (472, 549, 542, 550),
            (472, 542, 543, 550),
            (472, 543, 473, 550),
            (473, 474, 481, 551),
            (473, 481, 480, 551),
            (473, 480, 550, 551),
            (473, 550, 543, 551),
            (473, 543, 544, 551),
            (473, 544, 474, 551),
            (474, 475, 482, 552),
            (474, 482, 481, 552),
            (474, 481, 551, 552),
            (474, 551, 544, 552),
            (474, 544, 545, 552),
            (474, 545, 475, 552),
            (476, 477, 484, 554),
            (476, 484, 483, 554),
            (476, 483, 553, 554),
            (476, 553, 546, 554),
            (476, 546, 547, 554),
            (476, 547, 477, 554),
            (477, 478, 485, 555),
            (477, 485, 484, 555),
            (477, 484, 554, 555),
            (477, 554, 547, 555),
            (477, 547, 548, 555),
            (477, 548, 478, 555),
            (478, 479, 486, 556),
            (478, 486, 485, 556),
            (478, 485, 555, 556),
            (478, 555, 548, 556),
            (478, 548, 549, 556),
            (478, 549, 479, 556),
            (479, 480, 487, 557),
            (479, 487, 486, 557),
            (479, 486, 556, 557),
            (479, 556, 549, 557),
            (479, 549, 550, 557),
            (479, 550, 480, 557),
            (480, 481, 488, 558),
            (480, 488, 487, 558),
            (480, 487, 557, 558),
            (480, 557, 550, 558),
            (480, 550, 551, 558),
            (480, 551, 481, 558),
            (481, 482, 489, 559),
            (481, 489, 488, 559),
            (481, 488, 558, 559),
            (481, 558, 551, 559),
            (481, 551, 552, 559),
            (481, 552, 482, 559)
        ]
        custom int[] drAnmar:pointComponentIds = [0, 0, 0, 0, 0, 0, 0, 0, 0, 0, 0, 0, 0, 0, 0, 0, 0, 0, 0, 0, 0, 0, 0, 0, 0, 0, 0, 0, 0, 0, 0, 0, 0, 0, 0, 0, 0, 0, 0, 0, 0, 0, 0, 0, 0, 0, 0, 0, 0, 0, 0, 0, 0, 0, 0, 0, 0, 0, 0, 0, 0, 0, 0, 0, 0, 0, 0, 0, 0, 0, 0, 0, 0, 0, 0, 0, 0, 0, 0, 0, 0, 0, 0, 0, 0, 0, 0, 0, 0, 0, 0, 0, 0, 0, 0, 0, 0, 0, 0, 0, 0, 0, 0, 0, 0, 0, 0, 0, 0, 0, 0, 0, 0, 0, 0, 0, 0, 0, 0, 0, 0, 0, 0, 0, 0, 0, 0, 0, 0, 0, 0, 0, 0, 0, 0, 0, 0, 0, 0, 0, 0, 0, 0, 0, 0, 0, 0, 0, 0, 0, 0, 0, 0, 0, 0, 0, 0, 0, 0, 0, 0, 0, 0, 0, 0, 0, 0, 0, 0, 0, 0, 0, 0, 0, 0, 0, 0, 0, 0, 0, 0, 0, 0, 0, 0, 0, 0, 0, 0, 0, 0, 0, 0, 0, 0, 0, 0, 0, 0, 0, 0, 0, 0, 0, 0, 0, 0, 0, 0, 0, 0, 0, 0, 0, 0, 0, 0, 0, 0, 0, 0, 0, 0, 0, 0, 0, 0, 0, 0, 0, 0, 0, 0, 0, 0, 0, 0, 0, 0, 0, 0, 0, 0, 0, 0, 0, 0, 0, 0, 0, 0, 0, 0, 0, 0, 0, 0, 0, 0, 0, 0, 0, 0, 0, 0, 0, 0, 0, 0, 0, 0, 0, 0, 0, 0, 0, 0, 0, 0, 0, 1, 1, 1, 1, 1, 1, 1, 1, 1, 1, 1, 1, 1, 1, 1, 1, 1, 1, 1, 1, 1, 1, 1, 1, 1, 1, 1, 1, 1, 1, 1, 1, 1, 1, 1, 1, 1, 1, 1, 1, 1, 1, 1, 1, 1, 1, 1, 1, 1, 1, 1, 1, 1, 1, 1, 1, 1, 1, 1, 1, 1, 1, 1, 1, 1, 1, 1, 1, 1, 1, 1, 1, 1, 1, 1, 1, 1, 1, 1, 1, 1, 1, 1, 1, 1, 1, 1, 1, 1, 1, 1, 1, 1, 1, 1, 1, 1, 1, 1, 1, 1, 1, 1, 1, 1, 1, 1, 1, 1, 1, 1, 1, 1, 1, 1, 1, 1, 1, 1, 1, 1, 1, 1, 1, 1, 1, 1, 1, 1, 1, 1, 1, 1, 1, 1, 1, 1, 1, 1, 1, 1, 1, 1, 1, 1, 1, 1, 1, 1, 1, 1, 1, 1, 1, 1, 1, 1, 1, 1, 1, 1, 1, 1, 1, 1, 1, 1, 1, 1, 1, 1, 1, 1, 1, 1, 1, 1, 1, 1, 1, 1, 1, 1, 1, 1, 1, 1, 1, 1, 1, 1, 1, 1, 1, 1, 1, 1, 1, 1, 1, 1, 1, 1, 1, 1, 1, 1, 1, 1, 1, 1, 1, 1, 1, 1, 1, 1, 1, 1, 1, 1, 1, 1, 1, 1, 1, 1, 1, 1, 1, 1, 1, 1, 1, 1, 1, 1, 1, 1, 1, 1, 1, 1, 1, 1, 1, 1, 1, 1, 1, 1, 1, 1, 1, 1, 1, 1, 1, 1, 1, 1, 1, 1, 1, 1, 1, 1, 1, 1, 1, 1, 1, 1, 1, 1, 1, 1, 1, 1, 1]
        custom float4[] drAnmar:parametricCoordinates = [
            (0, 0, 0, 0),
            (0, 0.166666666667, 0, 0),
            (0, 0.333333333333, 0, 0),
            (0, 0.5, 0, 0),
            (0, 0.666666666667, 0, 0),
            (0, 0.833333333333, 0, 0),
            (0, 1, 0, 0),
            (0, 0, 0.111111111111, 0),
            (0, 0.166666666667, 0.111111111111, 0),
            (0, 0.333333333333, 0.111111111111, 0),
            (0, 0.5, 0.111111111111, 0),
            (0, 0.666666666667, 0.111111111111, 0),
            (0, 0.833333333333, 0.111111111111, 0),
            (0, 1, 0.111111111111, 0),
            (0, 0, 0.222222222222, 0),
            (0, 0.166666666667, 0.222222222222, 0),
            (0, 0.333333333333, 0.222222222222, 0),
            (0, 0.5, 0.222222222222, 0),
            (0, 0.666666666667, 0.222222222222, 0),
            (0, 0.833333333333, 0.222222222222, 0),
            (0, 1, 0.222222222222, 0),
            (0, 0, 0.333333333333, 0),
            (0, 0.166666666667, 0.333333333333, 0),
            (0, 0.333333333333, 0.333333333333, 0),
            (0, 0.5, 0.333333333333, 0),
            (0, 0.666666666667, 0.333333333333, 0),
            (0, 0.833333333333, 0.333333333333, 0),
            (0, 1, 0.333333333333, 0),
            (0, 0, 0.444444444444, 0),
            (0, 0.166666666667, 0.444444444444, 0),
            (0, 0.333333333333, 0.444444444444, 0),
            (0, 0.5, 0.444444444444, 0),
            (0, 0.666666666667, 0.444444444444, 0),
            (0, 0.833333333333, 0.444444444444, 0),
            (0, 1, 0.444444444444, 0),
            (0, 0, 0.555555555556, 0),
            (0, 0.166666666667, 0.555555555556, 0),
            (0, 0.333333333333, 0.555555555556, 0),
            (0, 0.5, 0.555555555556, 0),
            (0, 0.666666666667, 0.555555555556, 0),
            (0, 0.833333333333, 0.555555555556, 0),
            (0, 1, 0.555555555556, 0),
            (0, 0, 0.666666666667, 0),
            (0, 0.166666666667, 0.666666666667, 0),
            (0, 0.333333333333, 0.666666666667, 0),
            (0, 0.5, 0.666666666667, 0),
            (0, 0.666666666667, 0.666666666667, 0),
            (0, 0.833333333333, 0.666666666667, 0),
            (0, 1, 0.666666666667, 0),
            (0, 0, 0.777777777778, 0),
            (0, 0.166666666667, 0.777777777778, 0),
            (0, 0.333333333333, 0.777777777778, 0),
            (0, 0.5, 0.777777777778, 0),
            (0, 0.666666666667, 0.777777777778, 0),
            (0, 0.833333333333, 0.777777777778, 0),
            (0, 1, 0.777777777778, 0),
            (0, 0, 0.888888888889, 0),
            (0, 0.166666666667, 0.888888888889, 0),
            (0, 0.333333333333, 0.888888888889, 0),
            (0, 0.5, 0.888888888889, 0),
            (0, 0.666666666667, 0.888888888889, 0),
            (0, 0.833333333333, 0.888888888889, 0),
            (0, 1, 0.888888888889, 0),
            (0, 0, 1, 0),
            (0, 0.166666666667, 1, 0),
            (0, 0.333333333333, 1, 0),
            (0, 0.5, 1, 0),
            (0, 0.666666666667, 1, 0),
            (0, 0.833333333333, 1, 0),
            (0, 1, 1, 0),
            (0, 0, 0, 0.18),
            (0, 0.166666666667, 0, 0.18),
            (0, 0.333333333333, 0, 0.18),
            (0, 0.5, 0, 0.18),
            (0, 0.666666666667, 0, 0.18),
            (0, 0.833333333333, 0, 0.18),
            (0, 1, 0, 0.18),
            (0, 0, 0.111111111111, 0.18),
            (0, 0.166666666667, 0.111111111111, 0.18),
            (0, 0.333333333333, 0.111111111111, 0.18),
            (0, 0.5, 0.111111111111, 0.18),
            (0, 0.666666666667, 0.111111111111, 0.18),
            (0, 0.833333333333, 0.111111111111, 0.18),
            (0, 1, 0.111111111111, 0.18),
            (0, 0, 0.222222222222, 0.18),
            (0, 0.166666666667, 0.222222222222, 0.18),
            (0, 0.333333333333, 0.222222222222, 0.18),
            (0, 0.5, 0.222222222222, 0.18),
            (0, 0.666666666667, 0.222222222222, 0.18),
            (0, 0.833333333333, 0.222222222222, 0.18),
            (0, 1, 0.222222222222, 0.18),
            (0, 0, 0.333333333333, 0.18),
            (0, 0.166666666667, 0.333333333333, 0.18),
            (0, 0.333333333333, 0.333333333333, 0.18),
            (0, 0.5, 0.333333333333, 0.18),
            (0, 0.666666666667, 0.333333333333, 0.18),
            (0, 0.833333333333, 0.333333333333, 0.18),
            (0, 1, 0.333333333333, 0.18),
            (0, 0, 0.444444444444, 0.18),
            (0, 0.166666666667, 0.444444444444, 0.18),
            (0, 0.333333333333, 0.444444444444, 0.18),
            (0, 0.5, 0.444444444444, 0.18),
            (0, 0.666666666667, 0.444444444444, 0.18),
            (0, 0.833333333333, 0.444444444444, 0.18),
            (0, 1, 0.444444444444, 0.18),
            (0, 0, 0.555555555556, 0.18),
            (0, 0.166666666667, 0.555555555556, 0.18),
            (0, 0.333333333333, 0.555555555556, 0.18),
            (0, 0.5, 0.555555555556, 0.18),
            (0, 0.666666666667, 0.555555555556, 0.18),
            (0, 0.833333333333, 0.555555555556, 0.18),
            (0, 1, 0.555555555556, 0.18),
            (0, 0, 0.666666666667, 0.18),
            (0, 0.166666666667, 0.666666666667, 0.18),
            (0, 0.333333333333, 0.666666666667, 0.18),
            (0, 0.5, 0.666666666667, 0.18),
            (0, 0.666666666667, 0.666666666667, 0.18),
            (0, 0.833333333333, 0.666666666667, 0.18),
            (0, 1, 0.666666666667, 0.18),
            (0, 0, 0.777777777778, 0.18),
            (0, 0.166666666667, 0.777777777778, 0.18),
            (0, 0.333333333333, 0.777777777778, 0.18),
            (0, 0.5, 0.777777777778, 0.18),
            (0, 0.666666666667, 0.777777777778, 0.18),
            (0, 0.833333333333, 0.777777777778, 0.18),
            (0, 1, 0.777777777778, 0.18),
            (0, 0, 0.888888888889, 0.18),
            (0, 0.166666666667, 0.888888888889, 0.18),
            (0, 0.333333333333, 0.888888888889, 0.18),
            (0, 0.5, 0.888888888889, 0.18),
            (0, 0.666666666667, 0.888888888889, 0.18),
            (0, 0.833333333333, 0.888888888889, 0.18),
            (0, 1, 0.888888888889, 0.18),
            (0, 0, 1, 0.18),
            (0, 0.166666666667, 1, 0.18),
            (0, 0.333333333333, 1, 0.18),
            (0, 0.5, 1, 0.18),
            (0, 0.666666666667, 1, 0.18),
            (0, 0.833333333333, 1, 0.18),
            (0, 1, 1, 0.18),
            (0, 0, 0, 0.82),
            (0, 0.166666666667, 0, 0.82),
            (0, 0.333333333333, 0, 0.82),
            (0, 0.5, 0, 0.82),
            (0, 0.666666666667, 0, 0.82),
            (0, 0.833333333333, 0, 0.82),
            (0, 1, 0, 0.82),
            (0, 0, 0.111111111111, 0.82),
            (0, 0.166666666667, 0.111111111111, 0.82),
            (0, 0.333333333333, 0.111111111111, 0.82),
            (0, 0.5, 0.111111111111, 0.82),
            (0, 0.666666666667, 0.111111111111, 0.82),
            (0, 0.833333333333, 0.111111111111, 0.82),
            (0, 1, 0.111111111111, 0.82),
            (0, 0, 0.222222222222, 0.82),
            (0, 0.166666666667, 0.222222222222, 0.82),
            (0, 0.333333333333, 0.222222222222, 0.82),
            (0, 0.5, 0.222222222222, 0.82),
            (0, 0.666666666667, 0.222222222222, 0.82),
            (0, 0.833333333333, 0.222222222222, 0.82),
            (0, 1, 0.222222222222, 0.82),
            (0, 0, 0.333333333333, 0.82),
            (0, 0.166666666667, 0.333333333333, 0.82),
            (0, 0.333333333333, 0.333333333333, 0.82),
            (0, 0.5, 0.333333333333, 0.82),
            (0, 0.666666666667, 0.333333333333, 0.82),
            (0, 0.833333333333, 0.333333333333, 0.82),
            (0, 1, 0.333333333333, 0.82),
            (0, 0, 0.444444444444, 0.82),
            (0, 0.166666666667, 0.444444444444, 0.82),
            (0, 0.333333333333, 0.444444444444, 0.82),
            (0, 0.5, 0.444444444444, 0.82),
            (0, 0.666666666667, 0.444444444444, 0.82),
            (0, 0.833333333333, 0.444444444444, 0.82),
            (0, 1, 0.444444444444, 0.82),
            (0, 0, 0.555555555556, 0.82),
            (0, 0.166666666667, 0.555555555556, 0.82),
            (0, 0.333333333333, 0.555555555556, 0.82),
            (0, 0.5, 0.555555555556, 0.82),
            (0, 0.666666666667, 0.555555555556, 0.82),
            (0, 0.833333333333, 0.555555555556, 0.82),
            (0, 1, 0.555555555556, 0.82),
            (0, 0, 0.666666666667, 0.82),
            (0, 0.166666666667, 0.666666666667, 0.82),
            (0, 0.333333333333, 0.666666666667, 0.82),
            (0, 0.5, 0.666666666667, 0.82),
            (0, 0.666666666667, 0.666666666667, 0.82),
            (0, 0.833333333333, 0.666666666667, 0.82),
            (0, 1, 0.666666666667, 0.82),
            (0, 0, 0.777777777778, 0.82),
            (0, 0.166666666667, 0.777777777778, 0.82),
            (0, 0.333333333333, 0.777777777778, 0.82),
            (0, 0.5, 0.777777777778, 0.82),
            (0, 0.666666666667, 0.777777777778, 0.82),
            (0, 0.833333333333, 0.777777777778, 0.82),
            (0, 1, 0.777777777778, 0.82),
            (0, 0, 0.888888888889, 0.82),
            (0, 0.166666666667, 0.888888888889, 0.82),
            (0, 0.333333333333, 0.888888888889, 0.82),
            (0, 0.5, 0.888888888889, 0.82),
            (0, 0.666666666667, 0.888888888889, 0.82),
            (0, 0.833333333333, 0.888888888889, 0.82),
            (0, 1, 0.888888888889, 0.82),
            (0, 0, 1, 0.82),
            (0, 0.166666666667, 1, 0.82),
            (0, 0.333333333333, 1, 0.82),
            (0, 0.5, 1, 0.82),
            (0, 0.666666666667, 1, 0.82),
            (0, 0.833333333333, 1, 0.82),
            (0, 1, 1, 0.82),
            (0, 0, 0, 1),
            (0, 0.166666666667, 0, 1),
            (0, 0.333333333333, 0, 1),
            (0, 0.5, 0, 1),
            (0, 0.666666666667, 0, 1),
            (0, 0.833333333333, 0, 1),
            (0, 1, 0, 1),
            (0, 0, 0.111111111111, 1),
            (0, 0.166666666667, 0.111111111111, 1),
            (0, 0.333333333333, 0.111111111111, 1),
            (0, 0.5, 0.111111111111, 1),
            (0, 0.666666666667, 0.111111111111, 1),
            (0, 0.833333333333, 0.111111111111, 1),
            (0, 1, 0.111111111111, 1),
            (0, 0, 0.222222222222, 1),
            (0, 0.166666666667, 0.222222222222, 1),
            (0, 0.333333333333, 0.222222222222, 1),
            (0, 0.5, 0.222222222222, 1),
            (0, 0.666666666667, 0.222222222222, 1),
            (0, 0.833333333333, 0.222222222222, 1),
            (0, 1, 0.222222222222, 1),
            (0, 0, 0.333333333333, 1),
            (0, 0.166666666667, 0.333333333333, 1),
            (0, 0.333333333333, 0.333333333333, 1),
            (0, 0.5, 0.333333333333, 1),
            (0, 0.666666666667, 0.333333333333, 1),
            (0, 0.833333333333, 0.333333333333, 1),
            (0, 1, 0.333333333333, 1),
            (0, 0, 0.444444444444, 1),
            (0, 0.166666666667, 0.444444444444, 1),
            (0, 0.333333333333, 0.444444444444, 1),
            (0, 0.5, 0.444444444444, 1),
            (0, 0.666666666667, 0.444444444444, 1),
            (0, 0.833333333333, 0.444444444444, 1),
            (0, 1, 0.444444444444, 1),
            (0, 0, 0.555555555556, 1),
            (0, 0.166666666667, 0.555555555556, 1),
            (0, 0.333333333333, 0.555555555556, 1),
            (0, 0.5, 0.555555555556, 1),
            (0, 0.666666666667, 0.555555555556, 1),
            (0, 0.833333333333, 0.555555555556, 1),
            (0, 1, 0.555555555556, 1),
            (0, 0, 0.666666666667, 1),
            (0, 0.166666666667, 0.666666666667, 1),
            (0, 0.333333333333, 0.666666666667, 1),
            (0, 0.5, 0.666666666667, 1),
            (0, 0.666666666667, 0.666666666667, 1),
            (0, 0.833333333333, 0.666666666667, 1),
            (0, 1, 0.666666666667, 1),
            (0, 0, 0.777777777778, 1),
            (0, 0.166666666667, 0.777777777778, 1),
            (0, 0.333333333333, 0.777777777778, 1),
            (0, 0.5, 0.777777777778, 1),
            (0, 0.666666666667, 0.777777777778, 1),
            (0, 0.833333333333, 0.777777777778, 1),
            (0, 1, 0.777777777778, 1),
            (0, 0, 0.888888888889, 1),
            (0, 0.166666666667, 0.888888888889, 1),
            (0, 0.333333333333, 0.888888888889, 1),
            (0, 0.5, 0.888888888889, 1),
            (0, 0.666666666667, 0.888888888889, 1),
            (0, 0.833333333333, 0.888888888889, 1),
            (0, 1, 0.888888888889, 1),
            (0, 0, 1, 1),
            (0, 0.166666666667, 1, 1),
            (0, 0.333333333333, 1, 1),
            (0, 0.5, 1, 1),
            (0, 0.666666666667, 1, 1),
            (0, 0.833333333333, 1, 1),
            (0, 1, 1, 1),
            (1, 0, 0, 0),
            (1, 0.166666666667, 0, 0),
            (1, 0.333333333333, 0, 0),
            (1, 0.5, 0, 0),
            (1, 0.666666666667, 0, 0),
            (1, 0.833333333333, 0, 0),
            (1, 1, 0, 0),
            (1, 0, 0.111111111111, 0),
            (1, 0.166666666667, 0.111111111111, 0),
            (1, 0.333333333333, 0.111111111111, 0),
            (1, 0.5, 0.111111111111, 0),
            (1, 0.666666666667, 0.111111111111, 0),
            (1, 0.833333333333, 0.111111111111, 0),
            (1, 1, 0.111111111111, 0),
            (1, 0, 0.222222222222, 0),
            (1, 0.166666666667, 0.222222222222, 0),
            (1, 0.333333333333, 0.222222222222, 0),
            (1, 0.5, 0.222222222222, 0),
            (1, 0.666666666667, 0.222222222222, 0),
            (1, 0.833333333333, 0.222222222222, 0),
            (1, 1, 0.222222222222, 0),
            (1, 0, 0.333333333333, 0),
            (1, 0.166666666667, 0.333333333333, 0),
            (1, 0.333333333333, 0.333333333333, 0),
            (1, 0.5, 0.333333333333, 0),
            (1, 0.666666666667, 0.333333333333, 0),
            (1, 0.833333333333, 0.333333333333, 0),
            (1, 1, 0.333333333333, 0),
            (1, 0, 0.444444444444, 0),
            (1, 0.166666666667, 0.444444444444, 0),
            (1, 0.333333333333, 0.444444444444, 0),
            (1, 0.5, 0.444444444444, 0),
            (1, 0.666666666667, 0.444444444444, 0),
            (1, 0.833333333333, 0.444444444444, 0),
            (1, 1, 0.444444444444, 0),
            (1, 0, 0.555555555556, 0),
            (1, 0.166666666667, 0.555555555556, 0),
            (1, 0.333333333333, 0.555555555556, 0),
            (1, 0.5, 0.555555555556, 0),
            (1, 0.666666666667, 0.555555555556, 0),
            (1, 0.833333333333, 0.555555555556, 0),
            (1, 1, 0.555555555556, 0),
            (1, 0, 0.666666666667, 0),
            (1, 0.166666666667, 0.666666666667, 0),
            (1, 0.333333333333, 0.666666666667, 0),
            (1, 0.5, 0.666666666667, 0),
            (1, 0.666666666667, 0.666666666667, 0),
            (1, 0.833333333333, 0.666666666667, 0),
            (1, 1, 0.666666666667, 0),
            (1, 0, 0.777777777778, 0),
            (1, 0.166666666667, 0.777777777778, 0),
            (1, 0.333333333333, 0.777777777778, 0),
            (1, 0.5, 0.777777777778, 0),
            (1, 0.666666666667, 0.777777777778, 0),
            (1, 0.833333333333, 0.777777777778, 0),
            (1, 1, 0.777777777778, 0),
            (1, 0, 0.888888888889, 0),
            (1, 0.166666666667, 0.888888888889, 0),
            (1, 0.333333333333, 0.888888888889, 0),
            (1, 0.5, 0.888888888889, 0),
            (1, 0.666666666667, 0.888888888889, 0),
            (1, 0.833333333333, 0.888888888889, 0),
            (1, 1, 0.888888888889, 0),
            (1, 0, 1, 0),
            (1, 0.166666666667, 1, 0),
            (1, 0.333333333333, 1, 0),
            (1, 0.5, 1, 0),
            (1, 0.666666666667, 1, 0),
            (1, 0.833333333333, 1, 0),
            (1, 1, 1, 0),
            (1, 0, 0, 0.18),
            (1, 0.166666666667, 0, 0.18),
            (1, 0.333333333333, 0, 0.18),
            (1, 0.5, 0, 0.18),
            (1, 0.666666666667, 0, 0.18),
            (1, 0.833333333333, 0, 0.18),
            (1, 1, 0, 0.18),
            (1, 0, 0.111111111111, 0.18),
            (1, 0.166666666667, 0.111111111111, 0.18),
            (1, 0.333333333333, 0.111111111111, 0.18),
            (1, 0.5, 0.111111111111, 0.18),
            (1, 0.666666666667, 0.111111111111, 0.18),
            (1, 0.833333333333, 0.111111111111, 0.18),
            (1, 1, 0.111111111111, 0.18),
            (1, 0, 0.222222222222, 0.18),
            (1, 0.166666666667, 0.222222222222, 0.18),
            (1, 0.333333333333, 0.222222222222, 0.18),
            (1, 0.5, 0.222222222222, 0.18),
            (1, 0.666666666667, 0.222222222222, 0.18),
            (1, 0.833333333333, 0.222222222222, 0.18),
            (1, 1, 0.222222222222, 0.18),
            (1, 0, 0.333333333333, 0.18),
            (1, 0.166666666667, 0.333333333333, 0.18),
            (1, 0.333333333333, 0.333333333333, 0.18),
            (1, 0.5, 0.333333333333, 0.18),
            (1, 0.666666666667, 0.333333333333, 0.18),
            (1, 0.833333333333, 0.333333333333, 0.18),
            (1, 1, 0.333333333333, 0.18),
            (1, 0, 0.444444444444, 0.18),
            (1, 0.166666666667, 0.444444444444, 0.18),
            (1, 0.333333333333, 0.444444444444, 0.18),
            (1, 0.5, 0.444444444444, 0.18),
            (1, 0.666666666667, 0.444444444444, 0.18),
            (1, 0.833333333333, 0.444444444444, 0.18),
            (1, 1, 0.444444444444, 0.18),
            (1, 0, 0.555555555556, 0.18),
            (1, 0.166666666667, 0.555555555556, 0.18),
            (1, 0.333333333333, 0.555555555556, 0.18),
            (1, 0.5, 0.555555555556, 0.18),
            (1, 0.666666666667, 0.555555555556, 0.18),
            (1, 0.833333333333, 0.555555555556, 0.18),
            (1, 1, 0.555555555556, 0.18),
            (1, 0, 0.666666666667, 0.18),
            (1, 0.166666666667, 0.666666666667, 0.18),
            (1, 0.333333333333, 0.666666666667, 0.18),
            (1, 0.5, 0.666666666667, 0.18),
            (1, 0.666666666667, 0.666666666667, 0.18),
            (1, 0.833333333333, 0.666666666667, 0.18),
            (1, 1, 0.666666666667, 0.18),
            (1, 0, 0.777777777778, 0.18),
            (1, 0.166666666667, 0.777777777778, 0.18),
            (1, 0.333333333333, 0.777777777778, 0.18),
            (1, 0.5, 0.777777777778, 0.18),
            (1, 0.666666666667, 0.777777777778, 0.18),
            (1, 0.833333333333, 0.777777777778, 0.18),
            (1, 1, 0.777777777778, 0.18),
            (1, 0, 0.888888888889, 0.18),
            (1, 0.166666666667, 0.888888888889, 0.18),
            (1, 0.333333333333, 0.888888888889, 0.18),
            (1, 0.5, 0.888888888889, 0.18),
            (1, 0.666666666667, 0.888888888889, 0.18),
            (1, 0.833333333333, 0.888888888889, 0.18),
            (1, 1, 0.888888888889, 0.18),
            (1, 0, 1, 0.18),
            (1, 0.166666666667, 1, 0.18),
            (1, 0.333333333333, 1, 0.18),
            (1, 0.5, 1, 0.18),
            (1, 0.666666666667, 1, 0.18),
            (1, 0.833333333333, 1, 0.18),
            (1, 1, 1, 0.18),
            (1, 0, 0, 0.82),
            (1, 0.166666666667, 0, 0.82),
            (1, 0.333333333333, 0, 0.82),
            (1, 0.5, 0, 0.82),
            (1, 0.666666666667, 0, 0.82),
            (1, 0.833333333333, 0, 0.82),
            (1, 1, 0, 0.82),
            (1, 0, 0.111111111111, 0.82),
            (1, 0.166666666667, 0.111111111111, 0.82),
            (1, 0.333333333333, 0.111111111111, 0.82),
            (1, 0.5, 0.111111111111, 0.82),
            (1, 0.666666666667, 0.111111111111, 0.82),
            (1, 0.833333333333, 0.111111111111, 0.82),
            (1, 1, 0.111111111111, 0.82),
            (1, 0, 0.222222222222, 0.82),
            (1, 0.166666666667, 0.222222222222, 0.82),
            (1, 0.333333333333, 0.222222222222, 0.82),
            (1, 0.5, 0.222222222222, 0.82),
            (1, 0.666666666667, 0.222222222222, 0.82),
            (1, 0.833333333333, 0.222222222222, 0.82),
            (1, 1, 0.222222222222, 0.82),
            (1, 0, 0.333333333333, 0.82),
            (1, 0.166666666667, 0.333333333333, 0.82),
            (1, 0.333333333333, 0.333333333333, 0.82),
            (1, 0.5, 0.333333333333, 0.82),
            (1, 0.666666666667, 0.333333333333, 0.82),
            (1, 0.833333333333, 0.333333333333, 0.82),
            (1, 1, 0.333333333333, 0.82),
            (1, 0, 0.444444444444, 0.82),
            (1, 0.166666666667, 0.444444444444, 0.82),
            (1, 0.333333333333, 0.444444444444, 0.82),
            (1, 0.5, 0.444444444444, 0.82),
            (1, 0.666666666667, 0.444444444444, 0.82),
            (1, 0.833333333333, 0.444444444444, 0.82),
            (1, 1, 0.444444444444, 0.82),
            (1, 0, 0.555555555556, 0.82),
            (1, 0.166666666667, 0.555555555556, 0.82),
            (1, 0.333333333333, 0.555555555556, 0.82),
            (1, 0.5, 0.555555555556, 0.82),
            (1, 0.666666666667, 0.555555555556, 0.82),
            (1, 0.833333333333, 0.555555555556, 0.82),
            (1, 1, 0.555555555556, 0.82),
            (1, 0, 0.666666666667, 0.82),
            (1, 0.166666666667, 0.666666666667, 0.82),
            (1, 0.333333333333, 0.666666666667, 0.82),
            (1, 0.5, 0.666666666667, 0.82),
            (1, 0.666666666667, 0.666666666667, 0.82),
            (1, 0.833333333333, 0.666666666667, 0.82),
            (1, 1, 0.666666666667, 0.82),
            (1, 0, 0.777777777778, 0.82),
            (1, 0.166666666667, 0.777777777778, 0.82),
            (1, 0.333333333333, 0.777777777778, 0.82),
            (1, 0.5, 0.777777777778, 0.82),
            (1, 0.666666666667, 0.777777777778, 0.82),
            (1, 0.833333333333, 0.777777777778, 0.82),
            (1, 1, 0.777777777778, 0.82),
            (1, 0, 0.888888888889, 0.82),
            (1, 0.166666666667, 0.888888888889, 0.82),
            (1, 0.333333333333, 0.888888888889, 0.82),
            (1, 0.5, 0.888888888889, 0.82),
            (1, 0.666666666667, 0.888888888889, 0.82),
            (1, 0.833333333333, 0.888888888889, 0.82),
            (1, 1, 0.888888888889, 0.82),
            (1, 0, 1, 0.82),
            (1, 0.166666666667, 1, 0.82),
            (1, 0.333333333333, 1, 0.82),
            (1, 0.5, 1, 0.82),
            (1, 0.666666666667, 1, 0.82),
            (1, 0.833333333333, 1, 0.82),
            (1, 1, 1, 0.82),
            (1, 0, 0, 1),
            (1, 0.166666666667, 0, 1),
            (1, 0.333333333333, 0, 1),
            (1, 0.5, 0, 1),
            (1, 0.666666666667, 0, 1),
            (1, 0.833333333333, 0, 1),
            (1, 1, 0, 1),
            (1, 0, 0.111111111111, 1),
            (1, 0.166666666667, 0.111111111111, 1),
            (1, 0.333333333333, 0.111111111111, 1),
            (1, 0.5, 0.111111111111, 1),
            (1, 0.666666666667, 0.111111111111, 1),
            (1, 0.833333333333, 0.111111111111, 1),
            (1, 1, 0.111111111111, 1),
            (1, 0, 0.222222222222, 1),
            (1, 0.166666666667, 0.222222222222, 1),
            (1, 0.333333333333, 0.222222222222, 1),
            (1, 0.5, 0.222222222222, 1),
            (1, 0.666666666667, 0.222222222222, 1),
            (1, 0.833333333333, 0.222222222222, 1),
            (1, 1, 0.222222222222, 1),
            (1, 0, 0.333333333333, 1),
            (1, 0.166666666667, 0.333333333333, 1),
            (1, 0.333333333333, 0.333333333333, 1),
            (1, 0.5, 0.333333333333, 1),
            (1, 0.666666666667, 0.333333333333, 1),
            (1, 0.833333333333, 0.333333333333, 1),
            (1, 1, 0.333333333333, 1),
            (1, 0, 0.444444444444, 1),
            (1, 0.166666666667, 0.444444444444, 1),
            (1, 0.333333333333, 0.444444444444, 1),
            (1, 0.5, 0.444444444444, 1),
            (1, 0.666666666667, 0.444444444444, 1),
            (1, 0.833333333333, 0.444444444444, 1),
            (1, 1, 0.444444444444, 1),
            (1, 0, 0.555555555556, 1),
            (1, 0.166666666667, 0.555555555556, 1),
            (1, 0.333333333333, 0.555555555556, 1),
            (1, 0.5, 0.555555555556, 1),
            (1, 0.666666666667, 0.555555555556, 1),
            (1, 0.833333333333, 0.555555555556, 1),
            (1, 1, 0.555555555556, 1),
            (1, 0, 0.666666666667, 1),
            (1, 0.166666666667, 0.666666666667, 1),
            (1, 0.333333333333, 0.666666666667, 1),
            (1, 0.5, 0.666666666667, 1),
            (1, 0.666666666667, 0.666666666667, 1),
            (1, 0.833333333333, 0.666666666667, 1),
            (1, 1, 0.666666666667, 1),
            (1, 0, 0.777777777778, 1),
            (1, 0.166666666667, 0.777777777778, 1),
            (1, 0.333333333333, 0.777777777778, 1),
            (1, 0.5, 0.777777777778, 1),
            (1, 0.666666666667, 0.777777777778, 1),
            (1, 0.833333333333, 0.777777777778, 1),
            (1, 1, 0.777777777778, 1),
            (1, 0, 0.888888888889, 1),
            (1, 0.166666666667, 0.888888888889, 1),
            (1, 0.333333333333, 0.888888888889, 1),
            (1, 0.5, 0.888888888889, 1),
            (1, 0.666666666667, 0.888888888889, 1),
            (1, 0.833333333333, 0.888888888889, 1),
            (1, 1, 0.888888888889, 1),
            (1, 0, 1, 1),
            (1, 0.166666666667, 1, 1),
            (1, 0.333333333333, 1, 1),
            (1, 0.5, 1, 1),
            (1, 0.666666666667, 1, 1),
            (1, 0.833333333333, 1, 1),
            (1, 1, 1, 1)
        ]
        custom int[] drAnmar:tetLayerIds = [0, 0, 0, 0, 0, 0, 0, 0, 0, 0, 0, 0, 0, 0, 0, 0, 0, 0, 0, 0, 0, 0, 0, 0, 0, 0, 0, 0, 0, 0, 0, 0, 0, 0, 0, 0, 0, 0, 0, 0, 0, 0, 0, 0, 0, 0, 0, 0, 0, 0, 0, 0, 0, 0, 0, 0, 0, 0, 0, 0, 0, 0, 0, 0, 0, 0, 0, 0, 0, 0, 0, 0, 0, 0, 0, 0, 0, 0, 0, 0, 0, 0, 0, 0, 0, 0, 0, 0, 0, 0, 0, 0, 0, 0, 0, 0, 0, 0, 0, 0, 0, 0, 0, 0, 0, 0, 0, 0, 0, 0, 0, 0, 0, 0, 0, 0, 0, 0, 0, 0, 0, 0, 0, 0, 0, 0, 0, 0, 0, 0, 0, 0, 0, 0, 0, 0, 0, 0, 0, 0, 0, 0, 0, 0, 0, 0, 0, 0, 0, 0, 0, 0, 0, 0, 0, 0, 0, 0, 0, 0, 0, 0, 0, 0, 0, 0, 0, 0, 0, 0, 0, 0, 0, 0, 0, 0, 0, 0, 0, 0, 0, 0, 0, 0, 0, 0, 0, 0, 0, 0, 0, 0, 0, 0, 0, 0, 0, 0, 0, 0, 0, 0, 0, 0, 0, 0, 0, 0, 0, 0, 0, 0, 0, 0, 0, 0, 0, 0, 0, 0, 0, 0, 0, 0, 0, 0, 0, 0, 0, 0, 0, 0, 0, 0, 0, 0, 0, 0, 0, 0, 0, 0, 0, 0, 0, 0, 0, 0, 0, 0, 0, 0, 0, 0, 0, 0, 0, 0, 0, 0, 0, 0, 0, 0, 0, 0, 0, 0, 0, 0, 0, 0, 0, 0, 0, 0, 0, 0, 0, 0, 0, 0, 0, 0, 0, 0, 0, 0, 0, 0, 0, 0, 0, 0, 0, 0, 0, 0, 0, 0, 0, 0, 0, 0, 0, 0, 0, 0, 0, 0, 0, 0, 0, 0, 0, 0, 0, 0, 0, 0, 0, 0, 0, 0, 1, 1, 1, 1, 1, 1, 1, 1, 1, 1, 1, 1, 1, 1, 1, 1, 1, 1, 1, 1, 1, 1, 1, 1, 1, 1, 1, 1, 1, 1, 1, 1, 1, 1, 1, 1, 1, 1, 1, 1, 1, 1, 1, 1, 1, 1, 1, 1, 1, 1, 1, 1, 1, 1, 1, 1, 1, 1, 1, 1, 1, 1, 1, 1, 1, 1, 1, 1, 1, 1, 1, 1, 1, 1, 1, 1, 1, 1, 1, 1, 1, 1, 1, 1, 1, 1, 1, 1, 1, 1, 1, 1, 1, 1, 1, 1, 1, 1, 1, 1, 1, 1, 1, 1, 1, 1, 1, 1, 1, 1, 1, 1, 1, 1, 1, 1, 1, 1, 1, 1, 1, 1, 1, 1, 1, 1, 1, 1, 1, 1, 1, 1, 1, 1, 1, 1, 1, 1, 1, 1, 1, 1, 1, 1, 1, 1, 1, 1, 1, 1, 1, 1, 1, 1, 1, 1, 1, 1, 1, 1, 1, 1, 1, 1, 1, 1, 1, 1, 1, 1, 1, 1, 1, 1, 1, 1, 1, 1, 1, 1, 1, 1, 1, 1, 1, 1, 1, 1, 1, 1, 1, 1, 1, 1, 1, 1, 1, 1, 1, 1, 1, 1, 1, 1, 1, 1, 1, 1, 1, 1, 1, 1, 1, 1, 1, 1, 1, 1, 1, 1, 1, 1, 1, 1, 1, 1, 1, 1, 1, 1, 1, 1, 1, 1, 1, 1, 1, 1, 1, 1, 1, 1, 1, 1, 1, 1, 1, 1, 1, 1, 1, 1, 1, 1, 1, 1, 1, 1, 1, 1, 1, 1, 1, 1, 1, 1, 1, 1, 1, 1, 1, 1, 1, 1, 1, 1, 1, 1, 1, 1, 1, 1, 1, 1, 1, 1, 1, 1, 1, 1, 1, 1, 1, 1, 1, 1, 1, 1, 1, 1, 1, 1, 1, 1, 1, 1, 1, 1, 1, 1, 1, 1, 1, 1, 1, 1, 1, 1, 1, 1, 1, 1, 1, 1, 2, 2, 2, 2, 2, 2, 2, 2, 2, 2, 2, 2, 2, 2, 2, 2, 2, 2, 2, 2, 2, 2, 2, 2, 2, 2, 2, 2, 2, 2, 2, 2, 2, 2, 2, 2, 2, 2, 2, 2, 2, 2, 2, 2, 2, 2, 2, 2, 2, 2, 2, 2, 2, 2, 2, 2, 2, 2, 2, 2, 2, 2, 2, 2, 2, 2, 2, 2, 2, 2, 2, 2, 2, 2, 2, 2, 2, 2, 2, 2, 2, 2, 2, 2, 2, 2, 2, 2, 2, 2, 2, 2, 2, 2, 2, 2, 2, 2, 2, 2, 2, 2, 2, 2, 2, 2, 2, 2, 2, 2, 2, 2, 2, 2, 2, 2, 2, 2, 2, 2, 2, 2, 2, 2, 2, 2, 2, 2, 2, 2, 2, 2, 2, 2, 2, 2, 2, 2, 2, 2, 2, 2, 2, 2, 2, 2, 2, 2, 2, 2, 2, 2, 2, 2, 2, 2, 2, 2, 2, 2, 2, 2, 2, 2, 2, 2, 2, 2, 2, 2, 2, 2, 2, 2, 2, 2, 2, 2, 2, 2, 2, 2, 2, 2, 2, 2, 2, 2, 2, 2, 2, 2, 2, 2, 2, 2, 2, 2, 2, 2, 2, 2, 2, 2, 2, 2, 2, 2, 2, 2, 2, 2, 2, 2, 2, 2, 2, 2, 2, 2, 2, 2, 2, 2, 2, 2, 2, 2, 2, 2, 2, 2, 2, 2, 2, 2, 2, 2, 2, 2, 2, 2, 2, 2, 2, 2, 2, 2, 2, 2, 2, 2, 2, 2, 2, 2, 2, 2, 2, 2, 2, 2, 2, 2, 2, 2, 2, 2, 2, 2, 2, 2, 2, 2, 2, 2, 2, 2, 2, 2, 2, 2, 2, 2, 2, 2, 2, 2, 2, 2, 2, 2, 2, 2, 2, 2, 2, 2, 2, 2, 2, 2, 2, 2, 2, 2, 2, 2, 2, 2, 2, 2, 2, 2, 2, 2, 2, 2, 2, 2, 2, 2, 2, 2, 0, 0, 0, 0, 0, 0, 0, 0, 0, 0, 0, 0, 0, 0, 0, 0, 0, 0, 0, 0, 0, 0, 0, 0, 0, 0, 0, 0, 0, 0, 0, 0, 0, 0, 0, 0, 0, 0, 0, 0, 0, 0, 0, 0, 0, 0, 0, 0, 0, 0, 0, 0, 0, 0, 0, 0, 0, 0, 0, 0, 0, 0, 0, 0, 0, 0, 0, 0, 0, 0, 0, 0, 0, 0, 0, 0, 0, 0, 0, 0, 0, 0, 0, 0, 0, 0, 0, 0, 0, 0, 0, 0, 0, 0, 0, 0, 0, 0, 0, 0, 0, 0, 0, 0, 0, 0, 0, 0, 0, 0, 0, 0, 0, 0, 0, 0, 0, 0, 0, 0, 0, 0, 0, 0, 0, 0, 0, 0, 0, 0, 0, 0, 0, 0, 0, 0, 0, 0, 0, 0, 0, 0, 0, 0, 0, 0, 0, 0, 0, 0, 0, 0, 0, 0, 0, 0, 0, 0, 0, 0, 0, 0, 0, 0, 0, 0, 0, 0, 0, 0, 0, 0, 0, 0, 0, 0, 0, 0, 0, 0, 0, 0, 0, 0, 0, 0, 0, 0, 0, 0, 0, 0, 0, 0, 0, 0, 0, 0, 0, 0, 0, 0, 0, 0, 0, 0, 0, 0, 0, 0, 0, 0, 0, 0, 0, 0, 0, 0, 0, 0, 0, 0, 0, 0, 0, 0, 0, 0, 0, 0, 0, 0, 0, 0, 0, 0, 0, 0, 0, 0, 0, 0, 0, 0, 0, 0, 0, 0, 0, 0, 0, 0, 0, 0, 0, 0, 0, 0, 0, 0, 0, 0, 0, 0, 0, 0, 0, 0, 0, 0, 0, 0, 0, 0, 0, 0, 0, 0, 0, 0, 0, 0, 0, 0, 0, 0, 0, 0, 0, 0, 0, 0, 0, 0, 0, 0, 0, 0, 0, 0, 0, 0, 0, 0, 0, 0, 0, 0, 0, 0, 0, 0, 0, 0, 0, 0, 0, 0, 0, 0, 0, 0, 0, 0, 1, 1, 1, 1, 1, 1, 1, 1, 1, 1, 1, 1, 1, 1, 1, 1, 1, 1, 1, 1, 1, 1, 1, 1, 1, 1, 1, 1, 1, 1, 1, 1, 1, 1, 1, 1, 1, 1, 1, 1, 1, 1, 1, 1, 1, 1, 1, 1, 1, 1, 1, 1, 1, 1, 1, 1, 1, 1, 1, 1, 1, 1, 1, 1, 1, 1, 1, 1, 1, 1, 1, 1, 1, 1, 1, 1, 1, 1, 1, 1, 1, 1, 1, 1, 1, 1, 1, 1, 1, 1, 1, 1, 1, 1, 1, 1, 1, 1, 1, 1, 1, 1, 1, 1, 1, 1, 1, 1, 1, 1, 1, 1, 1, 1, 1, 1, 1, 1, 1, 1, 1, 1, 1, 1, 1, 1, 1, 1, 1, 1, 1, 1, 1, 1, 1, 1, 1, 1, 1, 1, 1, 1, 1, 1, 1, 1, 1, 1, 1, 1, 1, 1, 1, 1, 1, 1, 1, 1, 1, 1, 1, 1, 1, 1, 1, 1, 1, 1, 1, 1, 1, 1, 1, 1, 1, 1, 1, 1, 1, 1, 1, 1, 1, 1, 1, 1, 1, 1, 1, 1, 1, 1, 1, 1, 1, 1, 1, 1, 1, 1, 1, 1, 1, 1, 1, 1, 1, 1, 1, 1, 1, 1, 1, 1, 1, 1, 1, 1, 1, 1, 1, 1, 1, 1, 1, 1, 1, 1, 1, 1, 1, 1, 1, 1, 1, 1, 1, 1, 1, 1, 1, 1, 1, 1, 1, 1, 1, 1, 1, 1, 1, 1, 1, 1, 1, 1, 1, 1, 1, 1, 1, 1, 1, 1, 1, 1, 1, 1, 1, 1, 1, 1, 1, 1, 1, 1, 1, 1, 1, 1, 1, 1, 1, 1, 1, 1, 1, 1, 1, 1, 1, 1, 1, 1, 1, 1, 1, 1, 1, 1, 1, 1, 1, 1, 1, 1, 1, 1, 1, 1, 1, 1, 1, 1, 1, 1, 1, 1, 1, 1, 1, 1, 1, 1, 2, 2, 2, 2, 2, 2, 2, 2, 2, 2, 2, 2, 2, 2, 2, 2, 2, 2, 2, 2, 2, 2, 2, 2, 2, 2, 2, 2, 2, 2, 2, 2, 2, 2, 2, 2, 2, 2, 2, 2, 2, 2, 2, 2, 2, 2, 2, 2, 2, 2, 2, 2, 2, 2, 2, 2, 2, 2, 2, 2, 2, 2, 2, 2, 2, 2, 2, 2, 2, 2, 2, 2, 2, 2, 2, 2, 2, 2, 2, 2, 2, 2, 2, 2, 2, 2, 2, 2, 2, 2, 2, 2, 2, 2, 2, 2, 2, 2, 2, 2, 2, 2, 2, 2, 2, 2, 2, 2, 2, 2, 2, 2, 2, 2, 2, 2, 2, 2, 2, 2, 2, 2, 2, 2, 2, 2, 2, 2, 2, 2, 2, 2, 2, 2, 2, 2, 2, 2, 2, 2, 2, 2, 2, 2, 2, 2, 2, 2, 2, 2, 2, 2, 2, 2, 2, 2, 2, 2, 2, 2, 2, 2, 2, 2, 2, 2, 2, 2, 2, 2, 2, 2, 2, 2, 2, 2, 2, 2, 2, 2, 2, 2, 2, 2, 2, 2, 2, 2, 2, 2, 2, 2, 2, 2, 2, 2, 2, 2, 2, 2, 2, 2, 2, 2, 2, 2, 2, 2, 2, 2, 2, 2, 2, 2, 2, 2, 2, 2, 2, 2, 2, 2, 2, 2, 2, 2, 2, 2, 2, 2, 2, 2, 2, 2, 2, 2, 2, 2, 2, 2, 2, 2, 2, 2, 2, 2, 2, 2, 2, 2, 2, 2, 2, 2, 2, 2, 2, 2, 2, 2, 2, 2, 2, 2, 2, 2, 2, 2, 2, 2, 2, 2, 2, 2, 2, 2, 2, 2, 2, 2, 2, 2, 2, 2, 2, 2, 2, 2, 2, 2, 2, 2, 2, 2, 2, 2, 2, 2, 2, 2, 2, 2, 2, 2, 2, 2, 2, 2, 2, 2, 2, 2, 2, 2, 2, 2, 2, 2, 2, 2, 2, 2, 2, 2]
        custom vector3f[] drAnmar:tetFiberDirections = [
            (-0.707106781187, 0.707106781187, 0),
            (-0.707106781187, 0.707106781187, 0),
            (-0.707106781187, 0.707106781187, 0),
            (-0.707106781187, 0.707106781187, 0),
            (-0.707106781187, 0.707106781187, 0),
            (-0.707106781187, 0.707106781187, 0),
            (-0.707106781187, 0.707106781187, 0),
            (-0.707106781187, 0.707106781187, 0),
            (-0.707106781187, 0.707106781187, 0),
            (-0.707106781187, 0.707106781187, 0),
            (-0.707106781187, 0.707106781187, 0),
            (-0.707106781187, 0.707106781187, 0),
            (-0.707106781187, 0.707106781187, 0),
            (-0.707106781187, 0.707106781187, 0),
            (-0.707106781187, 0.707106781187, 0),
            (-0.707106781187, 0.707106781187, 0),
            (-0.707106781187, 0.707106781187, 0),
            (-0.707106781187, 0.707106781187, 0),
            (-0.707106781187, 0.707106781187, 0),
            (-0.707106781187, 0.707106781187, 0),
            (-0.707106781187, 0.707106781187, 0),
            (-0.707106781187, 0.707106781187, 0),
            (-0.707106781187, 0.707106781187, 0),
            (-0.707106781187, 0.707106781187, 0),
            (-0.707106781187, 0.707106781187, 0),
            (-0.707106781187, 0.707106781187, 0),
            (-0.707106781187, 0.707106781187, 0),
            (-0.707106781187, 0.707106781187, 0),
            (-0.707106781187, 0.707106781187, 0),
            (-0.707106781187, 0.707106781187, 0),
            (-0.707106781187, 0.707106781187, 0),
            (-0.707106781187, 0.707106781187, 0),
            (-0.707106781187, 0.707106781187, 0),
            (-0.707106781187, 0.707106781187, 0),
            (-0.707106781187, 0.707106781187, 0),
            (-0.707106781187, 0.707106781187, 0),
            (-0.707106781187, 0.707106781187, 0),
            (-0.707106781187, 0.707106781187, 0),
            (-0.707106781187, 0.707106781187, 0),
            (-0.707106781187, 0.707106781187, 0),
            (-0.707106781187, 0.707106781187, 0),
            (-0.707106781187, 0.707106781187, 0),
            (-0.707106781187, 0.707106781187, 0),
            (-0.707106781187, 0.707106781187, 0),
            (-0.707106781187, 0.707106781187, 0),
            (-0.707106781187, 0.707106781187, 0),
            (-0.707106781187, 0.707106781187, 0),
            (-0.707106781187, 0.707106781187, 0),
            (-0.707106781187, 0.707106781187, 0),
            (-0.707106781187, 0.707106781187, 0),
            (-0.707106781187, 0.707106781187, 0),
            (-0.707106781187, 0.707106781187, 0),
            (-0.707106781187, 0.707106781187, 0),
            (-0.707106781187, 0.707106781187, 0),
            (-0.707106781187, 0.707106781187, 0),
            (-0.707106781187, 0.707106781187, 0),
            (-0.707106781187, 0.707106781187, 0),
            (-0.707106781187, 0.707106781187, 0),
            (-0.707106781187, 0.707106781187, 0),
            (-0.707106781187, 0.707106781187, 0),
            (-0.707106781187, 0.707106781187, 0),
            (-0.707106781187, 0.707106781187, 0),
            (-0.707106781187, 0.707106781187, 0),
            (-0.707106781187, 0.707106781187, 0),
            (-0.707106781187, 0.707106781187, 0),
            (-0.707106781187, 0.707106781187, 0),
            (-0.707106781187, 0.707106781187, 0),
            (-0.707106781187, 0.707106781187, 0),
            (-0.707106781187, 0.707106781187, 0),
            (-0.707106781187, 0.707106781187, 0),
            (-0.707106781187, 0.707106781187, 0),
            (-0.707106781187, 0.707106781187, 0),
            (-0.707106781187, 0.707106781187, 0),
            (-0.707106781187, 0.707106781187, 0),
            (-0.707106781187, 0.707106781187, 0),
            (-0.707106781187, 0.707106781187, 0),
            (-0.707106781187, 0.707106781187, 0),
            (-0.707106781187, 0.707106781187, 0),
            (-0.707106781187, 0.707106781187, 0),
            (-0.707106781187, 0.707106781187, 0),
            (-0.707106781187, 0.707106781187, 0),
            (-0.707106781187, 0.707106781187, 0),
            (-0.707106781187, 0.707106781187, 0),
            (-0.707106781187, 0.707106781187, 0),
            (-0.707106781187, 0.707106781187, 0),
            (-0.707106781187, 0.707106781187, 0),
            (-0.707106781187, 0.707106781187, 0),
            (-0.707106781187, 0.707106781187, 0),
            (-0.707106781187, 0.707106781187, 0),
            (-0.707106781187, 0.707106781187, 0),
            (-0.707106781187, 0.707106781187, 0),
            (-0.707106781187, 0.707106781187, 0),
            (-0.707106781187, 0.707106781187, 0),
            (-0.707106781187, 0.707106781187, 0),
            (-0.707106781187, 0.707106781187, 0),
            (-0.707106781187, 0.707106781187, 0),
            (-0.707106781187, 0.707106781187, 0),
            (-0.707106781187, 0.707106781187, 0),
            (-0.707106781187, 0.707106781187, 0),
            (-0.707106781187, 0.707106781187, 0),
            (-0.707106781187, 0.707106781187, 0),
            (-0.707106781187, 0.707106781187, 0),
            (-0.707106781187, 0.707106781187, 0),
            (-0.707106781187, 0.707106781187, 0),
            (-0.707106781187, 0.707106781187, 0),
            (-0.707106781187, 0.707106781187, 0),
            (-0.707106781187, 0.707106781187, 0),
            (-0.707106781187, 0.707106781187, 0),
            (-0.707106781187, 0.707106781187, 0),
            (-0.707106781187, 0.707106781187, 0),
            (-0.707106781187, 0.707106781187, 0),
            (-0.707106781187, 0.707106781187, 0),
            (-0.707106781187, 0.707106781187, 0),
            (-0.707106781187, 0.707106781187, 0),
            (-0.707106781187, 0.707106781187, 0),
            (-0.707106781187, 0.707106781187, 0),
            (-0.707106781187, 0.707106781187, 0),
            (-0.707106781187, 0.707106781187, 0),
            (-0.707106781187, 0.707106781187, 0),
            (-0.707106781187, 0.707106781187, 0),
            (-0.707106781187, 0.707106781187, 0),
            (-0.707106781187, 0.707106781187, 0),
            (-0.707106781187, 0.707106781187, 0),
            (-0.707106781187, 0.707106781187, 0),
            (-0.707106781187, 0.707106781187, 0),
            (-0.707106781187, 0.707106781187, 0),
            (-0.707106781187, 0.707106781187, 0),
            (-0.707106781187, 0.707106781187, 0),
            (-0.707106781187, 0.707106781187, 0),
            (-0.707106781187, 0.707106781187, 0),
            (-0.707106781187, 0.707106781187, 0),
            (-0.707106781187, 0.707106781187, 0),
            (-0.707106781187, 0.707106781187, 0),
            (-0.707106781187, 0.707106781187, 0),
            (-0.707106781187, 0.707106781187, 0),
            (-0.707106781187, 0.707106781187, 0),
            (-0.707106781187, 0.707106781187, 0),
            (-0.707106781187, 0.707106781187, 0),
            (-0.707106781187, 0.707106781187, 0),
            (-0.707106781187, 0.707106781187, 0),
            (-0.707106781187, 0.707106781187, 0),
            (-0.707106781187, 0.707106781187, 0),
            (-0.707106781187, 0.707106781187, 0),
            (-0.707106781187, 0.707106781187, 0),
            (-0.707106781187, 0.707106781187, 0),
            (-0.707106781187, 0.707106781187, 0),
            (-0.707106781187, 0.707106781187, 0),
            (-0.707106781187, 0.707106781187, 0),
            (-0.707106781187, 0.707106781187, 0),
            (-0.707106781187, 0.707106781187, 0),
            (-0.707106781187, 0.707106781187, 0),
            (-0.707106781187, 0.707106781187, 0),
            (-0.707106781187, 0.707106781187, 0),
            (-0.707106781187, 0.707106781187, 0),
            (-0.707106781187, 0.707106781187, 0),
            (-0.707106781187, 0.707106781187, 0),
            (-0.707106781187, 0.707106781187, 0),
            (-0.707106781187, 0.707106781187, 0),
            (-0.707106781187, 0.707106781187, 0),
            (-0.707106781187, 0.707106781187, 0),
            (-0.707106781187, 0.707106781187, 0),
            (-0.707106781187, 0.707106781187, 0),
            (-0.707106781187, 0.707106781187, 0),
            (-0.707106781187, 0.707106781187, 0),
            (-0.707106781187, 0.707106781187, 0),
            (-0.707106781187, 0.707106781187, 0),
            (-0.707106781187, 0.707106781187, 0),
            (-0.707106781187, 0.707106781187, 0),
            (-0.707106781187, 0.707106781187, 0),
            (-0.707106781187, 0.707106781187, 0),
            (-0.707106781187, 0.707106781187, 0),
            (-0.707106781187, 0.707106781187, 0),
            (-0.707106781187, 0.707106781187, 0),
            (-0.707106781187, 0.707106781187, 0),
            (-0.707106781187, 0.707106781187, 0),
            (-0.707106781187, 0.707106781187, 0),
            (-0.707106781187, 0.707106781187, 0),
            (-0.707106781187, 0.707106781187, 0),
            (-0.707106781187, 0.707106781187, 0),
            (-0.707106781187, 0.707106781187, 0),
            (-0.707106781187, 0.707106781187, 0),
            (-0.707106781187, 0.707106781187, 0),
            (-0.707106781187, 0.707106781187, 0),
            (-0.707106781187, 0.707106781187, 0),
            (-0.707106781187, 0.707106781187, 0),
            (-0.707106781187, 0.707106781187, 0),
            (-0.707106781187, 0.707106781187, 0),
            (-0.707106781187, 0.707106781187, 0),
            (-0.707106781187, 0.707106781187, 0),
            (-0.707106781187, 0.707106781187, 0),
            (-0.707106781187, 0.707106781187, 0),
            (-0.707106781187, 0.707106781187, 0),
            (-0.707106781187, 0.707106781187, 0),
            (-0.707106781187, 0.707106781187, 0),
            (-0.707106781187, 0.707106781187, 0),
            (-0.707106781187, 0.707106781187, 0),
            (-0.707106781187, 0.707106781187, 0),
            (-0.707106781187, 0.707106781187, 0),
            (-0.707106781187, 0.707106781187, 0),
            (-0.707106781187, 0.707106781187, 0),
            (-0.707106781187, 0.707106781187, 0),
            (-0.707106781187, 0.707106781187, 0),
            (-0.707106781187, 0.707106781187, 0),
            (-0.707106781187, 0.707106781187, 0),
            (-0.707106781187, 0.707106781187, 0),
            (-0.707106781187, 0.707106781187, 0),
            (-0.707106781187, 0.707106781187, 0),
            (-0.707106781187, 0.707106781187, 0),
            (-0.707106781187, 0.707106781187, 0),
            (-0.707106781187, 0.707106781187, 0),
            (-0.707106781187, 0.707106781187, 0),
            (-0.707106781187, 0.707106781187, 0),
            (-0.707106781187, 0.707106781187, 0),
            (-0.707106781187, 0.707106781187, 0),
            (-0.707106781187, 0.707106781187, 0),
            (-0.707106781187, 0.707106781187, 0),
            (-0.707106781187, 0.707106781187, 0),
            (-0.707106781187, 0.707106781187, 0),
            (-0.707106781187, 0.707106781187, 0),
            (-0.707106781187, 0.707106781187, 0),
            (-0.707106781187, 0.707106781187, 0),
            (-0.707106781187, 0.707106781187, 0),
            (-0.707106781187, 0.707106781187, 0),
            (-0.707106781187, 0.707106781187, 0),
            (-0.707106781187, 0.707106781187, 0),
            (-0.707106781187, 0.707106781187, 0),
            (-0.707106781187, 0.707106781187, 0),
            (-0.707106781187, 0.707106781187, 0),
            (-0.707106781187, 0.707106781187, 0),
            (-0.707106781187, 0.707106781187, 0),
            (-0.707106781187, 0.707106781187, 0),
            (-0.707106781187, 0.707106781187, 0),
            (-0.707106781187, 0.707106781187, 0),
            (-0.707106781187, 0.707106781187, 0),
            (-0.707106781187, 0.707106781187, 0),
            (-0.707106781187, 0.707106781187, 0),
            (-0.707106781187, 0.707106781187, 0),
            (-0.707106781187, 0.707106781187, 0),
            (-0.707106781187, 0.707106781187, 0),
            (-0.707106781187, 0.707106781187, 0),
            (-0.707106781187, 0.707106781187, 0),
            (-0.707106781187, 0.707106781187, 0),
            (-0.707106781187, 0.707106781187, 0),
            (-0.707106781187, 0.707106781187, 0),
            (-0.707106781187, 0.707106781187, 0),
            (-0.707106781187, 0.707106781187, 0),
            (-0.707106781187, 0.707106781187, 0),
            (-0.707106781187, 0.707106781187, 0),
            (-0.707106781187, 0.707106781187, 0),
            (-0.707106781187, 0.707106781187, 0),
            (-0.707106781187, 0.707106781187, 0),
            (-0.707106781187, 0.707106781187, 0),
            (-0.707106781187, 0.707106781187, 0),
            (-0.707106781187, 0.707106781187, 0),
            (-0.707106781187, 0.707106781187, 0),
            (-0.707106781187, 0.707106781187, 0),
            (-0.707106781187, 0.707106781187, 0),
            (-0.707106781187, 0.707106781187, 0),
            (-0.707106781187, 0.707106781187, 0),
            (-0.707106781187, 0.707106781187, 0),
            (-0.707106781187, 0.707106781187, 0),
            (-0.707106781187, 0.707106781187, 0),
            (-0.707106781187, 0.707106781187, 0),
            (-0.707106781187, 0.707106781187, 0),
            (-0.707106781187, 0.707106781187, 0),
            (-0.707106781187, 0.707106781187, 0),
            (-0.707106781187, 0.707106781187, 0),
            (-0.707106781187, 0.707106781187, 0),
            (-0.707106781187, 0.707106781187, 0),
            (-0.707106781187, 0.707106781187, 0),
            (-0.707106781187, 0.707106781187, 0),
            (-0.707106781187, 0.707106781187, 0),
            (-0.707106781187, 0.707106781187, 0),
            (-0.707106781187, 0.707106781187, 0),
            (-0.707106781187, 0.707106781187, 0),
            (-0.707106781187, 0.707106781187, 0),
            (-0.707106781187, 0.707106781187, 0),
            (-0.707106781187, 0.707106781187, 0),
            (-0.707106781187, 0.707106781187, 0),
            (-0.707106781187, 0.707106781187, 0),
            (-0.707106781187, 0.707106781187, 0),
            (-0.707106781187, 0.707106781187, 0),
            (-0.707106781187, 0.707106781187, 0),
            (-0.707106781187, 0.707106781187, 0),
            (-0.707106781187, 0.707106781187, 0),
            (-0.707106781187, 0.707106781187, 0),
            (-0.707106781187, 0.707106781187, 0),
            (-0.707106781187, 0.707106781187, 0),
            (-0.707106781187, 0.707106781187, 0),
            (-0.707106781187, 0.707106781187, 0),
            (-0.707106781187, 0.707106781187, 0),
            (-0.707106781187, 0.707106781187, 0),
            (-0.707106781187, 0.707106781187, 0),
            (-0.707106781187, 0.707106781187, 0),
            (-0.707106781187, 0.707106781187, 0),
            (-0.707106781187, 0.707106781187, 0),
            (-0.707106781187, 0.707106781187, 0),
            (-0.707106781187, 0.707106781187, 0),
            (-0.707106781187, 0.707106781187, 0),
            (-0.707106781187, 0.707106781187, 0),
            (-0.707106781187, 0.707106781187, 0),
            (-0.707106781187, 0.707106781187, 0),
            (-0.707106781187, 0.707106781187, 0),
            (-0.707106781187, 0.707106781187, 0),
            (-0.707106781187, 0.707106781187, 0),
            (-0.707106781187, 0.707106781187, 0),
            (-0.707106781187, 0.707106781187, 0),
            (-0.707106781187, 0.707106781187, 0),
            (-0.707106781187, 0.707106781187, 0),
            (-0.707106781187, 0.707106781187, 0),
            (-0.707106781187, 0.707106781187, 0),
            (-0.707106781187, 0.707106781187, 0),
            (-0.707106781187, 0.707106781187, 0),
            (-0.707106781187, 0.707106781187, 0),
            (-0.707106781187, 0.707106781187, 0),
            (-0.707106781187, 0.707106781187, 0),
            (-0.707106781187, 0.707106781187, 0),
            (-0.707106781187, 0.707106781187, 0),
            (-0.707106781187, 0.707106781187, 0),
            (-0.707106781187, 0.707106781187, 0),
            (-0.707106781187, 0.707106781187, 0),
            (-0.707106781187, 0.707106781187, 0),
            (-0.707106781187, 0.707106781187, 0),
            (-0.707106781187, 0.707106781187, 0),
            (-1, 0, 0),
            (-1, 0, 0),
            (-1, 0, 0),
            (-1, 0, 0),
            (-1, 0, 0),
            (-1, 0, 0),
            (-1, 0, 0),
            (-1, 0, 0),
            (-1, 0, 0),
            (-1, 0, 0),
            (-1, 0, 0),
            (-1, 0, 0),
            (-1, 0, 0),
            (-1, 0, 0),
            (-1, 0, 0),
            (-1, 0, 0),
            (-1, 0, 0),
            (-1, 0, 0),
            (-1, 0, 0),
            (-1, 0, 0),
            (-1, 0, 0),
            (-1, 0, 0),
            (-1, 0, 0),
            (-1, 0, 0),
            (-1, 0, 0),
            (-1, 0, 0),
            (-1, 0, 0),
            (-1, 0, 0),
            (-1, 0, 0),
            (-1, 0, 0),
            (-1, 0, 0),
            (-1, 0, 0),
            (-1, 0, 0),
            (-1, 0, 0),
            (-1, 0, 0),
            (-1, 0, 0),
            (-1, 0, 0),
            (-1, 0, 0),
            (-1, 0, 0),
            (-1, 0, 0),
            (-1, 0, 0),
            (-1, 0, 0),
            (-1, 0, 0),
            (-1, 0, 0),
            (-1, 0, 0),
            (-1, 0, 0),
            (-1, 0, 0),
            (-1, 0, 0),
            (-1, 0, 0),
            (-1, 0, 0),
            (-1, 0, 0),
            (-1, 0, 0),
            (-1, 0, 0),
            (-1, 0, 0),
            (-1, 0, 0),
            (-1, 0, 0),
            (-1, 0, 0),
            (-1, 0, 0),
            (-1, 0, 0),
            (-1, 0, 0),
            (-1, 0, 0),
            (-1, 0, 0),
            (-1, 0, 0),
            (-1, 0, 0),
            (-1, 0, 0),
            (-1, 0, 0),
            (-1, 0, 0),
            (-1, 0, 0),
            (-1, 0, 0),
            (-1, 0, 0),
            (-1, 0, 0),
            (-1, 0, 0),
            (-1, 0, 0),
            (-1, 0, 0),
            (-1, 0, 0),
            (-1, 0, 0),
            (-1, 0, 0),
            (-1, 0, 0),
            (-1, 0, 0),
            (-1, 0, 0),
            (-1, 0, 0),
            (-1, 0, 0),
            (-1, 0, 0),
            (-1, 0, 0),
            (-1, 0, 0),
            (-1, 0, 0),
            (-1, 0, 0),
            (-1, 0, 0),
            (-1, 0, 0),
            (-1, 0, 0),
            (-1, 0, 0),
            (-1, 0, 0),
            (-1, 0, 0),
            (-1, 0, 0),
            (-1, 0, 0),
            (-1, 0, 0),
            (-1, 0, 0),
            (-1, 0, 0),
            (-1, 0, 0),
            (-1, 0, 0),
            (-1, 0, 0),
            (-1, 0, 0),
            (-1, 0, 0),
            (-1, 0, 0),
            (-1, 0, 0),
            (-1, 0, 0),
            (-1, 0, 0),
            (-1, 0, 0),
            (-1, 0, 0),
            (-1, 0, 0),
            (-1, 0, 0),
            (-1, 0, 0),
            (-1, 0, 0),
            (-1, 0, 0),
            (-1, 0, 0),
            (-1, 0, 0),
            (-1, 0, 0),
            (-1, 0, 0),
            (-1, 0, 0),
            (-1, 0, 0),
            (-1, 0, 0),
            (-1, 0, 0),
            (-1, 0, 0),
            (-1, 0, 0),
            (-1, 0, 0),
            (-1, 0, 0),
            (-1, 0, 0),
            (-1, 0, 0),
            (-1, 0, 0),
            (-1, 0, 0),
            (-1, 0, 0),
            (-1, 0, 0),
            (-1, 0, 0),
            (-1, 0, 0),
            (-1, 0, 0),
            (-1, 0, 0),
            (-1, 0, 0),
            (-1, 0, 0),
            (-1, 0, 0),
            (-1, 0, 0),
            (-1, 0, 0),
            (-1, 0, 0),
            (-1, 0, 0),
            (-1, 0, 0),
            (-1, 0, 0),
            (-1, 0, 0),
            (-1, 0, 0),
            (-1, 0, 0),
            (-1, 0, 0),
            (-1, 0, 0),
            (-1, 0, 0),
            (-1, 0, 0),
            (-1, 0, 0),
            (-1, 0, 0),
            (-1, 0, 0),
            (-1, 0, 0),
            (-1, 0, 0),
            (-1, 0, 0),
            (-1, 0, 0),
            (-1, 0, 0),
            (-1, 0, 0),
            (-1, 0, 0),
            (-1, 0, 0),
            (-1, 0, 0),
            (-1, 0, 0),
            (-1, 0, 0),
            (-1, 0, 0),
            (-1, 0, 0),
            (-1, 0, 0),
            (-1, 0, 0),
            (-1, 0, 0),
            (-1, 0, 0),
            (-1, 0, 0),
            (-1, 0, 0),
            (-1, 0, 0),
            (-1, 0, 0),
            (-1, 0, 0),
            (-1, 0, 0),
            (-1, 0, 0),
            (-1, 0, 0),
            (-1, 0, 0),
            (-1, 0, 0),
            (-1, 0, 0),
            (-1, 0, 0),
            (-1, 0, 0),
            (-1, 0, 0),
            (-1, 0, 0),
            (-1, 0, 0),
            (-1, 0, 0),
            (-1, 0, 0),
            (-1, 0, 0),
            (-1, 0, 0),
            (-1, 0, 0),
            (-1, 0, 0),
            (-1, 0, 0),
            (-1, 0, 0),
            (-1, 0, 0),
            (-1, 0, 0),
            (-1, 0, 0),
            (-1, 0, 0),
            (-1, 0, 0),
            (-1, 0, 0),
            (-1, 0, 0),
            (-1, 0, 0),
            (-1, 0, 0),
            (-1, 0, 0),
            (-1, 0, 0),
            (-1, 0, 0),
            (-1, 0, 0),
            (-1, 0, 0),
            (-1, 0, 0),
            (-1, 0, 0),
            (-1, 0, 0),
            (-1, 0, 0),
            (-1, 0, 0),
            (-1, 0, 0),
            (-1, 0, 0),
            (-1, 0, 0),
            (-1, 0, 0),
            (-1, 0, 0),
            (-1, 0, 0),
            (-1, 0, 0),
            (-1, 0, 0),
            (-1, 0, 0),
            (-1, 0, 0),
            (-1, 0, 0),
            (-1, 0, 0),
            (-1, 0, 0),
            (-1, 0, 0),
            (-1, 0, 0),
            (-1, 0, 0),
            (-1, 0, 0),
            (-1, 0, 0),
            (-1, 0, 0),
            (-1, 0, 0),
            (-1, 0, 0),
            (-1, 0, 0),
            (-1, 0, 0),
            (-1, 0, 0),
            (-1, 0, 0),
            (-1, 0, 0),
            (-1, 0, 0),
            (-1, 0, 0),
            (-1, 0, 0),
            (-1, 0, 0),
            (-1, 0, 0),
            (-1, 0, 0),
            (-1, 0, 0),
            (-1, 0, 0),
            (-1, 0, 0),
            (-1, 0, 0),
            (-1, 0, 0),
            (-1, 0, 0),
            (-1, 0, 0),
            (-1, 0, 0),
            (-1, 0, 0),
            (-1, 0, 0),
            (-1, 0, 0),
            (-1, 0, 0),
            (-1, 0, 0),
            (-1, 0, 0),
            (-1, 0, 0),
            (-1, 0, 0),
            (-1, 0, 0),
            (-1, 0, 0),
            (-1, 0, 0),
            (-1, 0, 0),
            (-1, 0, 0),
            (-1, 0, 0),
            (-1, 0, 0),
            (-1, 0, 0),
            (-1, 0, 0),
            (-1, 0, 0),
            (-1, 0, 0),
            (-1, 0, 0),
            (-1, 0, 0),
            (-1, 0, 0),
            (-1, 0, 0),
            (-1, 0, 0),
            (-1, 0, 0),
            (-1, 0, 0),
            (-1, 0, 0),
            (-1, 0, 0),
            (-1, 0, 0),
            (-1, 0, 0),
            (-1, 0, 0),
            (-1, 0, 0),
            (-1, 0, 0),
            (-1, 0, 0),
            (-1, 0, 0),
            (-1, 0, 0),
            (-1, 0, 0),
            (-1, 0, 0),
            (-1, 0, 0),
            (-1, 0, 0),
            (-1, 0, 0),
            (-1, 0, 0),
            (-1, 0, 0),
            (-1, 0, 0),
            (-1, 0, 0),
            (-1, 0, 0),
            (-1, 0, 0),
            (-1, 0, 0),
            (-1, 0, 0),
            (-1, 0, 0),
            (-1, 0, 0),
            (-1, 0, 0),
            (-1, 0, 0),
            (-1, 0, 0),
            (-1, 0, 0),
            (-1, 0, 0),
            (-1, 0, 0),
            (-1, 0, 0),
            (-1, 0, 0),
            (-1, 0, 0),
            (-1, 0, 0),
            (-1, 0, 0),
            (-1, 0, 0),
            (-1, 0, 0),
            (-1, 0, 0),
            (-1, 0, 0),
            (-1, 0, 0),
            (-1, 0, 0),
            (-1, 0, 0),
            (0, 1, 0),
            (0, 1, 0),
            (0, 1, 0),
            (0, 1, 0),
            (0, 1, 0),
            (0, 1, 0),
            (0, 1, 0),
            (0, 1, 0),
            (0, 1, 0),
            (0, 1, 0),
            (0, 1, 0),
            (0, 1, 0),
            (0, 1, 0),
            (0, 1, 0),
            (0, 1, 0),
            (0, 1, 0),
            (0, 1, 0),
            (0, 1, 0),
            (0, 1, 0),
            (0, 1, 0),
            (0, 1, 0),
            (0, 1, 0),
            (0, 1, 0),
            (0, 1, 0),
            (0, 1, 0),
            (0, 1, 0),
            (0, 1, 0),
            (0, 1, 0),
            (0, 1, 0),
            (0, 1, 0),
            (0, 1, 0),
            (0, 1, 0),
            (0, 1, 0),
            (0, 1, 0),
            (0, 1, 0),
            (0, 1, 0),
            (0, 1, 0),
            (0, 1, 0),
            (0, 1, 0),
            (0, 1, 0),
            (0, 1, 0),
            (0, 1, 0),
            (0, 1, 0),
            (0, 1, 0),
            (0, 1, 0),
            (0, 1, 0),
            (0, 1, 0),
            (0, 1, 0),
            (0, 1, 0),
            (0, 1, 0),
            (0, 1, 0),
            (0, 1, 0),
            (0, 1, 0),
            (0, 1, 0),
            (0, 1, 0),
            (0, 1, 0),
            (0, 1, 0),
            (0, 1, 0),
            (0, 1, 0),
            (0, 1, 0),
            (0, 1, 0),
            (0, 1, 0),
            (0, 1, 0),
            (0, 1, 0),
            (0, 1, 0),
            (0, 1, 0),
            (0, 1, 0),
            (0, 1, 0),
            (0, 1, 0),
            (0, 1, 0),
            (0, 1, 0),
            (0, 1, 0),
            (0, 1, 0),
            (0, 1, 0),
            (0, 1, 0),
            (0, 1, 0),
            (0, 1, 0),
            (0, 1, 0),
            (0, 1, 0),
            (0, 1, 0),
            (0, 1, 0),
            (0, 1, 0),
            (0, 1, 0),
            (0, 1, 0),
            (0, 1, 0),
            (0, 1, 0),
            (0, 1, 0),
            (0, 1, 0),
            (0, 1, 0),
            (0, 1, 0),
            (0, 1, 0),
            (0, 1, 0),
            (0, 1, 0),
            (0, 1, 0),
            (0, 1, 0),
            (0, 1, 0),
            (0, 1, 0),
            (0, 1, 0),
            (0, 1, 0),
            (0, 1, 0),
            (0, 1, 0),
            (0, 1, 0),
            (0, 1, 0),
            (0, 1, 0),
            (0, 1, 0),
            (0, 1, 0),
            (0, 1, 0),
            (0, 1, 0),
            (0, 1, 0),
            (0, 1, 0),
            (0, 1, 0),
            (0, 1, 0),
            (0, 1, 0),
            (0, 1, 0),
            (0, 1, 0),
            (0, 1, 0),
            (0, 1, 0),
            (0, 1, 0),
            (0, 1, 0),
            (0, 1, 0),
            (0, 1, 0),
            (0, 1, 0),
            (0, 1, 0),
            (0, 1, 0),
            (0, 1, 0),
            (0, 1, 0),
            (0, 1, 0),
            (0, 1, 0),
            (0, 1, 0),
            (0, 1, 0),
            (0, 1, 0),
            (0, 1, 0),
            (0, 1, 0),
            (0, 1, 0),
            (0, 1, 0),
            (0, 1, 0),
            (0, 1, 0),
            (0, 1, 0),
            (0, 1, 0),
            (0, 1, 0),
            (0, 1, 0),
            (0, 1, 0),
            (0, 1, 0),
            (0, 1, 0),
            (0, 1, 0),
            (0, 1, 0),
            (0, 1, 0),
            (0, 1, 0),
            (0, 1, 0),
            (0, 1, 0),
            (0, 1, 0),
            (0, 1, 0),
            (0, 1, 0),
            (0, 1, 0),
            (0, 1, 0),
            (0, 1, 0),
            (0, 1, 0),
            (0, 1, 0),
            (0, 1, 0),
            (0, 1, 0),
            (0, 1, 0),
            (0, 1, 0),
            (0, 1, 0),
            (0, 1, 0),
            (0, 1, 0),
            (0, 1, 0),
            (0, 1, 0),
            (0, 1, 0),
            (0, 1, 0),
            (0, 1, 0),
            (0, 1, 0),
            (0, 1, 0),
            (0, 1, 0),
            (0, 1, 0),
            (0, 1, 0),
            (0, 1, 0),
            (0, 1, 0),
            (0, 1, 0),
            (0, 1, 0),
            (0, 1, 0),
            (0, 1, 0),
            (0, 1, 0),
            (0, 1, 0),
            (0, 1, 0),
            (0, 1, 0),
            (0, 1, 0),
            (0, 1, 0),
            (0, 1, 0),
            (0, 1, 0),
            (0, 1, 0),
            (0, 1, 0),
            (0, 1, 0),
            (0, 1, 0),
            (0, 1, 0),
            (0, 1, 0),
            (0, 1, 0),
            (0, 1, 0),
            (0, 1, 0),
            (0, 1, 0),
            (0, 1, 0),
            (0, 1, 0),
            (0, 1, 0),
            (0, 1, 0),
            (0, 1, 0),
            (0, 1, 0),
            (0, 1, 0),
            (0, 1, 0),
            (0, 1, 0),
            (0, 1, 0),
            (0, 1, 0),
            (0, 1, 0),
            (0, 1, 0),
            (0, 1, 0),
            (0, 1, 0),
            (0, 1, 0),
            (0, 1, 0),
            (0, 1, 0),
            (0, 1, 0),
            (0, 1, 0),
            (0, 1, 0),
            (0, 1, 0),
            (0, 1, 0),
            (0, 1, 0),
            (0, 1, 0),
            (0, 1, 0),
            (0, 1, 0),
            (0, 1, 0),
            (0, 1, 0),
            (0, 1, 0),
            (0, 1, 0),
            (0, 1, 0),
            (0, 1, 0),
            (0, 1, 0),
            (0, 1, 0),
            (0, 1, 0),
            (0, 1, 0),
            (0, 1, 0),
            (0, 1, 0),
            (0, 1, 0),
            (0, 1, 0),
            (0, 1, 0),
            (0, 1, 0),
            (0, 1, 0),
            (0, 1, 0),
            (0, 1, 0),
            (0, 1, 0),
            (0, 1, 0),
            (0, 1, 0),
            (0, 1, 0),
            (0, 1, 0),
            (0, 1, 0),
            (0, 1, 0),
            (0, 1, 0),
            (0, 1, 0),
            (0, 1, 0),
            (0, 1, 0),
            (0, 1, 0),
            (0, 1, 0),
            (0, 1, 0),
            (0, 1, 0),
            (0, 1, 0),
            (0, 1, 0),
            (0, 1, 0),
            (0, 1, 0),
            (0, 1, 0),
            (0, 1, 0),
            (0, 1, 0),
            (0, 1, 0),
            (0, 1, 0),
            (0, 1, 0),
            (0, 1, 0),
            (0, 1, 0),
            (0, 1, 0),
            (0, 1, 0),
            (0, 1, 0),
            (0, 1, 0),
            (0, 1, 0),
            (0, 1, 0),
            (0, 1, 0),
            (0, 1, 0),
            (0, 1, 0),
            (0, 1, 0),
            (0, 1, 0),
            (0, 1, 0),
            (0, 1, 0),
            (0, 1, 0),
            (0, 1, 0),
            (0, 1, 0),
            (0, 1, 0),
            (0, 1, 0),
            (0, 1, 0),
            (0, 1, 0),
            (0, 1, 0),
            (0, 1, 0),
            (0, 1, 0),
            (0, 1, 0),
            (0, 1, 0),
            (0, 1, 0),
            (0, 1, 0),
            (0, 1, 0),
            (0, 1, 0),
            (0, 1, 0),
            (0, 1, 0),
            (0, 1, 0),
            (0, 1, 0),
            (0, 1, 0),
            (0, 1, 0),
            (0, 1, 0),
            (0, 1, 0),
            (0, 1, 0),
            (0, 1, 0),
            (0, 1, 0),
            (0, 1, 0),
            (0, 1, 0),
            (0, 1, 0),
            (0, 1, 0),
            (0, 1, 0),
            (0, 1, 0),
            (0, 1, 0),
            (0, 1, 0),
            (0, 1, 0),
            (0, 1, 0),
            (0, 1, 0),
            (0, 1, 0),
            (0.707106781187, 0.707106781187, 0),
            (0.707106781187, 0.707106781187, 0),
            (0.707106781187, 0.707106781187, 0),
            (0.707106781187, 0.707106781187, 0),
            (0.707106781187, 0.707106781187, 0),
            (0.707106781187, 0.707106781187, 0),
            (0.707106781187, 0.707106781187, 0),
            (0.707106781187, 0.707106781187, 0),
            (0.707106781187, 0.707106781187, 0),
            (0.707106781187, 0.707106781187, 0),
            (0.707106781187, 0.707106781187, 0),
            (0.707106781187, 0.707106781187, 0),
            (0.707106781187, 0.707106781187, 0),
            (0.707106781187, 0.707106781187, 0),
            (0.707106781187, 0.707106781187, 0),
            (0.707106781187, 0.707106781187, 0),
            (0.707106781187, 0.707106781187, 0),
            (0.707106781187, 0.707106781187, 0),
            (0.707106781187, 0.707106781187, 0),
            (0.707106781187, 0.707106781187, 0),
            (0.707106781187, 0.707106781187, 0),
            (0.707106781187, 0.707106781187, 0),
            (0.707106781187, 0.707106781187, 0),
            (0.707106781187, 0.707106781187, 0),
            (0.707106781187, 0.707106781187, 0),
            (0.707106781187, 0.707106781187, 0),
            (0.707106781187, 0.707106781187, 0),
            (0.707106781187, 0.707106781187, 0),
            (0.707106781187, 0.707106781187, 0),
            (0.707106781187, 0.707106781187, 0),
            (0.707106781187, 0.707106781187, 0),
            (0.707106781187, 0.707106781187, 0),
            (0.707106781187, 0.707106781187, 0),
            (0.707106781187, 0.707106781187, 0),
            (0.707106781187, 0.707106781187, 0),
            (0.707106781187, 0.707106781187, 0),
            (0.707106781187, 0.707106781187, 0),
            (0.707106781187, 0.707106781187, 0),
            (0.707106781187, 0.707106781187, 0),
            (0.707106781187, 0.707106781187, 0),
            (0.707106781187, 0.707106781187, 0),
            (0.707106781187, 0.707106781187, 0),
            (0.707106781187, 0.707106781187, 0),
            (0.707106781187, 0.707106781187, 0),
            (0.707106781187, 0.707106781187, 0),
            (0.707106781187, 0.707106781187, 0),
            (0.707106781187, 0.707106781187, 0),
            (0.707106781187, 0.707106781187, 0),
            (0.707106781187, 0.707106781187, 0),
            (0.707106781187, 0.707106781187, 0),
            (0.707106781187, 0.707106781187, 0),
            (0.707106781187, 0.707106781187, 0),
            (0.707106781187, 0.707106781187, 0),
            (0.707106781187, 0.707106781187, 0),
            (0.707106781187, 0.707106781187, 0),
            (0.707106781187, 0.707106781187, 0),
            (0.707106781187, 0.707106781187, 0),
            (0.707106781187, 0.707106781187, 0),
            (0.707106781187, 0.707106781187, 0),
            (0.707106781187, 0.707106781187, 0),
            (0.707106781187, 0.707106781187, 0),
            (0.707106781187, 0.707106781187, 0),
            (0.707106781187, 0.707106781187, 0),
            (0.707106781187, 0.707106781187, 0),
            (0.707106781187, 0.707106781187, 0),
            (0.707106781187, 0.707106781187, 0),
            (0.707106781187, 0.707106781187, 0),
            (0.707106781187, 0.707106781187, 0),
            (0.707106781187, 0.707106781187, 0),
            (0.707106781187, 0.707106781187, 0),
            (0.707106781187, 0.707106781187, 0),
            (0.707106781187, 0.707106781187, 0),
            (0.707106781187, 0.707106781187, 0),
            (0.707106781187, 0.707106781187, 0),
            (0.707106781187, 0.707106781187, 0),
            (0.707106781187, 0.707106781187, 0),
            (0.707106781187, 0.707106781187, 0),
            (0.707106781187, 0.707106781187, 0),
            (0.707106781187, 0.707106781187, 0),
            (0.707106781187, 0.707106781187, 0),
            (0.707106781187, 0.707106781187, 0),
            (0.707106781187, 0.707106781187, 0),
            (0.707106781187, 0.707106781187, 0),
            (0.707106781187, 0.707106781187, 0),
            (0.707106781187, 0.707106781187, 0),
            (0.707106781187, 0.707106781187, 0),
            (0.707106781187, 0.707106781187, 0),
            (0.707106781187, 0.707106781187, 0),
            (0.707106781187, 0.707106781187, 0),
            (0.707106781187, 0.707106781187, 0),
            (0.707106781187, 0.707106781187, 0),
            (0.707106781187, 0.707106781187, 0),
            (0.707106781187, 0.707106781187, 0),
            (0.707106781187, 0.707106781187, 0),
            (0.707106781187, 0.707106781187, 0),
            (0.707106781187, 0.707106781187, 0),
            (0.707106781187, 0.707106781187, 0),
            (0.707106781187, 0.707106781187, 0),
            (0.707106781187, 0.707106781187, 0),
            (0.707106781187, 0.707106781187, 0),
            (0.707106781187, 0.707106781187, 0),
            (0.707106781187, 0.707106781187, 0),
            (0.707106781187, 0.707106781187, 0),
            (0.707106781187, 0.707106781187, 0),
            (0.707106781187, 0.707106781187, 0),
            (0.707106781187, 0.707106781187, 0),
            (0.707106781187, 0.707106781187, 0),
            (0.707106781187, 0.707106781187, 0),
            (0.707106781187, 0.707106781187, 0),
            (0.707106781187, 0.707106781187, 0),
            (0.707106781187, 0.707106781187, 0),
            (0.707106781187, 0.707106781187, 0),
            (0.707106781187, 0.707106781187, 0),
            (0.707106781187, 0.707106781187, 0),
            (0.707106781187, 0.707106781187, 0),
            (0.707106781187, 0.707106781187, 0),
            (0.707106781187, 0.707106781187, 0),
            (0.707106781187, 0.707106781187, 0),
            (0.707106781187, 0.707106781187, 0),
            (0.707106781187, 0.707106781187, 0),
            (0.707106781187, 0.707106781187, 0),
            (0.707106781187, 0.707106781187, 0),
            (0.707106781187, 0.707106781187, 0),
            (0.707106781187, 0.707106781187, 0),
            (0.707106781187, 0.707106781187, 0),
            (0.707106781187, 0.707106781187, 0),
            (0.707106781187, 0.707106781187, 0),
            (0.707106781187, 0.707106781187, 0),
            (0.707106781187, 0.707106781187, 0),
            (0.707106781187, 0.707106781187, 0),
            (0.707106781187, 0.707106781187, 0),
            (0.707106781187, 0.707106781187, 0),
            (0.707106781187, 0.707106781187, 0),
            (0.707106781187, 0.707106781187, 0),
            (0.707106781187, 0.707106781187, 0),
            (0.707106781187, 0.707106781187, 0),
            (0.707106781187, 0.707106781187, 0),
            (0.707106781187, 0.707106781187, 0),
            (0.707106781187, 0.707106781187, 0),
            (0.707106781187, 0.707106781187, 0),
            (0.707106781187, 0.707106781187, 0),
            (0.707106781187, 0.707106781187, 0),
            (0.707106781187, 0.707106781187, 0),
            (0.707106781187, 0.707106781187, 0),
            (0.707106781187, 0.707106781187, 0),
            (0.707106781187, 0.707106781187, 0),
            (0.707106781187, 0.707106781187, 0),
            (0.707106781187, 0.707106781187, 0),
            (0.707106781187, 0.707106781187, 0),
            (0.707106781187, 0.707106781187, 0),
            (0.707106781187, 0.707106781187, 0),
            (0.707106781187, 0.707106781187, 0),
            (0.707106781187, 0.707106781187, 0),
            (0.707106781187, 0.707106781187, 0),
            (0.707106781187, 0.707106781187, 0),
            (0.707106781187, 0.707106781187, 0),
            (0.707106781187, 0.707106781187, 0),
            (0.707106781187, 0.707106781187, 0),
            (0.707106781187, 0.707106781187, 0),
            (0.707106781187, 0.707106781187, 0),
            (0.707106781187, 0.707106781187, 0),
            (0.707106781187, 0.707106781187, 0),
            (0.707106781187, 0.707106781187, 0),
            (0.707106781187, 0.707106781187, 0),
            (0.707106781187, 0.707106781187, 0),
            (0.707106781187, 0.707106781187, 0),
            (0.707106781187, 0.707106781187, 0),
            (0.707106781187, 0.707106781187, 0),
            (0.707106781187, 0.707106781187, 0),
            (0.707106781187, 0.707106781187, 0),
            (0.707106781187, 0.707106781187, 0),
            (0.707106781187, 0.707106781187, 0),
            (0.707106781187, 0.707106781187, 0),
            (0.707106781187, 0.707106781187, 0),
            (0.707106781187, 0.707106781187, 0),
            (0.707106781187, 0.707106781187, 0),
            (0.707106781187, 0.707106781187, 0),
            (0.707106781187, 0.707106781187, 0),
            (0.707106781187, 0.707106781187, 0),
            (0.707106781187, 0.707106781187, 0),
            (0.707106781187, 0.707106781187, 0),
            (0.707106781187, 0.707106781187, 0),
            (0.707106781187, 0.707106781187, 0),
            (0.707106781187, 0.707106781187, 0),
            (0.707106781187, 0.707106781187, 0),
            (0.707106781187, 0.707106781187, 0),
            (0.707106781187, 0.707106781187, 0),
            (0.707106781187, 0.707106781187, 0),
            (0.707106781187, 0.707106781187, 0),
            (0.707106781187, 0.707106781187, 0),
            (0.707106781187, 0.707106781187, 0),
            (0.707106781187, 0.707106781187, 0),
            (0.707106781187, 0.707106781187, 0),
            (0.707106781187, 0.707106781187, 0),
            (0.707106781187, 0.707106781187, 0),
            (0.707106781187, 0.707106781187, 0),
            (0.707106781187, 0.707106781187, 0),
            (0.707106781187, 0.707106781187, 0),
            (0.707106781187, 0.707106781187, 0),
            (0.707106781187, 0.707106781187, 0),
            (0.707106781187, 0.707106781187, 0),
            (0.707106781187, 0.707106781187, 0),
            (0.707106781187, 0.707106781187, 0),
            (0.707106781187, 0.707106781187, 0),
            (0.707106781187, 0.707106781187, 0),
            (0.707106781187, 0.707106781187, 0),
            (0.707106781187, 0.707106781187, 0),
            (0.707106781187, 0.707106781187, 0),
            (0.707106781187, 0.707106781187, 0),
            (0.707106781187, 0.707106781187, 0),
            (0.707106781187, 0.707106781187, 0),
            (0.707106781187, 0.707106781187, 0),
            (0.707106781187, 0.707106781187, 0),
            (0.707106781187, 0.707106781187, 0),
            (0.707106781187, 0.707106781187, 0),
            (0.707106781187, 0.707106781187, 0),
            (0.707106781187, 0.707106781187, 0),
            (0.707106781187, 0.707106781187, 0),
            (0.707106781187, 0.707106781187, 0),
            (0.707106781187, 0.707106781187, 0),
            (0.707106781187, 0.707106781187, 0),
            (0.707106781187, 0.707106781187, 0),
            (0.707106781187, 0.707106781187, 0),
            (0.707106781187, 0.707106781187, 0),
            (0.707106781187, 0.707106781187, 0),
            (0.707106781187, 0.707106781187, 0),
            (0.707106781187, 0.707106781187, 0),
            (0.707106781187, 0.707106781187, 0),
            (0.707106781187, 0.707106781187, 0),
            (0.707106781187, 0.707106781187, 0),
            (0.707106781187, 0.707106781187, 0),
            (0.707106781187, 0.707106781187, 0),
            (0.707106781187, 0.707106781187, 0),
            (0.707106781187, 0.707106781187, 0),
            (0.707106781187, 0.707106781187, 0),
            (0.707106781187, 0.707106781187, 0),
            (0.707106781187, 0.707106781187, 0),
            (0.707106781187, 0.707106781187, 0),
            (0.707106781187, 0.707106781187, 0),
            (0.707106781187, 0.707106781187, 0),
            (0.707106781187, 0.707106781187, 0),
            (0.707106781187, 0.707106781187, 0),
            (0.707106781187, 0.707106781187, 0),
            (0.707106781187, 0.707106781187, 0),
            (0.707106781187, 0.707106781187, 0),
            (0.707106781187, 0.707106781187, 0),
            (0.707106781187, 0.707106781187, 0),
            (0.707106781187, 0.707106781187, 0),
            (0.707106781187, 0.707106781187, 0),
            (0.707106781187, 0.707106781187, 0),
            (0.707106781187, 0.707106781187, 0),
            (0.707106781187, 0.707106781187, 0),
            (0.707106781187, 0.707106781187, 0),
            (0.707106781187, 0.707106781187, 0),
            (0.707106781187, 0.707106781187, 0),
            (0.707106781187, 0.707106781187, 0),
            (0.707106781187, 0.707106781187, 0),
            (0.707106781187, 0.707106781187, 0),
            (0.707106781187, 0.707106781187, 0),
            (0.707106781187, 0.707106781187, 0),
            (0.707106781187, 0.707106781187, 0),
            (0.707106781187, 0.707106781187, 0),
            (0.707106781187, 0.707106781187, 0),
            (0.707106781187, 0.707106781187, 0),
            (0.707106781187, 0.707106781187, 0),
            (0.707106781187, 0.707106781187, 0),
            (0.707106781187, 0.707106781187, 0),
            (0.707106781187, 0.707106781187, 0),
            (0.707106781187, 0.707106781187, 0),
            (0.707106781187, 0.707106781187, 0),
            (0.707106781187, 0.707106781187, 0),
            (0.707106781187, 0.707106781187, 0),
            (0.707106781187, 0.707106781187, 0),
            (0.707106781187, 0.707106781187, 0),
            (0.707106781187, 0.707106781187, 0),
            (0.707106781187, 0.707106781187, 0),
            (0.707106781187, 0.707106781187, 0),
            (0.707106781187, 0.707106781187, 0),
            (0.707106781187, 0.707106781187, 0),
            (0.707106781187, 0.707106781187, 0),
            (0.707106781187, 0.707106781187, 0),
            (0.707106781187, 0.707106781187, 0),
            (0.707106781187, 0.707106781187, 0),
            (0.707106781187, 0.707106781187, 0),
            (0.707106781187, 0.707106781187, 0),
            (0.707106781187, 0.707106781187, 0),
            (0.707106781187, 0.707106781187, 0),
            (0.707106781187, 0.707106781187, 0),
            (0.707106781187, 0.707106781187, 0),
            (0.707106781187, 0.707106781187, 0),
            (0.707106781187, 0.707106781187, 0),
            (0.707106781187, 0.707106781187, 0),
            (0.707106781187, 0.707106781187, 0),
            (0.707106781187, 0.707106781187, 0),
            (0.707106781187, 0.707106781187, 0),
            (0.707106781187, 0.707106781187, 0),
            (0.707106781187, 0.707106781187, 0),
            (0.707106781187, 0.707106781187, 0),
            (0.707106781187, 0.707106781187, 0),
            (0.707106781187, 0.707106781187, 0),
            (0.707106781187, 0.707106781187, 0),
            (0.707106781187, 0.707106781187, 0),
            (0.707106781187, 0.707106781187, 0),
            (0.707106781187, 0.707106781187, 0),
            (0.707106781187, 0.707106781187, 0),
            (0.707106781187, 0.707106781187, 0),
            (0.707106781187, 0.707106781187, 0),
            (0.707106781187, 0.707106781187, 0),
            (0.707106781187, 0.707106781187, 0),
            (0.707106781187, 0.707106781187, 0),
            (0.707106781187, 0.707106781187, 0),
            (0.707106781187, 0.707106781187, 0),
            (0.707106781187, 0.707106781187, 0),
            (0.707106781187, 0.707106781187, 0),
            (0.707106781187, 0.707106781187, 0),
            (0.707106781187, 0.707106781187, 0),
            (0.707106781187, 0.707106781187, 0),
            (0.707106781187, 0.707106781187, 0),
            (0.707106781187, 0.707106781187, 0),
            (0.707106781187, 0.707106781187, 0),
            (0.707106781187, 0.707106781187, 0),
            (0.707106781187, 0.707106781187, 0),
            (0.707106781187, 0.707106781187, 0),
            (0.707106781187, 0.707106781187, 0),
            (1, 0, 0),
            (1, 0, 0),
            (1, 0, 0),
            (1, 0, 0),
            (1, 0, 0),
            (1, 0, 0),
            (1, 0, 0),
            (1, 0, 0),
            (1, 0, 0),
            (1, 0, 0),
            (1, 0, 0),
            (1, 0, 0),
            (1, 0, 0),
            (1, 0, 0),
            (1, 0, 0),
            (1, 0, 0),
            (1, 0, 0),
            (1, 0, 0),
            (1, 0, 0),
            (1, 0, 0),
            (1, 0, 0),
            (1, 0, 0),
            (1, 0, 0),
            (1, 0, 0),
            (1, 0, 0),
            (1, 0, 0),
            (1, 0, 0),
            (1, 0, 0),
            (1, 0, 0),
            (1, 0, 0),
            (1, 0, 0),
            (1, 0, 0),
            (1, 0, 0),
            (1, 0, 0),
            (1, 0, 0),
            (1, 0, 0),
            (1, 0, 0),
            (1, 0, 0),
            (1, 0, 0),
            (1, 0, 0),
            (1, 0, 0),
            (1, 0, 0),
            (1, 0, 0),
            (1, 0, 0),
            (1, 0, 0),
            (1, 0, 0),
            (1, 0, 0),
            (1, 0, 0),
            (1, 0, 0),
            (1, 0, 0),
            (1, 0, 0),
            (1, 0, 0),
            (1, 0, 0),
            (1, 0, 0),
            (1, 0, 0),
            (1, 0, 0),
            (1, 0, 0),
            (1, 0, 0),
            (1, 0, 0),
            (1, 0, 0),
            (1, 0, 0),
            (1, 0, 0),
            (1, 0, 0),
            (1, 0, 0),
            (1, 0, 0),
            (1, 0, 0),
            (1, 0, 0),
            (1, 0, 0),
            (1, 0, 0),
            (1, 0, 0),
            (1, 0, 0),
            (1, 0, 0),
            (1, 0, 0),
            (1, 0, 0),
            (1, 0, 0),
            (1, 0, 0),
            (1, 0, 0),
            (1, 0, 0),
            (1, 0, 0),
            (1, 0, 0),
            (1, 0, 0),
            (1, 0, 0),
            (1, 0, 0),
            (1, 0, 0),
            (1, 0, 0),
            (1, 0, 0),
            (1, 0, 0),
            (1, 0, 0),
            (1, 0, 0),
            (1, 0, 0),
            (1, 0, 0),
            (1, 0, 0),
            (1, 0, 0),
            (1, 0, 0),
            (1, 0, 0),
            (1, 0, 0),
            (1, 0, 0),
            (1, 0, 0),
            (1, 0, 0),
            (1, 0, 0),
            (1, 0, 0),
            (1, 0, 0),
            (1, 0, 0),
            (1, 0, 0),
            (1, 0, 0),
            (1, 0, 0),
            (1, 0, 0),
            (1, 0, 0),
            (1, 0, 0),
            (1, 0, 0),
            (1, 0, 0),
            (1, 0, 0),
            (1, 0, 0),
            (1, 0, 0),
            (1, 0, 0),
            (1, 0, 0),
            (1, 0, 0),
            (1, 0, 0),
            (1, 0, 0),
            (1, 0, 0),
            (1, 0, 0),
            (1, 0, 0),
            (1, 0, 0),
            (1, 0, 0),
            (1, 0, 0),
            (1, 0, 0),
            (1, 0, 0),
            (1, 0, 0),
            (1, 0, 0),
            (1, 0, 0),
            (1, 0, 0),
            (1, 0, 0),
            (1, 0, 0),
            (1, 0, 0),
            (1, 0, 0),
            (1, 0, 0),
            (1, 0, 0),
            (1, 0, 0),
            (1, 0, 0),
            (1, 0, 0),
            (1, 0, 0),
            (1, 0, 0),
            (1, 0, 0),
            (1, 0, 0),
            (1, 0, 0),
            (1, 0, 0),
            (1, 0, 0),
            (1, 0, 0),
            (1, 0, 0),
            (1, 0, 0),
            (1, 0, 0),
            (1, 0, 0),
            (1, 0, 0),
            (1, 0, 0),
            (1, 0, 0),
            (1, 0, 0),
            (1, 0, 0),
            (1, 0, 0),
            (1, 0, 0),
            (1, 0, 0),
            (1, 0, 0),
            (1, 0, 0),
            (1, 0, 0),
            (1, 0, 0),
            (1, 0, 0),
            (1, 0, 0),
            (1, 0, 0),
            (1, 0, 0),
            (1, 0, 0),
            (1, 0, 0),
            (1, 0, 0),
            (1, 0, 0),
            (1, 0, 0),
            (1, 0, 0),
            (1, 0, 0),
            (1, 0, 0),
            (1, 0, 0),
            (1, 0, 0),
            (1, 0, 0),
            (1, 0, 0),
            (1, 0, 0),
            (1, 0, 0),
            (1, 0, 0),
            (1, 0, 0),
            (1, 0, 0),
            (1, 0, 0),
            (1, 0, 0),
            (1, 0, 0),
            (1, 0, 0),
            (1, 0, 0),
            (1, 0, 0),
            (1, 0, 0),
            (1, 0, 0),
            (1, 0, 0),
            (1, 0, 0),
            (1, 0, 0),
            (1, 0, 0),
            (1, 0, 0),
            (1, 0, 0),
            (1, 0, 0),
            (1, 0, 0),
            (1, 0, 0),
            (1, 0, 0),
            (1, 0, 0),
            (1, 0, 0),
            (1, 0, 0),
            (1, 0, 0),
            (1, 0, 0),
            (1, 0, 0),
            (1, 0, 0),
            (1, 0, 0),
            (1, 0, 0),
            (1, 0, 0),
            (1, 0, 0),
            (1, 0, 0),
            (1, 0, 0),
            (1, 0, 0),
            (1, 0, 0),
            (1, 0, 0),
            (1, 0, 0),
            (1, 0, 0),
            (1, 0, 0),
            (1, 0, 0),
            (1, 0, 0),
            (1, 0, 0),
            (1, 0, 0),
            (1, 0, 0),
            (1, 0, 0),
            (1, 0, 0),
            (1, 0, 0),
            (1, 0, 0),
            (1, 0, 0),
            (1, 0, 0),
            (1, 0, 0),
            (1, 0, 0),
            (1, 0, 0),
            (1, 0, 0),
            (1, 0, 0),
            (1, 0, 0),
            (1, 0, 0),
            (1, 0, 0),
            (1, 0, 0),
            (1, 0, 0),
            (1, 0, 0),
            (1, 0, 0),
            (1, 0, 0),
            (1, 0, 0),
            (1, 0, 0),
            (1, 0, 0),
            (1, 0, 0),
            (1, 0, 0),
            (1, 0, 0),
            (1, 0, 0),
            (1, 0, 0),
            (1, 0, 0),
            (1, 0, 0),
            (1, 0, 0),
            (1, 0, 0),
            (1, 0, 0),
            (1, 0, 0),
            (1, 0, 0),
            (1, 0, 0),
            (1, 0, 0),
            (1, 0, 0),
            (1, 0, 0),
            (1, 0, 0),
            (1, 0, 0),
            (1, 0, 0),
            (1, 0, 0),
            (1, 0, 0),
            (1, 0, 0),
            (1, 0, 0),
            (1, 0, 0),
            (1, 0, 0),
            (1, 0, 0),
            (1, 0, 0),
            (1, 0, 0),
            (1, 0, 0),
            (1, 0, 0),
            (1, 0, 0),
            (1, 0, 0),
            (1, 0, 0),
            (1, 0, 0),
            (1, 0, 0),
            (1, 0, 0),
            (1, 0, 0),
            (1, 0, 0),
            (1, 0, 0),
            (1, 0, 0),
            (1, 0, 0),
            (1, 0, 0),
            (1, 0, 0),
            (1, 0, 0),
            (1, 0, 0),
            (1, 0, 0),
            (1, 0, 0),
            (1, 0, 0),
            (1, 0, 0),
            (1, 0, 0),
            (1, 0, 0),
            (1, 0, 0),
            (1, 0, 0),
            (1, 0, 0),
            (1, 0, 0),
            (1, 0, 0),
            (1, 0, 0),
            (1, 0, 0),
            (1, 0, 0),
            (1, 0, 0),
            (1, 0, 0),
            (1, 0, 0),
            (1, 0, 0),
            (1, 0, 0),
            (1, 0, 0),
            (1, 0, 0),
            (1, 0, 0),
            (1, 0, 0),
            (1, 0, 0),
            (1, 0, 0),
            (1, 0, 0),
            (1, 0, 0),
            (1, 0, 0),
            (1, 0, 0),
            (1, 0, 0),
            (0, 1, 0),
            (0, 1, 0),
            (0, 1, 0),
            (0, 1, 0),
            (0, 1, 0),
            (0, 1, 0),
            (0, 1, 0),
            (0, 1, 0),
            (0, 1, 0),
            (0, 1, 0),
            (0, 1, 0),
            (0, 1, 0),
            (0, 1, 0),
            (0, 1, 0),
            (0, 1, 0),
            (0, 1, 0),
            (0, 1, 0),
            (0, 1, 0),
            (0, 1, 0),
            (0, 1, 0),
            (0, 1, 0),
            (0, 1, 0),
            (0, 1, 0),
            (0, 1, 0),
            (0, 1, 0),
            (0, 1, 0),
            (0, 1, 0),
            (0, 1, 0),
            (0, 1, 0),
            (0, 1, 0),
            (0, 1, 0),
            (0, 1, 0),
            (0, 1, 0),
            (0, 1, 0),
            (0, 1, 0),
            (0, 1, 0),
            (0, 1, 0),
            (0, 1, 0),
            (0, 1, 0),
            (0, 1, 0),
            (0, 1, 0),
            (0, 1, 0),
            (0, 1, 0),
            (0, 1, 0),
            (0, 1, 0),
            (0, 1, 0),
            (0, 1, 0),
            (0, 1, 0),
            (0, 1, 0),
            (0, 1, 0),
            (0, 1, 0),
            (0, 1, 0),
            (0, 1, 0),
            (0, 1, 0),
            (0, 1, 0),
            (0, 1, 0),
            (0, 1, 0),
            (0, 1, 0),
            (0, 1, 0),
            (0, 1, 0),
            (0, 1, 0),
            (0, 1, 0),
            (0, 1, 0),
            (0, 1, 0),
            (0, 1, 0),
            (0, 1, 0),
            (0, 1, 0),
            (0, 1, 0),
            (0, 1, 0),
            (0, 1, 0),
            (0, 1, 0),
            (0, 1, 0),
            (0, 1, 0),
            (0, 1, 0),
            (0, 1, 0),
            (0, 1, 0),
            (0, 1, 0),
            (0, 1, 0),
            (0, 1, 0),
            (0, 1, 0),
            (0, 1, 0),
            (0, 1, 0),
            (0, 1, 0),
            (0, 1, 0),
            (0, 1, 0),
            (0, 1, 0),
            (0, 1, 0),
            (0, 1, 0),
            (0, 1, 0),
            (0, 1, 0),
            (0, 1, 0),
            (0, 1, 0),
            (0, 1, 0),
            (0, 1, 0),
            (0, 1, 0),
            (0, 1, 0),
            (0, 1, 0),
            (0, 1, 0),
            (0, 1, 0),
            (0, 1, 0),
            (0, 1, 0),
            (0, 1, 0),
            (0, 1, 0),
            (0, 1, 0),
            (0, 1, 0),
            (0, 1, 0),
            (0, 1, 0),
            (0, 1, 0),
            (0, 1, 0),
            (0, 1, 0),
            (0, 1, 0),
            (0, 1, 0),
            (0, 1, 0),
            (0, 1, 0),
            (0, 1, 0),
            (0, 1, 0),
            (0, 1, 0),
            (0, 1, 0),
            (0, 1, 0),
            (0, 1, 0),
            (0, 1, 0),
            (0, 1, 0),
            (0, 1, 0),
            (0, 1, 0),
            (0, 1, 0),
            (0, 1, 0),
            (0, 1, 0),
            (0, 1, 0),
            (0, 1, 0),
            (0, 1, 0),
            (0, 1, 0),
            (0, 1, 0),
            (0, 1, 0),
            (0, 1, 0),
            (0, 1, 0),
            (0, 1, 0),
            (0, 1, 0),
            (0, 1, 0),
            (0, 1, 0),
            (0, 1, 0),
            (0, 1, 0),
            (0, 1, 0),
            (0, 1, 0),
            (0, 1, 0),
            (0, 1, 0),
            (0, 1, 0),
            (0, 1, 0),
            (0, 1, 0),
            (0, 1, 0),
            (0, 1, 0),
            (0, 1, 0),
            (0, 1, 0),
            (0, 1, 0),
            (0, 1, 0),
            (0, 1, 0),
            (0, 1, 0),
            (0, 1, 0),
            (0, 1, 0),
            (0, 1, 0),
            (0, 1, 0),
            (0, 1, 0),
            (0, 1, 0),
            (0, 1, 0),
            (0, 1, 0),
            (0, 1, 0),
            (0, 1, 0),
            (0, 1, 0),
            (0, 1, 0),
            (0, 1, 0),
            (0, 1, 0),
            (0, 1, 0),
            (0, 1, 0),
            (0, 1, 0),
            (0, 1, 0),
            (0, 1, 0),
            (0, 1, 0),
            (0, 1, 0),
            (0, 1, 0),
            (0, 1, 0),
            (0, 1, 0),
            (0, 1, 0),
            (0, 1, 0),
            (0, 1, 0),
            (0, 1, 0),
            (0, 1, 0),
            (0, 1, 0),
            (0, 1, 0),
            (0, 1, 0),
            (0, 1, 0),
            (0, 1, 0),
            (0, 1, 0),
            (0, 1, 0),
            (0, 1, 0),
            (0, 1, 0),
            (0, 1, 0),
            (0, 1, 0),
            (0, 1, 0),
            (0, 1, 0),
            (0, 1, 0),
            (0, 1, 0),
            (0, 1, 0),
            (0, 1, 0),
            (0, 1, 0),
            (0, 1, 0),
            (0, 1, 0),
            (0, 1, 0),
            (0, 1, 0),
            (0, 1, 0),
            (0, 1, 0),
            (0, 1, 0),
            (0, 1, 0),
            (0, 1, 0),
            (0, 1, 0),
            (0, 1, 0),
            (0, 1, 0),
            (0, 1, 0),
            (0, 1, 0),
            (0, 1, 0),
            (0, 1, 0),
            (0, 1, 0),
            (0, 1, 0),
            (0, 1, 0),
            (0, 1, 0),
            (0, 1, 0),
            (0, 1, 0),
            (0, 1, 0),
            (0, 1, 0),
            (0, 1, 0),
            (0, 1, 0),
            (0, 1, 0),
            (0, 1, 0),
            (0, 1, 0),
            (0, 1, 0),
            (0, 1, 0),
            (0, 1, 0),
            (0, 1, 0),
            (0, 1, 0),
            (0, 1, 0),
            (0, 1, 0),
            (0, 1, 0),
            (0, 1, 0),
            (0, 1, 0),
            (0, 1, 0),
            (0, 1, 0),
            (0, 1, 0),
            (0, 1, 0),
            (0, 1, 0),
            (0, 1, 0),
            (0, 1, 0),
            (0, 1, 0),
            (0, 1, 0),
            (0, 1, 0),
            (0, 1, 0),
            (0, 1, 0),
            (0, 1, 0),
            (0, 1, 0),
            (0, 1, 0),
            (0, 1, 0),
            (0, 1, 0),
            (0, 1, 0),
            (0, 1, 0),
            (0, 1, 0),
            (0, 1, 0),
            (0, 1, 0),
            (0, 1, 0),
            (0, 1, 0),
            (0, 1, 0),
            (0, 1, 0),
            (0, 1, 0),
            (0, 1, 0),
            (0, 1, 0),
            (0, 1, 0),
            (0, 1, 0),
            (0, 1, 0),
            (0, 1, 0),
            (0, 1, 0),
            (0, 1, 0),
            (0, 1, 0),
            (0, 1, 0),
            (0, 1, 0),
            (0, 1, 0),
            (0, 1, 0),
            (0, 1, 0),
            (0, 1, 0),
            (0, 1, 0),
            (0, 1, 0),
            (0, 1, 0),
            (0, 1, 0),
            (0, 1, 0),
            (0, 1, 0),
            (0, 1, 0),
            (0, 1, 0),
            (0, 1, 0),
            (0, 1, 0),
            (0, 1, 0),
            (0, 1, 0),
            (0, 1, 0),
            (0, 1, 0),
            (0, 1, 0),
            (0, 1, 0),
            (0, 1, 0),
            (0, 1, 0),
            (0, 1, 0),
            (0, 1, 0),
            (0, 1, 0),
            (0, 1, 0),
            (0, 1, 0),
            (0, 1, 0),
            (0, 1, 0),
            (0, 1, 0),
            (0, 1, 0),
            (0, 1, 0),
            (0, 1, 0),
            (0, 1, 0),
            (0, 1, 0),
            (0, 1, 0),
            (0, 1, 0),
            (0, 1, 0),
            (0, 1, 0),
            (0, 1, 0),
            (0, 1, 0),
            (0, 1, 0),
            (0, 1, 0),
            (0, 1, 0)
        ]
        custom int[] drAnmar:nodeSet:anchor_outer = [0, 7, 14, 21, 28, 35, 42, 49, 56, 63, 70, 77, 84, 91, 98, 105, 112, 119, 126, 133, 140, 147, 154, 161, 168, 175, 182, 189, 196, 203, 210, 217, 224, 231, 238, 245, 252, 259, 266, 273, 286, 293, 300, 307, 314, 321, 328, 335, 342, 349, 356, 363, 370, 377, 384, 391, 398, 405, 412, 419, 426, 433, 440, 447, 454, 461, 468, 475, 482, 489, 496, 503, 510, 517, 524, 531, 538, 545, 552, 559]
        custom int[] drAnmar:nodeSet:left_flap = [0, 1, 2, 3, 4, 5, 6, 7, 8, 9, 10, 11, 12, 13, 14, 15, 16, 17, 18, 19, 20, 21, 22, 23, 24, 25, 26, 27, 28, 29, 30, 31, 32, 33, 34, 35, 36, 37, 38, 39, 40, 41, 42, 43, 44, 45, 46, 47, 48, 49, 50, 51, 52, 53, 54, 55, 56, 57, 58, 59, 60, 61, 62, 63, 64, 65, 66, 67, 68, 69, 70, 71, 72, 73, 74, 75, 76, 77, 78, 79, 80, 81, 82, 83, 84, 85, 86, 87, 88, 89, 90, 91, 92, 93, 94, 95, 96, 97, 98, 99, 100, 101, 102, 103, 104, 105, 106, 107, 108, 109, 110, 111, 112, 113, 114, 115, 116, 117, 118, 119, 120, 121, 122, 123, 124, 125, 126, 127, 128, 129, 130, 131, 132, 133, 134, 135, 136, 137, 138, 139, 140, 141, 142, 143, 144, 145, 146, 147, 148, 149, 150, 151, 152, 153, 154, 155, 156, 157, 158, 159, 160, 161, 162, 163, 164, 165, 166, 167, 168, 169, 170, 171, 172, 173, 174, 175, 176, 177, 178, 179, 180, 181, 182, 183, 184, 185, 186, 187, 188, 189, 190, 191, 192, 193, 194, 195, 196, 197, 198, 199, 200, 201, 202, 203, 204, 205, 206, 207, 208, 209, 210, 211, 212, 213, 214, 215, 216, 217, 218, 219, 220, 221, 222, 223, 224, 225, 226, 227, 228, 229, 230, 231, 232, 233, 234, 235, 236, 237, 238, 239, 240, 241, 242, 243, 244, 245, 246, 247, 248, 249, 250, 251, 252, 253, 254, 255, 256, 257, 258, 259, 260, 261, 262, 263, 264, 265, 266, 267, 268, 269, 270, 271, 272, 273, 274, 275, 276, 277, 278, 279]
        custom int[] drAnmar:nodeSet:right_flap = [280, 281, 282, 283, 284, 285, 286, 287, 288, 289, 290, 291, 292, 293, 294, 295, 296, 297, 298, 299, 300, 301, 302, 303, 304, 305, 306, 307, 308, 309, 310, 311, 312, 313, 314, 315, 316, 317, 318, 319, 320, 321, 322, 323, 324, 325, 326, 327, 328, 329, 330, 331, 332, 333, 334, 335, 336, 337, 338, 339, 340, 341, 342, 343, 344, 345, 346, 347, 348, 349, 350, 351, 352, 353, 354, 355, 356, 357, 358, 359, 360, 361, 362, 363, 364, 365, 366, 367, 368, 369, 370, 371, 372, 373, 374, 375, 376, 377, 378, 379, 380, 381, 382, 383, 384, 385, 386, 387, 388, 389, 390, 391, 392, 393, 394, 395, 396, 397, 398, 399, 400, 401, 402, 403, 404, 405, 406, 407, 408, 409, 410, 411, 412, 413, 414, 415, 416, 417, 418, 419, 420, 421, 422, 423, 424, 425, 426, 427, 428, 429, 430, 431, 432, 433, 434, 435, 436, 437, 438, 439, 440, 441, 442, 443, 444, 445, 446, 447, 448, 449, 450, 451, 452, 453, 454, 455, 456, 457, 458, 459, 460, 461, 462, 463, 464, 465, 466, 467, 468, 469, 470, 471, 472, 473, 474, 475, 476, 477, 478, 479, 480, 481, 482, 483, 484, 485, 486, 487, 488, 489, 490, 491, 492, 493, 494, 495, 496, 497, 498, 499, 500, 501, 502, 503, 504, 505, 506, 507, 508, 509, 510, 511, 512, 513, 514, 515, 516, 517, 518, 519, 520, 521, 522, 523, 524, 525, 526, 527, 528, 529, 530, 531, 532, 533, 534, 535, 536, 537, 538, 539, 540, 541, 542, 543, 544, 545, 546, 547, 548, 549, 550, 551, 552, 553, 554, 555, 556, 557, 558, 559]
        custom int[] drAnmar:nodeSet:top_surface = [210, 211, 212, 213, 214, 215, 216, 217, 218, 219, 220, 221, 222, 223, 224, 225, 226, 227, 228, 229, 230, 231, 232, 233, 234, 235, 236, 237, 238, 239, 240, 241, 242, 243, 244, 245, 246, 247, 248, 249, 250, 251, 252, 253, 254, 255, 256, 257, 258, 259, 260, 261, 262, 263, 264, 265, 266, 267, 268, 269, 270, 271, 272, 273, 274, 275, 276, 277, 278, 279, 490, 491, 492, 493, 494, 495, 496, 497, 498, 499, 500, 501, 502, 503, 504, 505, 506, 507, 508, 509, 510, 511, 512, 513, 514, 515, 516, 517, 518, 519, 520, 521, 522, 523, 524, 525, 526, 527, 528, 529, 530, 531, 532, 533, 534, 535, 536, 537, 538, 539, 540, 541, 542, 543, 544, 545, 546, 547, 548, 549, 550, 551, 552, 553, 554, 555, 556, 557, 558, 559]
        custom int[] drAnmar:nodeSet:bottom_surface = [0, 1, 2, 3, 4, 5, 6, 7, 8, 9, 10, 11, 12, 13, 14, 15, 16, 17, 18, 19, 20, 21, 22, 23, 24, 25, 26, 27, 28, 29, 30, 31, 32, 33, 34, 35, 36, 37, 38, 39, 40, 41, 42, 43, 44, 45, 46, 47, 48, 49, 50, 51, 52, 53, 54, 55, 56, 57, 58, 59, 60, 61, 62, 63, 64, 65, 66, 67, 68, 69, 280, 281, 282, 283, 284, 285, 286, 287, 288, 289, 290, 291, 292, 293, 294, 295, 296, 297, 298, 299, 300, 301, 302, 303, 304, 305, 306, 307, 308, 309, 310, 311, 312, 313, 314, 315, 316, 317, 318, 319, 320, 321, 322, 323, 324, 325, 326, 327, 328, 329, 330, 331, 332, 333, 334, 335, 336, 337, 338, 339, 340, 341, 342, 343, 344, 345, 346, 347, 348, 349]
        custom int[] drAnmar:nodeSet:wound_edge = [6, 13, 20, 27, 34, 41, 48, 55, 62, 69, 76, 83, 90, 97, 104, 111, 118, 125, 132, 139, 146, 153, 160, 167, 174, 181, 188, 195, 202, 209, 216, 223, 230, 237, 244, 251, 258, 265, 272, 279, 280, 287, 294, 301, 308, 315, 322, 329, 336, 343, 350, 357, 364, 371, 378, 385, 392, 399, 406, 413, 420, 427, 434, 441, 448, 455, 462, 469, 476, 483, 490, 497, 504, 511, 518, 525, 532, 539, 546, 553]
        custom int[] drAnmar:nodeSet:wound_edge_top = [216, 223, 230, 237, 244, 251, 258, 265, 272, 279, 490, 497, 504, 511, 518, 525, 532, 539, 546, 553]
        custom int[] drAnmar:nodeSet:safe_bite_top = [221, 222, 228, 229, 235, 236, 242, 243, 249, 250, 256, 257, 263, 264, 270, 271, 498, 499, 505, 506, 512, 513, 519, 520, 526, 527, 533, 534, 540, 541, 547, 548]
        custom int[] drAnmar:nodeSet:contact_roi_top = [221, 222, 223, 228, 229, 230, 235, 236, 237, 242, 243, 244, 249, 250, 251, 256, 257, 258, 263, 264, 265, 270, 271, 272, 497, 498, 499, 504, 505, 506, 511, 512, 513, 518, 519, 520, 525, 526, 527, 532, 533, 534, 539, 540, 541, 546, 547, 548]
        custom int[] drAnmar:elementSet:layer_fascia = [0, 1, 2, 3, 4, 5, 6, 7, 8, 9, 10, 11, 12, 13, 14, 15, 16, 17, 18, 19, 20, 21, 22, 23, 24, 25, 26, 27, 28, 29, 30, 31, 32, 33, 34, 35, 36, 37, 38, 39, 40, 41, 42, 43, 44, 45, 46, 47, 48, 49, 50, 51, 52, 53, 54, 55, 56, 57, 58, 59, 60, 61, 62, 63, 64, 65, 66, 67, 68, 69, 70, 71, 72, 73, 74, 75, 76, 77, 78, 79, 80, 81, 82, 83, 84, 85, 86, 87, 88, 89, 90, 91, 92, 93, 94, 95, 96, 97, 98, 99, 100, 101, 102, 103, 104, 105, 106, 107, 108, 109, 110, 111, 112, 113, 114, 115, 116, 117, 118, 119, 120, 121, 122, 123, 124, 125, 126, 127, 128, 129, 130, 131, 132, 133, 134, 135, 136, 137, 138, 139, 140, 141, 142, 143, 144, 145, 146, 147, 148, 149, 150, 151, 152, 153, 154, 155, 156, 157, 158, 159, 160, 161, 162, 163, 164, 165, 166, 167, 168, 169, 170, 171, 172, 173, 174, 175, 176, 177, 178, 179, 180, 181, 182, 183, 184, 185, 186, 187, 188, 189, 190, 191, 192, 193, 194, 195, 196, 197, 198, 199, 200, 201, 202, 203, 204, 205, 206, 207, 208, 209, 210, 211, 212, 213, 214, 215, 216, 217, 218, 219, 220, 221, 222, 223, 224, 225, 226, 227, 228, 229, 230, 231, 232, 233, 234, 235, 236, 237, 238, 239, 240, 241, 242, 243, 244, 245, 246, 247, 248, 249, 250, 251, 252, 253, 254, 255, 256, 257, 258, 259, 260, 261, 262, 263, 264, 265, 266, 267, 268, 269, 270, 271, 272, 273, 274, 275, 276, 277, 278, 279, 280, 281, 282, 283, 284, 285, 286, 287, 288, 289, 290, 291, 292, 293, 294, 295, 296, 297, 298, 299, 300, 301, 302, 303, 304, 305, 306, 307, 308, 309, 310, 311, 312, 313, 314, 315, 316, 317, 318, 319, 320, 321, 322, 323, 972, 973, 974, 975, 976, 977, 978, 979, 980, 981, 982, 983, 984, 985, 986, 987, 988, 989, 990, 991, 992, 993, 994, 995, 996, 997, 998, 999, 1000, 1001, 1002, 1003, 1004, 1005, 1006, 1007, 1008, 1009, 1010, 1011, 1012, 1013, 1014, 1015, 1016, 1017, 1018, 1019, 1020, 1021, 1022, 1023, 1024, 1025, 1026, 1027, 1028, 1029, 1030, 1031, 1032, 1033, 1034, 1035, 1036, 1037, 1038, 1039, 1040, 1041, 1042, 1043, 1044, 1045, 1046, 1047, 1048, 1049, 1050, 1051, 1052, 1053, 1054, 1055, 1056, 1057, 1058, 1059, 1060, 1061, 1062, 1063, 1064, 1065, 1066, 1067, 1068, 1069, 1070, 1071, 1072, 1073, 1074, 1075, 1076, 1077, 1078, 1079, 1080, 1081, 1082, 1083, 1084, 1085, 1086, 1087, 1088, 1089, 1090, 1091, 1092, 1093, 1094, 1095, 1096, 1097, 1098, 1099, 1100, 1101, 1102, 1103, 1104, 1105, 1106, 1107, 1108, 1109, 1110, 1111, 1112, 1113, 1114, 1115, 1116, 1117, 1118, 1119, 1120, 1121, 1122, 1123, 1124, 1125, 1126, 1127, 1128, 1129, 1130, 1131, 1132, 1133, 1134, 1135, 1136, 1137, 1138, 1139, 1140, 1141, 1142, 1143, 1144, 1145, 1146, 1147, 1148, 1149, 1150, 1151, 1152, 1153, 1154, 1155, 1156, 1157, 1158, 1159, 1160, 1161, 1162, 1163, 1164, 1165, 1166, 1167, 1168, 1169, 1170, 1171, 1172, 1173, 1174, 1175, 1176, 1177, 1178, 1179, 1180, 1181, 1182, 1183, 1184, 1185, 1186, 1187, 1188, 1189, 1190, 1191, 1192, 1193, 1194, 1195, 1196, 1197, 1198, 1199, 1200, 1201, 1202, 1203, 1204, 1205, 1206, 1207, 1208, 1209, 1210, 1211, 1212, 1213, 1214, 1215, 1216, 1217, 1218, 1219, 1220, 1221, 1222, 1223, 1224, 1225, 1226, 1227, 1228, 1229, 1230, 1231, 1232, 1233, 1234, 1235, 1236, 1237, 1238, 1239, 1240, 1241, 1242, 1243, 1244, 1245, 1246, 1247, 1248, 1249, 1250, 1251, 1252, 1253, 1254, 1255, 1256, 1257, 1258, 1259, 1260, 1261, 1262, 1263, 1264, 1265, 1266, 1267, 1268, 1269, 1270, 1271, 1272, 1273, 1274, 1275, 1276, 1277, 1278, 1279, 1280, 1281, 1282, 1283, 1284, 1285, 1286, 1287, 1288, 1289, 1290, 1291, 1292, 1293, 1294, 1295]
        custom int[] drAnmar:elementSet:layer_bulk = [324, 325, 326, 327, 328, 329, 330, 331, 332, 333, 334, 335, 336, 337, 338, 339, 340, 341, 342, 343, 344, 345, 346, 347, 348, 349, 350, 351, 352, 353, 354, 355, 356, 357, 358, 359, 360, 361, 362, 363, 364, 365, 366, 367, 368, 369, 370, 371, 372, 373, 374, 375, 376, 377, 378, 379, 380, 381, 382, 383, 384, 385, 386, 387, 388, 389, 390, 391, 392, 393, 394, 395, 396, 397, 398, 399, 400, 401, 402, 403, 404, 405, 406, 407, 408, 409, 410, 411, 412, 413, 414, 415, 416, 417, 418, 419, 420, 421, 422, 423, 424, 425, 426, 427, 428, 429, 430, 431, 432, 433, 434, 435, 436, 437, 438, 439, 440, 441, 442, 443, 444, 445, 446, 447, 448, 449, 450, 451, 452, 453, 454, 455, 456, 457, 458, 459, 460, 461, 462, 463, 464, 465, 466, 467, 468, 469, 470, 471, 472, 473, 474, 475, 476, 477, 478, 479, 480, 481, 482, 483, 484, 485, 486, 487, 488, 489, 490, 491, 492, 493, 494, 495, 496, 497, 498, 499, 500, 501, 502, 503, 504, 505, 506, 507, 508, 509, 510, 511, 512, 513, 514, 515, 516, 517, 518, 519, 520, 521, 522, 523, 524, 525, 526, 527, 528, 529, 530, 531, 532, 533, 534, 535, 536, 537, 538, 539, 540, 541, 542, 543, 544, 545, 546, 547, 548, 549, 550, 551, 552, 553, 554, 555, 556, 557, 558, 559, 560, 561, 562, 563, 564, 565, 566, 567, 568, 569, 570, 571, 572, 573, 574, 575, 576, 577, 578, 579, 580, 581, 582, 583, 584, 585, 586, 587, 588, 589, 590, 591, 592, 593, 594, 595, 596, 597, 598, 599, 600, 601, 602, 603, 604, 605, 606, 607, 608, 609, 610, 611, 612, 613, 614, 615, 616, 617, 618, 619, 620, 621, 622, 623, 624, 625, 626, 627, 628, 629, 630, 631, 632, 633, 634, 635, 636, 637, 638, 639, 640, 641, 642, 643, 644, 645, 646, 647, 1296, 1297, 1298, 1299, 1300, 1301, 1302, 1303, 1304, 1305, 1306, 1307, 1308, 1309, 1310, 1311, 1312, 1313, 1314, 1315, 1316, 1317, 1318, 1319, 1320, 1321, 1322, 1323, 1324, 1325, 1326, 1327, 1328, 1329, 1330, 1331, 1332, 1333, 1334, 1335, 1336, 1337, 1338, 1339, 1340, 1341, 1342, 1343, 1344, 1345, 1346, 1347, 1348, 1349, 1350, 1351, 1352, 1353, 1354, 1355, 1356, 1357, 1358, 1359, 1360, 1361, 1362, 1363, 1364, 1365, 1366, 1367, 1368, 1369, 1370, 1371, 1372, 1373, 1374, 1375, 1376, 1377, 1378, 1379, 1380, 1381, 1382, 1383, 1384, 1385, 1386, 1387, 1388, 1389, 1390, 1391, 1392, 1393, 1394, 1395, 1396, 1397, 1398, 1399, 1400, 1401, 1402, 1403, 1404, 1405, 1406, 1407, 1408, 1409, 1410, 1411, 1412, 1413, 1414, 1415, 1416, 1417, 1418, 1419, 1420, 1421, 1422, 1423, 1424, 1425, 1426, 1427, 1428, 1429, 1430, 1431, 1432, 1433, 1434, 1435, 1436, 1437, 1438, 1439, 1440, 1441, 1442, 1443, 1444, 1445, 1446, 1447, 1448, 1449, 1450, 1451, 1452, 1453, 1454, 1455, 1456, 1457, 1458, 1459, 1460, 1461, 1462, 1463, 1464, 1465, 1466, 1467, 1468, 1469, 1470, 1471, 1472, 1473, 1474, 1475, 1476, 1477, 1478, 1479, 1480, 1481, 1482, 1483, 1484, 1485, 1486, 1487, 1488, 1489, 1490, 1491, 1492, 1493, 1494, 1495, 1496, 1497, 1498, 1499, 1500, 1501, 1502, 1503, 1504, 1505, 1506, 1507, 1508, 1509, 1510, 1511, 1512, 1513, 1514, 1515, 1516, 1517, 1518, 1519, 1520, 1521, 1522, 1523, 1524, 1525, 1526, 1527, 1528, 1529, 1530, 1531, 1532, 1533, 1534, 1535, 1536, 1537, 1538, 1539, 1540, 1541, 1542, 1543, 1544, 1545, 1546, 1547, 1548, 1549, 1550, 1551, 1552, 1553, 1554, 1555, 1556, 1557, 1558, 1559, 1560, 1561, 1562, 1563, 1564, 1565, 1566, 1567, 1568, 1569, 1570, 1571, 1572, 1573, 1574, 1575, 1576, 1577, 1578, 1579, 1580, 1581, 1582, 1583, 1584, 1585, 1586, 1587, 1588, 1589, 1590, 1591, 1592, 1593, 1594, 1595, 1596, 1597, 1598, 1599, 1600, 1601, 1602, 1603, 1604, 1605, 1606, 1607, 1608, 1609, 1610, 1611, 1612, 1613, 1614, 1615, 1616, 1617, 1618, 1619]
        custom int[] drAnmar:elementSet:layer_surface = [648, 649, 650, 651, 652, 653, 654, 655, 656, 657, 658, 659, 660, 661, 662, 663, 664, 665, 666, 667, 668, 669, 670, 671, 672, 673, 674, 675, 676, 677, 678, 679, 680, 681, 682, 683, 684, 685, 686, 687, 688, 689, 690, 691, 692, 693, 694, 695, 696, 697, 698, 699, 700, 701, 702, 703, 704, 705, 706, 707, 708, 709, 710, 711, 712, 713, 714, 715, 716, 717, 718, 719, 720, 721, 722, 723, 724, 725, 726, 727, 728, 729, 730, 731, 732, 733, 734, 735, 736, 737, 738, 739, 740, 741, 742, 743, 744, 745, 746, 747, 748, 749, 750, 751, 752, 753, 754, 755, 756, 757, 758, 759, 760, 761, 762, 763, 764, 765, 766, 767, 768, 769, 770, 771, 772, 773, 774, 775, 776, 777, 778, 779, 780, 781, 782, 783, 784, 785, 786, 787, 788, 789, 790, 791, 792, 793, 794, 795, 796, 797, 798, 799, 800, 801, 802, 803, 804, 805, 806, 807, 808, 809, 810, 811, 812, 813, 814, 815, 816, 817, 818, 819, 820, 821, 822, 823, 824, 825, 826, 827, 828, 829, 830, 831, 832, 833, 834, 835, 836, 837, 838, 839, 840, 841, 842, 843, 844, 845, 846, 847, 848, 849, 850, 851, 852, 853, 854, 855, 856, 857, 858, 859, 860, 861, 862, 863, 864, 865, 866, 867, 868, 869, 870, 871, 872, 873, 874, 875, 876, 877, 878, 879, 880, 881, 882, 883, 884, 885, 886, 887, 888, 889, 890, 891, 892, 893, 894, 895, 896, 897, 898, 899, 900, 901, 902, 903, 904, 905, 906, 907, 908, 909, 910, 911, 912, 913, 914, 915, 916, 917, 918, 919, 920, 921, 922, 923, 924, 925, 926, 927, 928, 929, 930, 931, 932, 933, 934, 935, 936, 937, 938, 939, 940, 941, 942, 943, 944, 945, 946, 947, 948, 949, 950, 951, 952, 953, 954, 955, 956, 957, 958, 959, 960, 961, 962, 963, 964, 965, 966, 967, 968, 969, 970, 971, 1620, 1621, 1622, 1623, 1624, 1625, 1626, 1627, 1628, 1629, 1630, 1631, 1632, 1633, 1634, 1635, 1636, 1637, 1638, 1639, 1640, 1641, 1642, 1643, 1644, 1645, 1646, 1647, 1648, 1649, 1650, 1651, 1652, 1653, 1654, 1655, 1656, 1657, 1658, 1659, 1660, 1661, 1662, 1663, 1664, 1665, 1666, 1667, 1668, 1669, 1670, 1671, 1672, 1673, 1674, 1675, 1676, 1677, 1678, 1679, 1680, 1681, 1682, 1683, 1684, 1685, 1686, 1687, 1688, 1689, 1690, 1691, 1692, 1693, 1694, 1695, 1696, 1697, 1698, 1699, 1700, 1701, 1702, 1703, 1704, 1705, 1706, 1707, 1708, 1709, 1710, 1711, 1712, 1713, 1714, 1715, 1716, 1717, 1718, 1719, 1720, 1721, 1722, 1723, 1724, 1725, 1726, 1727, 1728, 1729, 1730, 1731, 1732, 1733, 1734, 1735, 1736, 1737, 1738, 1739, 1740, 1741, 1742, 1743, 1744, 1745, 1746, 1747, 1748, 1749, 1750, 1751, 1752, 1753, 1754, 1755, 1756, 1757, 1758, 1759, 1760, 1761, 1762, 1763, 1764, 1765, 1766, 1767, 1768, 1769, 1770, 1771, 1772, 1773, 1774, 1775, 1776, 1777, 1778, 1779, 1780, 1781, 1782, 1783, 1784, 1785, 1786, 1787, 1788, 1789, 1790, 1791, 1792, 1793, 1794, 1795, 1796, 1797, 1798, 1799, 1800, 1801, 1802, 1803, 1804, 1805, 1806, 1807, 1808, 1809, 1810, 1811, 1812, 1813, 1814, 1815, 1816, 1817, 1818, 1819, 1820, 1821, 1822, 1823, 1824, 1825, 1826, 1827, 1828, 1829, 1830, 1831, 1832, 1833, 1834, 1835, 1836, 1837, 1838, 1839, 1840, 1841, 1842, 1843, 1844, 1845, 1846, 1847, 1848, 1849, 1850, 1851, 1852, 1853, 1854, 1855, 1856, 1857, 1858, 1859, 1860, 1861, 1862, 1863, 1864, 1865, 1866, 1867, 1868, 1869, 1870, 1871, 1872, 1873, 1874, 1875, 1876, 1877, 1878, 1879, 1880, 1881, 1882, 1883, 1884, 1885, 1886, 1887, 1888, 1889, 1890, 1891, 1892, 1893, 1894, 1895, 1896, 1897, 1898, 1899, 1900, 1901, 1902, 1903, 1904, 1905, 1906, 1907, 1908, 1909, 1910, 1911, 1912, 1913, 1914, 1915, 1916, 1917, 1918, 1919, 1920, 1921, 1922, 1923, 1924, 1925, 1926, 1927, 1928, 1929, 1930, 1931, 1932, 1933, 1934, 1935, 1936, 1937, 1938, 1939, 1940, 1941, 1942, 1943]
        custom int[] drAnmar:elementSet:safe_bite_volume = [25, 26, 60, 61, 62, 63, 64, 65, 96, 97, 98, 99, 100, 101, 132, 133, 134, 135, 136, 137, 168, 169, 170, 171, 172, 173, 204, 205, 206, 207, 208, 209, 240, 241, 242, 243, 244, 245, 276, 277, 278, 279, 280, 281, 316, 317, 349, 350, 384, 385, 386, 387, 388, 389, 420, 421, 422, 423, 424, 425, 456, 457, 458, 459, 460, 461, 492, 493, 494, 495, 496, 497, 528, 529, 530, 531, 532, 533, 564, 565, 566, 567, 568, 569, 600, 601, 602, 603, 604, 605, 640, 641, 673, 674, 708, 709, 710, 711, 712, 713, 744, 745, 746, 747, 748, 749, 780, 781, 782, 783, 784, 785, 816, 817, 818, 819, 820, 821, 852, 853, 854, 855, 856, 857, 888, 889, 890, 891, 892, 893, 924, 925, 926, 927, 928, 929, 964, 965, 979, 980, 1014, 1015, 1016, 1017, 1018, 1019, 1050, 1051, 1052, 1053, 1054, 1055, 1086, 1087, 1088, 1089, 1090, 1091, 1122, 1123, 1124, 1125, 1126, 1127, 1158, 1159, 1160, 1161, 1162, 1163, 1194, 1195, 1196, 1197, 1198, 1199, 1230, 1231, 1232, 1233, 1234, 1235, 1270, 1271, 1303, 1304, 1338, 1339, 1340, 1341, 1342, 1343, 1374, 1375, 1376, 1377, 1378, 1379, 1410, 1411, 1412, 1413, 1414, 1415, 1446, 1447, 1448, 1449, 1450, 1451, 1482, 1483, 1484, 1485, 1486, 1487, 1518, 1519, 1520, 1521, 1522, 1523, 1554, 1555, 1556, 1557, 1558, 1559, 1594, 1595, 1627, 1628, 1662, 1663, 1664, 1665, 1666, 1667, 1698, 1699, 1700, 1701, 1702, 1703, 1734, 1735, 1736, 1737, 1738, 1739, 1770, 1771, 1772, 1773, 1774, 1775, 1806, 1807, 1808, 1809, 1810, 1811, 1842, 1843, 1844, 1845, 1846, 1847, 1878, 1879, 1880, 1881, 1882, 1883, 1918, 1919]
        custom int[] drAnmar:elementSet:contact_roi_volume = [25, 26, 31, 32, 54, 59, 60, 61, 62, 63, 64, 65, 66, 67, 68, 69, 70, 71, 90, 95, 96, 97, 98, 99, 100, 101, 102, 103, 104, 105, 106, 107, 126, 131, 132, 133, 134, 135, 136, 137, 138, 139, 140, 141, 142, 143, 162, 167, 168, 169, 170, 171, 172, 173, 174, 175, 176, 177, 178, 179, 198, 203, 204, 205, 206, 207, 208, 209, 210, 211, 212, 213, 214, 215, 234, 239, 240, 241, 242, 243, 244, 245, 246, 247, 248, 249, 250, 251, 270, 275, 276, 277, 278, 279, 280, 281, 282, 283, 284, 285, 286, 287, 311, 316, 317, 322, 323, 349, 350, 355, 356, 378, 383, 384, 385, 386, 387, 388, 389, 390, 391, 392, 393, 394, 395, 414, 419, 420, 421, 422, 423, 424, 425, 426, 427, 428, 429, 430, 431, 450, 455, 456, 457, 458, 459, 460, 461, 462, 463, 464, 465, 466, 467, 486, 491, 492, 493, 494, 495, 496, 497, 498, 499, 500, 501, 502, 503, 522, 527, 528, 529, 530, 531, 532, 533, 534, 535, 536, 537, 538, 539, 558, 563, 564, 565, 566, 567, 568, 569, 570, 571, 572, 573, 574, 575, 594, 599, 600, 601, 602, 603, 604, 605, 606, 607, 608, 609, 610, 611, 635, 640, 641, 646, 647, 673, 674, 679, 680, 702, 707, 708, 709, 710, 711, 712, 713, 714, 715, 716, 717, 718, 719, 738, 743, 744, 745, 746, 747, 748, 749, 750, 751, 752, 753, 754, 755, 774, 779, 780, 781, 782, 783, 784, 785, 786, 787, 788, 789, 790, 791, 810, 815, 816, 817, 818, 819, 820, 821, 822, 823, 824, 825, 826, 827, 846, 851, 852, 853, 854, 855, 856, 857, 858, 859, 860, 861, 862, 863, 882, 887, 888, 889, 890, 891, 892, 893, 894, 895, 896, 897, 898, 899, 918, 923, 924, 925, 926, 927, 928, 929, 930, 931, 932, 933, 934, 935, 959, 964, 965, 970, 971, 973, 974, 979, 980, 986, 1008, 1009, 1010, 1011, 1012, 1013, 1014, 1015, 1016, 1017, 1018, 1019, 1022, 1023, 1044, 1045, 1046, 1047, 1048, 1049, 1050, 1051, 1052, 1053, 1054, 1055, 1058, 1059, 1080, 1081, 1082, 1083, 1084, 1085, 1086, 1087, 1088, 1089, 1090, 1091, 1094, 1095, 1116, 1117, 1118, 1119, 1120, 1121, 1122, 1123, 1124, 1125, 1126, 1127, 1130, 1131, 1152, 1153, 1154, 1155, 1156, 1157, 1158, 1159, 1160, 1161, 1162, 1163, 1166, 1167, 1188, 1189, 1190, 1191, 1192, 1193, 1194, 1195, 1196, 1197, 1198, 1199, 1202, 1203, 1224, 1225, 1226, 1227, 1228, 1229, 1230, 1231, 1232, 1233, 1234, 1235, 1238, 1239, 1264, 1265, 1270, 1271, 1297, 1298, 1303, 1304, 1310, 1332, 1333, 1334, 1335, 1336, 1337, 1338, 1339, 1340, 1341, 1342, 1343, 1346, 1347, 1368, 1369, 1370, 1371, 1372, 1373, 1374, 1375, 1376, 1377, 1378, 1379, 1382, 1383, 1404, 1405, 1406, 1407, 1408, 1409, 1410, 1411, 1412, 1413, 1414, 1415, 1418, 1419, 1440, 1441, 1442, 1443, 1444, 1445, 1446, 1447, 1448, 1449, 1450, 1451, 1454, 1455, 1476, 1477, 1478, 1479, 1480, 1481, 1482, 1483, 1484, 1485, 1486, 1487, 1490, 1491, 1512, 1513, 1514, 1515, 1516, 1517, 1518, 1519, 1520, 1521, 1522, 1523, 1526, 1527, 1548, 1549, 1550, 1551, 1552, 1553, 1554, 1555, 1556, 1557, 1558, 1559, 1562, 1563, 1588, 1589, 1594, 1595, 1621, 1622, 1627, 1628, 1634, 1656, 1657, 1658, 1659, 1660, 1661, 1662, 1663, 1664, 1665, 1666, 1667, 1670, 1671, 1692, 1693, 1694, 1695, 1696, 1697, 1698, 1699, 1700, 1701, 1702, 1703, 1706, 1707, 1728, 1729, 1730, 1731, 1732, 1733, 1734, 1735, 1736, 1737, 1738, 1739, 1742, 1743, 1764, 1765, 1766, 1767, 1768, 1769, 1770, 1771, 1772, 1773, 1774, 1775, 1778, 1779, 1800, 1801, 1802, 1803, 1804, 1805, 1806, 1807, 1808, 1809, 1810, 1811, 1814, 1815, 1836, 1837, 1838, 1839, 1840, 1841, 1842, 1843, 1844, 1845, 1846, 1847, 1850, 1851, 1872, 1873, 1874, 1875, 1876, 1877, 1878, 1879, 1880, 1881, 1882, 1883, 1886, 1887, 1912, 1913, 1918, 1919]
    }

    def Mesh "Visual" (
        prepend apiSchemas = ["MaterialBindingAPI"]
    )
    {
        float3[] extent = [(-0.035, -0.0225, -0.00316457826008), (0.035, 0.0225, 0.00319749076336)]
        int[] faceVertexCounts = [3, 3, 3, 3, 3, 3, 3, 3, 3, 3, 3, 3, 3, 3, 3, 3, 3, 3, 3, 3, 3, 3, 3, 3, 3, 3, 3, 3, 3, 3, 3, 3, 3, 3, 3, 3, 3, 3, 3, 3, 3, 3, 3, 3, 3, 3, 3, 3, 3, 3, 3, 3, 3, 3, 3, 3, 3, 3, 3, 3, 3, 3, 3, 3, 3, 3, 3, 3, 3, 3, 3, 3, 3, 3, 3, 3, 3, 3, 3, 3, 3, 3, 3, 3, 3, 3, 3, 3, 3, 3, 3, 3, 3, 3, 3, 3, 3, 3, 3, 3, 3, 3, 3, 3, 3, 3, 3, 3, 3, 3, 3, 3, 3, 3, 3, 3, 3, 3, 3, 3, 3, 3, 3, 3, 3, 3, 3, 3, 3, 3, 3, 3, 3, 3, 3, 3, 3, 3, 3, 3, 3, 3, 3, 3, 3, 3, 3, 3, 3, 3, 3, 3, 3, 3, 3, 3, 3, 3, 3, 3, 3, 3, 3, 3, 3, 3, 3, 3, 3, 3, 3, 3, 3, 3, 3, 3, 3, 3, 3, 3, 3, 3, 3, 3, 3, 3, 3, 3, 3, 3, 3, 3, 3, 3, 3, 3, 3, 3, 3, 3, 3, 3, 3, 3, 3, 3, 3, 3, 3, 3, 3, 3, 3, 3, 3, 3, 3, 3, 3, 3, 3, 3, 3, 3, 3, 3, 3, 3, 3, 3, 3, 3, 3, 3, 3, 3, 3, 3, 3, 3, 3, 3, 3, 3, 3, 3, 3, 3, 3, 3, 3, 3, 3, 3, 3, 3, 3, 3, 3, 3, 3, 3, 3, 3, 3, 3, 3, 3, 3, 3, 3, 3, 3, 3, 3, 3, 3, 3, 3, 3, 3, 3, 3, 3, 3, 3, 3, 3, 3, 3, 3, 3, 3, 3, 3, 3, 3, 3, 3, 3, 3, 3, 3, 3, 3, 3, 3, 3, 3, 3, 3, 3, 3, 3, 3, 3, 3, 3, 3, 3, 3, 3, 3, 3, 3, 3, 3, 3, 3, 3, 3, 3, 3, 3, 3, 3, 3, 3, 3, 3, 3, 3, 3, 3, 3, 3, 3, 3, 3, 3, 3, 3, 3, 3, 3, 3, 3, 3, 3, 3, 3, 3, 3, 3, 3, 3, 3, 3, 3, 3, 3, 3, 3, 3, 3, 3, 3, 3, 3, 3, 3, 3, 3, 3, 3, 3, 3, 3, 3, 3, 3, 3, 3, 3, 3, 3, 3, 3, 3, 3, 3, 3, 3, 3, 3, 3, 3, 3, 3, 3, 3, 3, 3, 3, 3, 3, 3, 3, 3, 3, 3, 3, 3, 3, 3, 3, 3, 3, 3, 3, 3, 3, 3, 3, 3, 3, 3, 3, 3, 3, 3, 3, 3, 3, 3, 3, 3, 3, 3, 3, 3, 3, 3, 3, 3, 3, 3, 3, 3, 3, 3, 3, 3, 3, 3, 3, 3, 3, 3, 3, 3, 3, 3, 3, 3, 3, 3, 3, 3, 3, 3, 3, 3, 3, 3, 3, 3, 3, 3, 3, 3, 3, 3, 3, 3, 3, 3, 3, 3, 3, 3, 3, 3, 3, 3, 3, 3, 3, 3, 3, 3, 3, 3, 3, 3, 3, 3, 3, 3, 3, 3, 3, 3, 3, 3, 3, 3, 3, 3, 3, 3, 3, 3, 3, 3, 3, 3, 3, 3, 3, 3, 3, 3, 3, 3, 3, 3, 3, 3, 3, 3, 3, 3, 3, 3, 3, 3, 3, 3, 3, 3, 3, 3, 3, 3, 3, 3, 3, 3, 3, 3, 3, 3, 3, 3, 3, 3, 3, 3, 3, 3, 3, 3, 3, 3, 3, 3, 3, 3, 3, 3, 3, 3, 3, 3, 3, 3, 3, 3, 3, 3, 3, 3, 3, 3, 3, 3, 3, 3, 3, 3, 3, 3, 3, 3, 3, 3, 3, 3, 3, 3, 3, 3, 3, 3, 3, 3, 3, 3, 3, 3, 3, 3, 3, 3, 3, 3, 3, 3, 3, 3, 3, 3, 3, 3, 3, 3, 3, 3, 3, 3, 3, 3, 3, 3, 3, 3, 3, 3, 3, 3, 3, 3, 3, 3, 3, 3, 3, 3, 3, 3, 3, 3, 3, 3, 3, 3, 3, 3, 3, 3, 3, 3, 3, 3, 3, 3, 3, 3, 3, 3, 3, 3, 3, 3, 3, 3, 3, 3, 3, 3, 3, 3, 3, 3, 3, 3, 3, 3, 3, 3, 3, 3, 3, 3, 3, 3, 3, 3, 3, 3, 3, 3, 3, 3, 3, 3, 3, 3, 3, 3, 3, 3, 3, 3, 3, 3, 3, 3, 3, 3, 3, 3, 3, 3, 3, 3, 3, 3, 3, 3, 3, 3, 3, 3, 3, 3, 3, 3, 3, 3, 3, 3, 3, 3, 3, 3, 3, 3, 3, 3, 3, 3, 3, 3, 3, 3, 3, 3, 3, 3, 3, 3, 3, 3, 3, 3, 3, 3, 3, 3, 3]
        int[] faceVertexIndices = [0, 8, 1, 0, 1, 71, 0, 7, 8, 0, 77, 7, 0, 71, 70, 0, 70, 77, 1, 9, 2, 1, 2, 72, 1, 8, 9, 1, 72, 71, 2, 10, 3, 2, 3, 73, 2, 9, 10, 2, 73, 72, 3, 11, 4, 3, 4, 74, 3, 10, 11, 3, 74, 73, 4, 12, 5, 4, 5, 75, 4, 11, 12, 4, 75, 74, 5, 13, 6, 5, 6, 76, 5, 12, 13, 5, 76, 75, 6, 13, 83, 76, 6, 83, 7, 15, 8, 7, 14, 15, 7, 84, 14, 7, 77, 84, 8, 16, 9, 8, 15, 16, 9, 17, 10, 9, 16, 17, 10, 18, 11, 10, 17, 18, 11, 19, 12, 11, 18, 19, 12, 20, 13, 12, 19, 20, 13, 20, 90, 83, 13, 90, 14, 22, 15, 14, 21, 22, 14, 91, 21, 14, 84, 91, 15, 23, 16, 15, 22, 23, 16, 24, 17, 16, 23, 24, 17, 25, 18, 17, 24, 25, 18, 26, 19, 18, 25, 26, 19, 27, 20, 19, 26, 27, 20, 27, 97, 90, 20, 97, 21, 29, 22, 21, 28, 29, 21, 98, 28, 21, 91, 98, 22, 30, 23, 22, 29, 30, 23, 31, 24, 23, 30, 31, 24, 32, 25, 24, 31, 32, 25, 33, 26, 25, 32, 33, 26, 34, 27, 26, 33, 34, 27, 34, 104, 97, 27, 104, 28, 36, 29, 28, 35, 36, 28, 105, 35, 28, 98, 105, 29, 37, 30, 29, 36, 37, 30, 38, 31, 30, 37, 38, 31, 39, 32, 31, 38, 39, 32, 40, 33, 32, 39, 40, 33, 41, 34, 33, 40, 41, 34, 41, 111, 104, 34, 111, 35, 43, 36, 35, 42, 43, 35, 112, 42, 35, 105, 112, 36, 44, 37, 36, 43, 44, 37, 45, 38, 37, 44, 45, 38, 46, 39, 38, 45, 46, 39, 47, 40, 39, 46, 47, 40, 48, 41, 40, 47, 48, 41, 48, 118, 111, 41, 118, 42, 50, 43, 42, 49, 50, 42, 119, 49, 42, 112, 119, 43, 51, 44, 43, 50, 51, 44, 52, 45, 44, 51, 52, 45, 53, 46, 45, 52, 53, 46, 54, 47, 46, 53, 54, 47, 55, 48, 47, 54, 55, 48, 55, 125, 118, 48, 125, 49, 57, 50, 49, 56, 57, 49, 126, 56, 49, 119, 126, 50, 58, 51, 50, 57, 58, 51, 59, 52, 51, 58, 59, 52, 60, 53, 52, 59, 60, 53, 61, 54, 53, 60, 61, 54, 62, 55, 54, 61, 62, 55, 62, 132, 125, 55, 132, 56, 64, 57, 56, 63, 64, 56, 133, 63, 56, 126, 133, 57, 65, 58, 57, 64, 65, 58, 66, 59, 58, 65, 66, 59, 67, 60, 59, 66, 67, 60, 68, 61, 60, 67, 68, 61, 69, 62, 61, 68, 69, 62, 69, 139, 132, 62, 139, 64, 63, 134, 63, 133, 134, 65, 64, 135, 64, 134, 135, 66, 65, 136, 65, 135, 136, 67, 66, 137, 66, 136, 137, 68, 67, 138, 67, 137, 138, 69, 68, 139, 68, 138, 139, 70, 71, 141, 70, 147, 77, 70, 141, 140, 70, 140, 147, 71, 72, 142, 71, 142, 141, 72, 73, 143, 72, 143, 142, 73, 74, 144, 73, 144, 143, 74, 75, 145, 74, 145, 144, 75, 76, 146, 75, 146, 145, 76, 83, 153, 146, 76, 153, 77, 154, 84, 77, 147, 154, 83, 90, 160, 153, 83, 160, 84, 161, 91, 84, 154, 161, 90, 97, 167, 160, 90, 167, 91, 168, 98, 91, 161, 168, 97, 104, 174, 167, 97, 174, 98, 175, 105, 98, 168, 175, 104, 111, 181, 174, 104, 181, 105, 182, 112, 105, 175, 182, 111, 118, 188, 181, 111, 188, 112, 189, 119, 112, 182, 189, 118, 125, 195, 188, 118, 195, 119, 196, 126, 119, 189, 196, 125, 132, 202, 195, 125, 202, 126, 203, 133, 126, 196, 203, 132, 139, 209, 202, 132, 209, 134, 133, 204, 133, 203, 204, 135, 134, 205, 134, 204, 205, 136, 135, 206, 135, 205, 206, 137, 136, 207, 136, 206, 207, 138, 137, 208, 137, 207, 208, 139, 138, 209, 138, 208, 209, 140, 141, 211, 140, 217, 147, 140, 211, 210, 140, 210, 217, 141, 142, 212, 141, 212, 211, 142, 143, 213, 142, 213, 212, 143, 144, 214, 143, 214, 213, 144, 145, 215, 144, 215, 214, 145, 146, 216, 145, 216, 215, 146, 153, 223, 216, 146, 223, 147, 224, 154, 147, 217, 224, 153, 160, 230, 223, 153, 230, 154, 231, 161, 154, 224, 231, 160, 167, 237, 230, 160, 237, 161, 238, 168, 161, 231, 238, 167, 174, 244, 237, 167, 244, 168, 245, 175, 168, 238, 245, 174, 181, 251, 244, 174, 251, 175, 252, 182, 175, 245, 252, 181, 188, 258, 251, 181, 258, 182, 259, 189, 182, 252, 259, 188, 195, 265, 258, 188, 265, 189, 266, 196, 189, 259, 266, 195, 202, 272, 265, 195, 272, 196, 273, 203, 196, 266, 273, 202, 209, 279, 272, 202, 279, 204, 203, 274, 203, 273, 274, 205, 204, 275, 204, 274, 275, 206, 205, 276, 205, 275, 276, 207, 206, 277, 206, 276, 277, 208, 207, 278, 207, 277, 278, 209, 208, 279, 208, 278, 279, 210, 211, 218, 217, 210, 218, 211, 212, 219, 218, 211, 219, 212, 213, 220, 219, 212, 220, 213, 214, 221, 220, 213, 221, 214, 215, 222, 221, 214, 222, 215, 216, 223, 222, 215, 223, 217, 218, 225, 224, 217, 225, 218, 219, 226, 225, 218, 226, 219, 220, 227, 226, 219, 227, 220, 221, 228, 227, 220, 228, 221, 222, 229, 228, 221, 229, 222, 223, 230, 229, 222, 230, 224, 225, 232, 231, 224, 232, 225, 226, 233, 232, 225, 233, 226, 227, 234, 233, 226, 234, 227, 228, 235, 234, 227, 235, 228, 229, 236, 235, 228, 236, 229, 230, 237, 236, 229, 237, 231, 232, 239, 238, 231, 239, 232, 233, 240, 239, 232, 240, 233, 234, 241, 240, 233, 241, 234, 235, 242, 241, 234, 242, 235, 236, 243, 242, 235, 243, 236, 237, 244, 243, 236, 244, 238, 239, 246, 245, 238, 246, 239, 240, 247, 246, 239, 247, 240, 241, 248, 247, 240, 248, 241, 242, 249, 248, 241, 249, 242, 243, 250, 249, 242, 250, 243, 244, 251, 250, 243, 251, 245, 246, 253, 252, 245, 253, 246, 247, 254, 253, 246, 254, 247, 248, 255, 254, 247, 255, 248, 249, 256, 255, 248, 256, 249, 250, 257, 256, 249, 257, 250, 251, 258, 257, 250, 258, 252, 253, 260, 259, 252, 260, 253, 254, 261, 260, 253, 261, 254, 255, 262, 261, 254, 262, 255, 256, 263, 262, 255, 263, 256, 257, 264, 263, 256, 264, 257, 258, 265, 264, 257, 265, 259, 260, 267, 266, 259, 267, 260, 261, 268, 267, 260, 268, 261, 262, 269, 268, 261, 269, 262, 263, 270, 269, 262, 270, 263, 264, 271, 270, 263, 271, 264, 265, 272, 271, 264, 272, 266, 267, 274, 273, 266, 274, 267, 268, 275, 274, 267, 275, 268, 269, 276, 275, 268, 276, 269, 270, 277, 276, 269, 277, 270, 271, 278, 277, 270, 278, 271, 272, 279, 278, 271, 279, 280, 288, 281, 280, 281, 351, 280, 287, 288, 280, 357, 287, 280, 351, 350, 280, 350, 357, 281, 289, 282, 281, 282, 352, 281, 288, 289, 281, 352, 351, 282, 290, 283, 282, 283, 353, 282, 289, 290, 282, 353, 352, 283, 291, 284, 283, 284, 354, 283, 290, 291, 283, 354, 353, 284, 292, 285, 284, 285, 355, 284, 291, 292, 284, 355, 354, 285, 293, 286, 285, 286, 356, 285, 292, 293, 285, 356, 355, 286, 293, 363, 356, 286, 363, 287, 295, 288, 287, 294, 295, 287, 364, 294, 287, 357, 364, 288, 296, 289, 288, 295, 296, 289, 297, 290, 289, 296, 297, 290, 298, 291, 290, 297, 298, 291, 299, 292, 291, 298, 299, 292, 300, 293, 292, 299, 300, 293, 300, 370, 363, 293, 370, 294, 302, 295, 294, 301, 302, 294, 371, 301, 294, 364, 371, 295, 303, 296, 295, 302, 303, 296, 304, 297, 296, 303, 304, 297, 305, 298, 297, 304, 305, 298, 306, 299, 298, 305, 306, 299, 307, 300, 299, 306, 307, 300, 307, 377, 370, 300, 377, 301, 309, 302, 301, 308, 309, 301, 378, 308, 301, 371, 378, 302, 310, 303, 302, 309, 310, 303, 311, 304, 303, 310, 311, 304, 312, 305, 304, 311, 312, 305, 313, 306, 305, 312, 313, 306, 314, 307, 306, 313, 314, 307, 314, 384, 377, 307, 384, 308, 316, 309, 308, 315, 316, 308, 385, 315, 308, 378, 385, 309, 317, 310, 309, 316, 317, 310, 318, 311, 310, 317, 318, 311, 319, 312, 311, 318, 319, 312, 320, 313, 312, 319, 320, 313, 321, 314, 313, 320, 321, 314, 321, 391, 384, 314, 391, 315, 323, 316, 315, 322, 323, 315, 392, 322, 315, 385, 392, 316, 324, 317, 316, 323, 324, 317, 325, 318, 317, 324, 325, 318, 326, 319, 318, 325, 326, 319, 327, 320, 319, 326, 327, 320, 328, 321, 320, 327, 328, 321, 328, 398, 391, 321, 398, 322, 330, 323, 322, 329, 330, 322, 399, 329, 322, 392, 399, 323, 331, 324, 323, 330, 331, 324, 332, 325, 324, 331, 332, 325, 333, 326, 325, 332, 333, 326, 334, 327, 326, 333, 334, 327, 335, 328, 327, 334, 335, 328, 335, 405, 398, 328, 405, 329, 337, 330, 329, 336, 337, 329, 406, 336, 329, 399, 406, 330, 338, 331, 330, 337, 338, 331, 339, 332, 331, 338, 339, 332, 340, 333, 332, 339, 340, 333, 341, 334, 333, 340, 341, 334, 342, 335, 334, 341, 342, 335, 342, 412, 405, 335, 412, 336, 344, 337, 336, 343, 344, 336, 413, 343, 336, 406, 413, 337, 345, 338, 337, 344, 345, 338, 346, 339, 338, 345, 346, 339, 347, 340, 339, 346, 347, 340, 348, 341, 340, 347, 348, 341, 349, 342, 341, 348, 349, 342, 349, 419, 412, 342, 419, 344, 343, 414, 343, 413, 414, 345, 344, 415, 344, 414, 415, 346, 345, 416, 345, 415, 416, 347, 346, 417, 346, 416, 417, 348, 347, 418, 347, 417, 418, 349, 348, 419, 348, 418, 419, 350, 351, 421, 350, 427, 357, 350, 421, 420, 350, 420, 427, 351, 352, 422, 351, 422, 421, 352, 353, 423, 352, 423, 422, 353, 354, 424, 353, 424, 423, 354, 355, 425, 354, 425, 424, 355, 356, 426, 355, 426, 425, 356, 363, 433, 426, 356, 433, 357, 434, 364, 357, 427, 434, 363, 370, 440, 433, 363, 440, 364, 441, 371, 364, 434, 441, 370, 377, 447, 440, 370, 447, 371, 448, 378, 371, 441, 448, 377, 384, 454, 447, 377, 454, 378, 455, 385, 378, 448, 455, 384, 391, 461, 454, 384, 461, 385, 462, 392, 385, 455, 462, 391, 398, 468, 461, 391, 468, 392, 469, 399, 392, 462, 469, 398, 405, 475, 468, 398, 475, 399, 476, 406, 399, 469, 476, 405, 412, 482, 475, 405, 482, 406, 483, 413, 406, 476, 483, 412, 419, 489, 482, 412, 489, 414, 413, 484, 413, 483, 484, 415, 414, 485, 414, 484, 485, 416, 415, 486, 415, 485, 486, 417, 416, 487, 416, 486, 487, 418, 417, 488, 417, 487, 488, 419, 418, 489, 418, 488, 489, 420, 421, 491, 420, 497, 427, 420, 491, 490, 420, 490, 497, 421, 422, 492, 421, 492, 491, 422, 423, 493, 422, 493, 492, 423, 424, 494, 423, 494, 493, 424, 425, 495, 424, 495, 494, 425, 426, 496, 425, 496, 495, 426, 433, 503, 496, 426, 503, 427, 504, 434, 427, 497, 504, 433, 440, 510, 503, 433, 510, 434, 511, 441, 434, 504, 511, 440, 447, 517, 510, 440, 517, 441, 518, 448, 441, 511, 518, 447, 454, 524, 517, 447, 524, 448, 525, 455, 448, 518, 525, 454, 461, 531, 524, 454, 531, 455, 532, 462, 455, 525, 532, 461, 468, 538, 531, 461, 538, 462, 539, 469, 462, 532, 539, 468, 475, 545, 538, 468, 545, 469, 546, 476, 469, 539, 546, 475, 482, 552, 545, 475, 552, 476, 553, 483, 476, 546, 553, 482, 489, 559, 552, 482, 559, 484, 483, 554, 483, 553, 554, 485, 484, 555, 484, 554, 555, 486, 485, 556, 485, 555, 556, 487, 486, 557, 486, 556, 557, 488, 487, 558, 487, 557, 558, 489, 488, 559, 488, 558, 559, 490, 491, 498, 497, 490, 498, 491, 492, 499, 498, 491, 499, 492, 493, 500, 499, 492, 500, 493, 494, 501, 500, 493, 501, 494, 495, 502, 501, 494, 502, 495, 496, 503, 502, 495, 503, 497, 498, 505, 504, 497, 505, 498, 499, 506, 505, 498, 506, 499, 500, 507, 506, 499, 507, 500, 501, 508, 507, 500, 508, 501, 502, 509, 508, 501, 509, 502, 503, 510, 509, 502, 510, 504, 505, 512, 511, 504, 512, 505, 506, 513, 512, 505, 513, 506, 507, 514, 513, 506, 514, 507, 508, 515, 514, 507, 515, 508, 509, 516, 515, 508, 516, 509, 510, 517, 516, 509, 517, 511, 512, 519, 518, 511, 519, 512, 513, 520, 519, 512, 520, 513, 514, 521, 520, 513, 521, 514, 515, 522, 521, 514, 522, 515, 516, 523, 522, 515, 523, 516, 517, 524, 523, 516, 524, 518, 519, 526, 525, 518, 526, 519, 520, 527, 526, 519, 527, 520, 521, 528, 527, 520, 528, 521, 522, 529, 528, 521, 529, 522, 523, 530, 529, 522, 530, 523, 524, 531, 530, 523, 531, 525, 526, 533, 532, 525, 533, 526, 527, 534, 533, 526, 534, 527, 528, 535, 534, 527, 535, 528, 529, 536, 535, 528, 536, 529, 530, 537, 536, 529, 537, 530, 531, 538, 537, 530, 538, 532, 533, 540, 539, 532, 540, 533, 534, 541, 540, 533, 541, 534, 535, 542, 541, 534, 542, 535, 536, 543, 542, 535, 543, 536, 537, 544, 543, 536, 544, 537, 538, 545, 544, 537, 545, 539, 540, 547, 546, 539, 547, 540, 541, 548, 547, 540, 548, 541, 542, 549, 548, 541, 549, 542, 543, 550, 549, 542, 550, 543, 544, 551, 550, 543, 551, 544, 545, 552, 551, 544, 552, 546, 547, 554, 553, 546, 554, 547, 548, 555, 554, 547, 555, 548, 549, 556, 555, 548, 556, 549, 550, 557, 556, 549, 557, 550, 551, 558, 557, 550, 558, 551, 552, 559, 558, 551, 559]
        point3f[] points = [
            (-0.035, -0.0225, -0.003),
            (-0.0290526060463, -0.0225, -0.00299968206053),
            (-0.0232237283017, -0.0225, -0.00299695379848),
            (-0.0175402070969, -0.0225, -0.00299958714662),
            (-0.012046382091, -0.0225, -0.00300740143138),
            (-0.00683196570478, -0.0225, -0.00301146821631),
            (-0.00227210351472, -0.0225, -0.00300404230888),
            (-0.035, -0.0175, -0.003),
            (-0.0289759727302, -0.0175, -0.00296626336135),
            (-0.0230719887736, -0.0175, -0.00294966804953),
            (-0.0173152343038, -0.0175, -0.00294374673559),
            (-0.011750620305, -0.0175, -0.00293033018019),
            (-0.00646901515971, -0.0175, -0.00289713653593),
            (-0.00185039826743, -0.0175, -0.00285245896427),
            (-0.035, -0.0125, -0.003),
            (-0.0289691975544, -0.0125, -0.00299344629288),
            (-0.0230585734337, -0.0125, -0.00300873106235),
            (-0.0172953443878, -0.0125, -0.00302433056701),
            (-0.0117244719116, -0.0125, -0.00301474383365),
            (-0.00643692658686, -0.0125, -0.00297428015388),
            (-0.00181311517271, -0.0125, -0.00292414180586),
            (-0.035, -0.0075, -0.003),
            (-0.0290347936205, -0.0075, -0.0030123669491),
            (-0.0231884584057, -0.0075, -0.00303826010578),
            (-0.0174879150732, -0.0075, -0.00305510628986),
            (-0.0119776360791, -0.0075, -0.0030471510329),
            (-0.00674760253252, -0.0075, -0.00301945474028),
            (-0.00217408356985, -0.0075, -0.00299256820253),
            (-0.035, -0.0025, -0.003),
            (-0.0290412062674, -0.0025, -0.00301829076196),
            (-0.0232011559121, -0.0025, -0.00303570716445),
            (-0.0175067407115, -0.0025, -0.00304419845229),
            (-0.0120023853135, -0.0025, -0.00304608697167),
            (-0.00677797409691, -0.0025, -0.00305020818399),
            (-0.0022093717055, -0.0025, -0.00306056744234),
            (-0.035, 0.0025, -0.003),
            (-0.0289554430748, 0.0025, -0.00297384213827),
            (-0.023031338566, 0.0025, -0.00293935748884),
            (-0.0172549652964, 0.0025, -0.00291154912098),
            (-0.0116713873052, 0.0025, -0.00290774872428),
            (-0.00637178265093, 0.0025, -0.00293084347779),
            (-0.00173742568832, 0.0025, -0.00296356866233),
            (-0.035, 0.0075, -0.003),
            (-0.0290002730842, 0.0075, -0.00299710080212),
            (-0.0231201052383, 0.0075, -0.00298368028941),
            (-0.0173865729695, 0.0075, -0.00298527067923),
            (-0.0118444060951, 0.0075, -0.00301698371744),
            (-0.00658410644354, 0.0075, -0.00306759675296),
            (-0.00198412061326, 0.0075, -0.00310658060901),
            (-0.035, 0.0125, -0.003),
            (-0.0290302703169, 0.0125, -0.00300046061358),
            (-0.0231795019363, 0.0125, -0.00299736524219),
            (-0.0174746359892, 0.0125, -0.00301187304022),
            (-0.0119601786544, 0.0125, -0.00304767148842),
            (-0.00672617927194, 0.0125, -0.00308702717239),
            (-0.00214919229603, 0.0125, -0.00310620216366),
            (-0.035, 0.0175, -0.003),
            (-0.0289879668451, 0.0175, -0.00302226556855),
            (-0.0230957379916, 0.0175, -0.00304653686087),
            (-0.0173504454844, 0.0175, -0.00307561061957),
            (-0.0117969108875, 0.0175, -0.00310122410264),
            (-0.00652582166058, 0.0175, -0.00311270686478),
            (-0.00191640064659, 0.0175, -0.00310825940529),
            (-0.035, 0.0225, -0.003),
            (-0.0289906855279, 0.0225, -0.00297117856275),
            (-0.023101121181, 0.0225, -0.0029479679777),
            (-0.0173584267347, 0.0225, -0.00291860154884),
            (-0.0118074034844, 0.0225, -0.00287648219606),
            (-0.00653869788045, 0.0225, -0.00283159669309),
            (-0.00193136127845, 0.0225, -0.00280659352849),
            (-0.035, -0.0225, -0.00192),
            (-0.0290853160896, -0.0225, -0.0019145380881),
            (-0.0232884965616, -0.0225, -0.001908512952),
            (-0.0176362341277, -0.0225, -0.00191210374212),
            (-0.0121726245834, -0.0225, -0.00192466705327),
            (-0.00698688694072, -0.0225, -0.00193419930297),
            (-0.00245210351472, -0.0225, -0.00192934384511),
            (-0.035, -0.0175, -0.00192),
            (-0.0290086827735, -0.0175, -0.00188571522469),
            (-0.0231367570335, -0.0175, -0.00186787171064),
            (-0.0174112613346, -0.0175, -0.00186323850498),
            (-0.0118768627974, -0.0175, -0.00185510201399),
            (-0.00662393639565, -0.0175, -0.00182963515552),
            (-0.00203039826743, -0.0175, -0.00179145926568),
            (-0.035, -0.0125, -0.00192),
            (-0.0290019075977, -0.0125, -0.00191695892522),
            (-0.0231233416936, -0.0125, -0.00193281524349),
            (-0.0173913714186, -0.0125, -0.00194897388117),
            (-0.011850714404, -0.0125, -0.00194281565327),
            (-0.0065918478228, -0.0125, -0.00190923041348),
            (-0.00199311517271, -0.0125, -0.00186705041432),
            (-0.035, -0.0075, -0.00192),
            (-0.0290675036638, -0.0075, -0.00193708665126),
            (-0.0232532266657, -0.0075, -0.00196369992402),
            (-0.017583942104, -0.0075, -0.00197891619776),
            (-0.0121038785715, -0.0075, -0.00197032060176),
            (-0.00690252376846, -0.0075, -0.00194553324007),
            (-0.00235408356985, -0.0075, -0.00192494469375),
            (-0.035, -0.0025, -0.00192),
            (-0.0290739163107, -0.0025, -0.00194115912172),
            (-0.023265924172, -0.0025, -0.0019579392835),
            (-0.0176027677423, -0.0025, -0.00196214153195),
            (-0.0121286278059, -0.0025, -0.00195873695256),
            (-0.00693289533285, -0.0025, -0.00196021948579),
            (-0.0023893717055, -0.0025, -0.00197273772871),
            (-0.035, 0.0025, -0.00192),
            (-0.0289881531182, 0.0025, -0.00189362334334),
            (-0.0230961068259, 0.0025, -0.00185720468405),
            (-0.0173509923272, 0.0025, -0.00182386719692),
            (-0.0117976297976, 0.0025, -0.0018119419694),
            (-0.00652670388686, 0.0025, -0.00182774331439),
            (-0.00191742568832, 0.0025, -0.00185767431812),
            (-0.035, 0.0075, -0.00192),
            (-0.0290329831275, 0.0075, -0.00191496102353),
            (-0.0231848734982, 0.0075, -0.0019000281547),
            (-0.0174826000002, 0.0075, -0.0018977405414),
            (-0.0119706485875, 0.0075, -0.00192213526538),
            (-0.00673902767948, 0.0075, -0.0019638866772),
            (-0.00216412061326, 0.0075, -0.00199628804258),
            (-0.035, 0.0125, -0.00192),
            (-0.0290629803602, 0.0125, -0.00191880064889),
            (-0.0232442701962, 0.0125, -0.00191667563624),
            (-0.01757066302, 0.0125, -0.00193166970186),
            (-0.0120864211468, 0.0125, -0.00196462636878),
            (-0.00688110050788, 0.0125, -0.00199741762463),
            (-0.00232919229603, 0.0125, -0.00200884214716),
            (-0.035, 0.0175, -0.00192),
            (-0.0290206768884, 0.0175, -0.00194273901741),
            (-0.0231605062515, 0.0175, -0.00197108372733),
            (-0.0174464725151, 0.0175, -0.00200566762664),
            (-0.0119231533799, 0.0175, -0.0020345977165),
            (-0.00668074289651, 0.0175, -0.00204461787135),
            (-0.00209640064659, 0.0175, -0.00203422416933),
            (-0.035, 0.0225, -0.00192),
            (-0.0290233955712, 0.0225, -0.00189337323896),
            (-0.0231658894409, 0.0225, -0.00187562668912),
            (-0.0174544537654, 0.0225, -0.00185458787874),
            (-0.0119336459769, 0.0225, -0.00182058382919),
            (-0.00669361911639, 0.0225, -0.00177978016373),
            (-0.00211136127845, 0.0225, -0.00175277811401),
            (-0.035, -0.0225, 0.00192),
            (-0.0292016184659, -0.0225, 0.00194375159166),
            (-0.0235187837079, -0.0225, 0.00196149894659),
            (-0.0179776635704, -0.0225, 0.00195450391835),
            (-0.0126214867786, -0.0225, 0.00192505518002),
            (-0.00753771800183, -0.0225, 0.00189609016666),
            (-0.00309210351472, -0.0225, 0.00189180624832),
            (-0.035, -0.0175, 0.00192),
            (-0.0291249851497, -0.0175, 0.00195623370565),
            (-0.0233670441798, -0.0175, 0.0019785152721),
            (-0.0177526907773, -0.0175, 0.00197856853716),
            (-0.0123257249926, -0.0175, 0.00196793146582),
            (-0.00717476745676, -0.0175, 0.00196592530817),
            (-0.00267039826743, -0.0175, 0.00198098410711),
            (-0.035, -0.0125, 0.00192),
            (-0.0291182099739, -0.0125, 0.00191055171535),
            (-0.02335362884, -0.0125, 0.00189266322358),
            (-0.0177328008613, -0.0125, 0.00187451655736),
            (-0.0122995765993, -0.0125, 0.00186848454362),
            (-0.00714267888391, -0.0125, 0.00187761310796),
            (-0.00263311517271, -0.0125, 0.00189149675559),
            (-0.035, -0.0075, 0.00192),
            (-0.0291838060401, -0.0075, 0.00188613218549),
            (-0.023483513812, -0.0075, 0.00185695850005),
            (-0.0179253715467, -0.0075, 0.00184753746305),
            (-0.0125527407667, -0.0075, 0.00185840982007),
            (-0.00745335482957, -0.0075, 0.00187285431626),
            (-0.00299408356985, -0.0075, 0.00187105000415),
            (-0.035, -0.0025, 0.00192),
            (-0.029190218687, -0.0025, 0.0018886422658),
            (-0.0234962113183, -0.0025, 0.0018741242932),
            (-0.017944197185, -0.0025, 0.0018851719626),
            (-0.0125774900011, -0.0025, 0.00190739644875),
            (-0.00748372639396, -0.0025, 0.00191529588558),
            (-0.0030293717055, -0.0025, 0.00189510125308),
            (-0.035, 0.0025, 0.00192),
            (-0.0291044554944, 0.0025, 0.00194715459415),
            (-0.0233263939722, 0.0025, 0.00199044973298),
            (-0.0176924217699, 0.0025, 0.00204344631084),
            (-0.0122464919928, 0.0025, 0.0020842598257),
            (-0.00707753494798, 0.0025, 0.00209439059995),
            (-0.00255742568832, 0.0025, 0.00207439446132),
            (-0.035, 0.0075, 0.00192),
            (-0.0291492855037, 0.0075, 0.00193264707814),
            (-0.0234151606445, 0.0075, 0.00195295721317),
            (-0.0178240294429, 0.0075, 0.001969033282),
            (-0.0124195107828, 0.0075, 0.0019706592308),
            (-0.00728985874059, 0.0075, 0.00196041581438),
            (-0.00280412061326, 0.0075, 0.00195141886028),
            (-0.035, 0.0125, 0.00192),
            (-0.0291792827365, 0.0125, 0.00192710144781),
            (-0.0234745573426, 0.0125, 0.00192577629602),
            (-0.0179120924627, 0.0125, 0.00190905327897),
            (-0.012535283342, 0.0125, 0.00188620072327),
            (-0.00743193156899, 0.0125, 0.0018767496563),
            (-0.00296919229603, 0.0125, 0.00189288235594),
            (-0.035, 0.0175, 0.00192),
            (-0.0291369792646, 0.0175, 0.00189557760888),
            (-0.0233907933978, 0.0175, 0.00185274963634),
            (-0.0177879019578, 0.0175, 0.001798574126),
            (-0.0123720155751, 0.0175, 0.00175785165641),
            (-0.00723157395763, 0.0175, 0.00175303188306),
            (-0.00273640064659, 0.0175, 0.00178456778076),
            (-0.035, 0.0225, 0.00192),
            (-0.0291396979475, 0.0225, 0.00193882346786),
            (-0.0233961765872, 0.0225, 0.00193714233692),
            (-0.0177958832081, 0.0225, 0.00192857183718),
            (-0.0123825081721, 0.0225, 0.00193372147524),
            (-0.0072444501775, 0.0225, 0.00196001194065),
            (-0.00275136127845, 0.0225, 0.0019941211375),
            (-0.035, -0.0225, 0.003),
            (-0.0292343285092, -0.0225, 0.00302889556409),
            (-0.0235835519678, -0.0225, 0.00304993979307),
            (-0.0180736906011, -0.0225, 0.00304198732286),
            (-0.012747729271, -0.0225, 0.00300778955813),
            (-0.00769263923777, -0.0225, 0.00297335907999),
            (-0.00327210351472, -0.0225, 0.0029665047121),
            (-0.035, -0.0175, 0.003),
            (-0.029157695193, -0.0175, 0.0030367818423),
            (-0.0234318124397, -0.0175, 0.00306031161099),
            (-0.0178487178081, -0.0175, 0.00305907676776),
            (-0.012451967485, -0.0175, 0.00304315963202),
            (-0.0073296886927, -0.0175, 0.00303342668858),
            (-0.00285039826743, -0.0175, 0.00304198380571),
            (-0.035, -0.0125, 0.003),
            (-0.0291509200172, -0.0125, 0.00298703908301),
            (-0.0234183970999, -0.0125, 0.00296857904244),
            (-0.017828827892, -0.0125, 0.0029498732432),
            (-0.0124258190917, -0.0125, 0.00294041272399),
            (-0.00729760011985, -0.0125, 0.00294266284837),
            (-0.00281311517271, -0.0125, 0.00294858814712),
            (-0.035, -0.0075, 0.003),
            (-0.0292165160834, -0.0075, 0.00296141248332),
            (-0.0235482820719, -0.0075, 0.00293151868181),
            (-0.0180213985775, -0.0075, 0.00292372755515),
            (-0.0126789832591, -0.0075, 0.00293524025121),
            (-0.00760827606551, -0.0075, 0.00294677581648),
            (-0.00317408356985, -0.0075, 0.00293867351293),
            (-0.035, -0.0025, 0.003),
            (-0.0292229287303, -0.0025, 0.00296577390604),
            (-0.0235609795782, -0.0025, 0.00295189217414),
            (-0.0180402242157, -0.0025, 0.00296722888294),
            (-0.0127037324935, -0.0025, 0.00299474646787),
            (-0.0076386476299, -0.0025, 0.00300528458378),
            (-0.0032093717055, -0.0025, 0.00298293096671),
            (-0.035, 0.0025, 0.003),
            (-0.0291371655377, 0.0025, 0.00302737338907),
            (-0.0233911622321, 0.0025, 0.00307260253777),
            (-0.0177884488007, 0.0025, 0.0031311282349),
            (-0.0123727344853, 0.0025, 0.00318006658058),
            (-0.00723245618391, 0.0025, 0.00319749076336),
            (-0.00273742568832, 0.0025, 0.00318028880553),
            (-0.035, 0.0075, 0.003),
            (-0.0291819955471, 0.0075, 0.00301478685674),
            (-0.0234799289044, 0.0075, 0.00303660934788),
            (-0.0179200564737, 0.0075, 0.00305656341984),
            (-0.0125457532752, 0.0075, 0.00306550768285),
            (-0.00744477997653, 0.0075, 0.00306412589013),
            (-0.00298412061326, 0.0075, 0.00306171142671),
            (-0.035, 0.0125, 0.003),
            (-0.0292119927798, 0.0125, 0.0030087614125),
            (-0.0235393256025, 0.0125, 0.00300646590196),
            (-0.0180081194935, 0.0125, 0.00298925661733),
            (-0.0126615258344, 0.0125, 0.00296924584291),
            (-0.00758685280493, 0.0125, 0.00296635920406),
            (-0.00314919229603, 0.0125, 0.00299024237243),
            (-0.035, 0.0175, 0.003),
            (-0.0291696893079, 0.0175, 0.00297510416002),
            (-0.0234555616577, 0.0175, 0.00292820276987),
            (-0.0178839289886, 0.0175, 0.00286851711893),
            (-0.0124982580675, 0.0175, 0.00282447804254),
            (-0.00738649519356, 0.0175, 0.00282112087648),
            (-0.00291640064659, 0.0175, 0.00285860301672),
            (-0.035, 0.0225, 0.003),
            (-0.0291724079908, 0.0225, 0.00301662879165),
            (-0.0234609448471, 0.0225, 0.00300948362549),
            (-0.0178919102389, 0.0225, 0.00299258550728),
            (-0.0125087506645, 0.0225, 0.00298961984212),
            (-0.00739937141344, 0.0225, 0.00301182847001),
            (-0.00293136127845, 0.0225, 0.00304793655199),
            (0.00174698368635, -0.0225, -0.00310100584865),
            (0.00638000896686, -0.0225, -0.00308442886394),
            (0.0116780907802, -0.0225, -0.0030551302473),
            (0.0172600643307, -0.0225, -0.00303092505258),
            (0.0230347777599, -0.0225, -0.00301847116836),
            (0.0289571799778, -0.0225, -0.00301122244826),
            (0.035, -0.0225, -0.003),
            (0.00215196364862, -0.0175, -0.00301537834599),
            (0.00672856450177, -0.0175, -0.00300937836104),
            (0.0119621223347, -0.0175, -0.0029781683494),
            (0.0174761144601, -0.0175, -0.0029492343909),
            (0.0231804991346, -0.0175, -0.00294606920877),
            (0.0290307739339, -0.0175, -0.00296954167904),
            (0.035, -0.0175, -0.003),
            (0.0021319118324, -0.0125, -0.0029443397202),
            (0.00671130643427, -0.0125, -0.00295398655614),
            (0.0119480590499, -0.0125, -0.00293926425363),
            (0.017465417147, -0.0125, -0.00291910261653),
            (0.0231732840166, -0.0125, -0.00291992166232),
            (0.0290271300685, -0.0125, -0.00295203710169),
            (0.035, -0.0125, -0.003),
            (0.0019180073552, -0.0075, -0.0030223409514),
            (0.00652720451215, -0.0075, -0.00303287428992),
            (0.011798037748, -0.0075, -0.00302950937938),
            (0.0173513026369, -0.0075, -0.003012807439),
            (0.0230963161234, -0.0075, -0.00299584394147),
            (0.0289882588201, -0.0075, -0.00299179646979),
            (0.035, -0.0075, -0.003),
            (0.00173978955675, -0.0025, -0.00301767620584),
            (0.00637381716991, -0.0025, -0.00301586196146),
            (0.0116730451977, -0.0025, -0.00302637956185),
            (0.0172562263813, -0.0025, -0.00303442710516),
            (0.0230321891418, -0.0025, -0.0030299153098),
            (0.0289558726428, -0.0025, -0.00301530044201),
            (0.035, -0.0025, -0.003),
            (0.00220628485385, 0.0025, -0.00291316093111),
            (0.0067753173254, 0.0025, -0.00289514596347),
            (0.0120002203588, 0.0025, -0.00291518592221),
            (0.0175050939271, 0.0025, -0.00295619567847),
            (0.0232000451898, 0.0025, -0.00299043923745),
            (0.0290406453171, 0.0025, -0.00300265227751),
            (0.035, 0.0025, -0.003),
            (0.00214420620329, 0.0075, -0.00294308874012),
            (0.00672188787389, 0.0075, -0.00291448807938),
            (0.0119566816723, 0.0075, -0.0029205994905),
            (0.017471975991, 0.0075, -0.0029554154496),
            (0.0231777078222, 0.0075, -0.00299250546843),
            (0.0290293642319, 0.0075, -0.00300779226026),
            (0.035, 0.0075, -0.003),
            (0.00176934302972, 0.0125, -0.00303489404011),
            (0.00639925306191, 0.0125, -0.00301554875452),
            (0.0116937724426, 0.0125, -0.0030040817943),
            (0.0172719926716, 0.0125, -0.00300756373865),
            (0.0230428231808, 0.0125, -0.00301753290038),
            (0.0289612431727, 0.0125, -0.00301755613344),
            (0.035, 0.0125, -0.003),
            (0.00203900591859, 0.0175, -0.00315848120351),
            (0.00663134477319, 0.0175, -0.00316457826008),
            (0.0118828997493, 0.0175, -0.00314442002773),
            (0.0174158533745, 0.0175, -0.00310887815574),
            (0.0231398542701, 0.0175, -0.00307133604088),
            (0.029010246977, 0.0175, -0.00303639727099),
            (0.035, 0.0175, -0.003),
            (0.00218690923176, 0.0225, -0.00296181164282),
            (0.00675864124028, 0.0225, -0.00300224978079),
            (0.0119866313209, 0.0225, -0.0030154461165),
            (0.0174947573523, 0.0225, -0.00300225251709),
            (0.0231930733824, 0.0225, -0.00298397494945),
            (0.0290371243314, 0.0225, -0.00298203788381),
            (0.035, 0.0225, -0.003),
            (0.00192698368635, -0.0225, -0.00199922617033),
            (0.00653493020279, -0.0225, -0.00197838344298),
            (0.0118043332726, -0.0225, -0.00195065642031),
            (0.0173560913615, -0.0225, -0.00193309268656),
            (0.0230995460198, -0.0225, -0.00192902494049),
            (0.0289898900211, -0.0225, -0.0019282540854),
            (0.035, -0.0225, -0.00192),
            (0.00233196364862, -0.0175, -0.00192268733941),
            (0.00688348573771, -0.0175, -0.00191599174502),
            (0.0120883648271, -0.0175, -0.00188890204207),
            (0.0175721414909, -0.0175, -0.00186618929242),
            (0.0232452673945, -0.0175, -0.00186762433075),
            (0.0290634839773, -0.0175, -0.00189186722254),
            (0.035, -0.0175, -0.00192),
            (0.0023119118324, -0.0125, -0.00186580499613),
            (0.0068662276702, -0.0125, -0.00187856621874),
            (0.0120743015423, -0.0125, -0.00186896350517),
            (0.0175614441777, -0.0125, -0.00185225990549),
            (0.0232380522765, -0.0125, -0.00185212260026),
            (0.0290598401118, -0.0125, -0.00187891643188),
            (0.035, -0.0125, -0.00192),
            (0.0020980073552, -0.0075, -0.00195301487886),
            (0.00668212574808, -0.0075, -0.00196948396443),
            (0.0119242802404, -0.0075, -0.00197080637431),
            (0.0174473296676, -0.0075, -0.0019542357719),
            (0.0231610843833, -0.0075, -0.00193202280557),
            (0.0290209688634, -0.0075, -0.00191957189672),
            (0.035, -0.0075, -0.00192),
            (0.00191978955675, -0.0025, -0.0019474146142),
            (0.00652873840585, -0.0025, -0.00195239935747),
            (0.0117992876901, -0.0025, -0.00196608124808),
            (0.017352253412, -0.0025, -0.00197187714687),
            (0.0230969574017, -0.0025, -0.00196103502115),
            (0.0289885826862, -0.0025, -0.00193951322491),
            (0.035, -0.0025, -0.00192),
            (0.00238628485385, 0.0025, -0.00183458970861),
            (0.00693023856133, 0.0025, -0.00182188042388),
            (0.0121264628512, 0.0025, -0.00184278531741),
            (0.0176011209578, 0.0025, -0.00188058980131),
            (0.0232648134497, 0.0025, -0.00191052686593),
            (0.0290733553605, 0.0025, -0.00192077496541),
            (0.035, 0.0025, -0.00192),
            (0.00232420620329, 0.0075, -0.00185690128153),
            (0.00687680910983, 0.0075, -0.00183013122534),
            (0.0120829241647, 0.0075, -0.00183437043008),
            (0.0175680030218, 0.0075, -0.00186600645854),
            (0.0232424760821, 0.0075, -0.00190213692404),
            (0.0290620742752, 0.0075, -0.00192082610687),
            (0.035, 0.0075, -0.00192),
            (0.00194934302972, 0.0125, -0.00194876828017),
            (0.00655417429785, 0.0125, -0.00192692453433),
            (0.011820014935, 0.0125, -0.00191099193898),
            (0.0173680197023, 0.0125, -0.00191162166439),
            (0.0231075914407, 0.0125, -0.00192320762461),
            (0.0289939532161, 0.0125, -0.0019294502678),
            (0.035, 0.0125, -0.00192),
            (0.00221900591859, 0.0175, -0.00208057801884),
            (0.00678626600912, 0.0175, -0.00208055952242),
            (0.0120091422417, 0.0175, -0.00205438388169),
            (0.0175118804053, 0.0175, -0.00201641969066),
            (0.02320462253, 0.0175, -0.00198125324509),
            (0.0290429570204, 0.0175, -0.00195164846105),
            (0.035, 0.0175, -0.00192),
            (0.00236690923176, 0.0225, -0.00189375182725),
            (0.00691356247622, 0.0225, -0.00192661248341),
            (0.0121128738133, 0.0225, -0.00193420174084),
            (0.0175907843831, 0.0225, -0.0019195221517),
            (0.0232578416423, 0.0225, -0.00190301582524),
            (0.0290698343747, 0.0225, -0.00190300077949),
            (0.035, 0.0225, -0.00192),
            (0.00256698368635, -0.0225, 0.00191821268593),
            (0.00708576126391, -0.0225, 0.0019542224982),
            (0.0122531954678, -0.0225, 0.00197636163124),
            (0.0176975208042, -0.0225, 0.00197031128151),
            (0.0233298331661, -0.0225, 0.0019445616475),
            (0.0291061923973, -0.0225, 0.00192230009368),
            (0.035, -0.0225, 0.00192),
            (0.00297196364862, -0.0175, 0.00196243623957),
            (0.00743431679882, -0.0175, 0.00197160511196),
            (0.0125372270223, -0.0175, 0.00198404482844),
            (0.0179135709336, -0.0175, 0.00198463772439),
            (0.0234755545408, -0.0175, 0.00196684634667),
            (0.0291797863535, -0.0175, 0.00193986417835),
            (0.035, -0.0175, 0.00192),
            (0.0029519118324, -0.0125, 0.00196898513392),
            (0.00741705873132, -0.0125, 0.00194515053644),
            (0.0125231637376, -0.0125, 0.00193655026712),
            (0.0179028736204, -0.0125, 0.00194095862264),
            (0.0234683394228, -0.0125, 0.00194449628707),
            (0.0291761424881, -0.0125, 0.00193662372746),
            (0.035, -0.0125, 0.00192),
            (0.0027380073552, -0.0075, 0.00184903337905),
            (0.0072329568092, -0.0075, 0.00181145941511),
            (0.0123731424357, -0.0075, 0.00179347097707),
            (0.0177887591104, -0.0075, 0.00180957459999),
            (0.0233913715296, -0.0075, 0.0018504523443),
            (0.0291372712397, -0.0075, 0.00189278214087),
            (0.035, -0.0075, 0.00192),
            (0.00255978955675, -0.0025, 0.00185795993388),
            (0.00707956946696, -0.0025, 0.00182880101227),
            (0.0122481498853, -0.0025, 0.00180386831199),
            (0.0176936828547, -0.0025, 0.00180607826037),
            (0.023327244548, -0.0025, 0.0018394282274),
            (0.0291048850624, -0.0025, 0.00188550799144),
            (0.035, -0.0025, 0.00192),
            (0.00302628485385, 0.0025, 0.00200033019363),
            (0.00748106962245, 0.0025, 0.00199417482799),
            (0.0125753250464, 0.0025, 0.00197019461078),
            (0.0179425504005, 0.0025, 0.00194378665079),
            (0.023495100596, 0.0025, 0.00192916156617),
            (0.0291896577367, 0.0025, 0.00192589992204),
            (0.035, 0.0025, 0.00192),
            (0.00296420620329, 0.0075, 0.00200509857125),
            (0.00742764017094, 0.0075, 0.00202535981125),
            (0.0125317863599, 0.0075, 0.00202777734027),
            (0.0179094324645, 0.0075, 0.00200744773188),
            (0.0234727632284, 0.0075, 0.00197472901157),
            (0.0291783766514, 0.0075, 0.00194394243852),
            (0.035, 0.0075, 0.00192),
            (0.00258934302972, 0.0125, 0.00191301219962),
            (0.00710500535896, 0.0125, 0.00194373935967),
            (0.0122688771302, 0.0125, 0.00197554976882),
            (0.017709449145, 0.0125, 0.00198506126634),
            (0.023337878587, 0.0125, 0.00196772668926),
            (0.0291102555923, 0.0125, 0.00193937058782),
            (0.035, 0.0125, 0.00192),
            (0.00285900591859, 0.0175, 0.00175196663774),
            (0.00733709707023, 0.0175, 0.0017737293226),
            (0.0124580044369, 0.0175, 0.0018213001931),
            (0.017853309848, 0.0175, 0.00186787707407),
            (0.0234349096763, 0.0175, 0.00189459669549),
            (0.0291592593966, 0.0175, 0.00190523619654),
            (0.035, 0.0175, 0.00192),
            (0.00300690923176, 0.0225, 0.00190379418366),
            (0.00746439353733, 0.0225, 0.00189787568508),
            (0.0125617360085, 0.0225, 0.00191022270597),
            (0.0179322138258, 0.0225, 0.00193018581414),
            (0.0234881287887, 0.0225, 0.00194039439419),
            (0.0291861367509, 0.0225, 0.00193357559143),
            (0.035, 0.0225, 0.00192),
            (0.00274698368635, -0.0225, 0.00301999236425),
            (0.00724068249984, -0.0225, 0.00306026791916),
            (0.0123794379602, -0.0225, 0.00308083545823),
            (0.017793547835, -0.0225, 0.00306814364753),
            (0.023394601426, -0.0225, 0.00303400787537),
            (0.0291389024407, -0.0225, 0.00300526845654),
            (0.035, -0.0225, 0.003),
            (0.00315196364862, -0.0175, 0.00305512724616),
            (0.00758923803476, -0.0175, 0.00306499172799),
            (0.0126634695147, -0.0175, 0.00307331113577),
            (0.0180095979644, -0.0175, 0.00306768282287),
            (0.0235403228007, -0.0175, 0.00304529122469),
            (0.0292124963968, -0.0175, 0.00301753863485),
            (0.035, -0.0175, 0.003),
            (0.0031319118324, -0.0125, 0.00304751985799),
            (0.00757197996725, -0.0125, 0.00302057087384),
            (0.01264940623, -0.0125, 0.00300685101558),
            (0.0179989006512, -0.0125, 0.00300780133368),
            (0.0235331076827, -0.0125, 0.00301229534913),
            (0.0292088525314, -0.0125, 0.00300974439727),
            (0.035, -0.0125, 0.003),
            (0.0029180073552, -0.0075, 0.00291835945159),
            (0.00738787804513, -0.0075, 0.0028748497406),
            (0.0124993849281, -0.0075, 0.00285217398215),
            (0.0178847861411, -0.0075, 0.00286814626709),
            (0.0234561397895, -0.0075, 0.0029142734802),
            (0.029169981283, -0.0075, 0.00296500671394),
            (0.035, -0.0075, 0.003),
            (0.00273978955675, -0.0025, 0.00292822152553),
            (0.0072344907029, -0.0025, 0.00289226361626),
            (0.0123743923777, -0.0025, 0.00286416662576),
            (0.0177897098855, -0.0025, 0.00286862821866),
            (0.0233920128079, -0.0025, 0.00290830851605),
            (0.0291375951057, -0.0025, 0.00296129520854),
            (0.035, -0.0025, 0.003),
            (0.00320628485385, 0.0025, 0.00307890141613),
            (0.00763599085838, 0.0025, 0.00306744036758),
            (0.0127015675388, 0.0025, 0.00304259521558),
            (0.0180385774313, 0.0025, 0.00301939252795),
            (0.0235598688559, 0.0025, 0.0030090739377),
            (0.02922236778, 0.0025, 0.00300777723414),
            (0.035, 0.0025, 0.003),
            (0.00314420620329, 0.0075, 0.00309128602984),
            (0.00758256140688, 0.0075, 0.00310971666529),
            (0.0126580288523, 0.0075, 0.00311400640068),
            (0.0180054594953, 0.0075, 0.00309685672294),
            (0.0235375314883, 0.0075, 0.00306509755596),
            (0.0292110866947, 0.0075, 0.00303090859191),
            (0.035, 0.0075, 0.003),
            (0.00276934302972, 0.0125, 0.00299913795957),
            (0.0072599265949, 0.0125, 0.00303236357985),
            (0.0123951196226, 0.0125, 0.00306863962414),
            (0.0178054761758, 0.0125, 0.00308100334061),
            (0.0234026468469, 0.0125, 0.00306205196503),
            (0.0291429656356, 0.0125, 0.00302747645346),
            (0.035, 0.0125, 0.003),
            (0.00303900591859, 0.0175, 0.00282986982241),
            (0.00749201830617, 0.0175, 0.00285774806026),
            (0.0125842469293, 0.0175, 0.00291133633913),
            (0.0179493368787, 0.0175, 0.00296033553915),
            (0.0234996779362, 0.0175, 0.00298467949128),
            (0.0291919694399, 0.0175, 0.00298998500649),
            (0.035, 0.0175, 0.003),
            (0.00318690923176, 0.0225, 0.00297185399923),
            (0.00761931477327, 0.0225, 0.00297351298247),
            (0.0126879785009, 0.0225, 0.00299146708163),
            (0.0180282408565, 0.0225, 0.00301291617953),
            (0.0235528970486, 0.0225, 0.0030213535184),
            (0.0292188467942, 0.0225, 0.00301261269575),
            (0.035, 0.0225, 0.003)
        ]
        normal3f[] normals = [
            (0.00284462905626, 0.0033200386428, -0.999990442669),
            (0.0023995246291, -0.00156079165204, -0.999995903097),
            (0.00111089667144, 0.00757851853588, -0.999970665552),
            (-0.643646773814, -0.765322697011, 0),
            (0, -1, 0),
            (0, -1, 0),
            (0.00284462905626, 0.0033200386428, -0.999990442669),
            (0.00409463065688, -0.00181402671848, -0.999989971603),
            (0.0023995246291, -0.00156079165204, -0.999995903097),
            (-0.643646773814, -0.765322697011, 0),
            (-1, 0, 0),
            (-1, 0, 0),
            (-0.643646773814, -0.765322697011, 0),
            (0, -1, 0),
            (-0.648046748069, -0.761600559557, 0),
            (-0.643646773814, -0.765322697011, 0),
            (-0.648046748069, -0.761600559557, 0),
            (-1, 0, 0),
            (0.00111089667144, 0.00757851853588, -0.999970665552),
            (0.000921186052589, -0.00235196356219, -0.999996809837),
            (0.00034836253024, 0.0100114001911, -0.999949823996),
            (0, -1, 0),
            (0, -1, 0),
            (0, -1, 0),
            (0.00111089667144, 0.00757851853588, -0.999970665552),
            (0.0023995246291, -0.00156079165204, -0.999995903097),
            (0.000921186052589, -0.00235196356219, -0.999996809837),
            (0, -1, 0),
            (0, -1, 0),
            (0, -1, 0),
            (0.00034836253024, 0.0100114001911, -0.999949823996),
            (0.00134609903469, -0.0028688050508, -0.999994978975),
            (0.000177320233561, 0.0125590880236, -0.999921115821),
            (0, -1, 0),
            (0, -1, 0),
            (0, -1, 0),
            (0.00034836253024, 0.0100114001911, -0.999949823996),
            (0.000921186052589, -0.00235196356219, -0.999996809837),
            (0.00134609903469, -0.0028688050508, -0.999994978975),
            (0, -1, 0),
            (0, -1, 0),
            (0, -1, 0),
            (0.000177320233561, 0.0125590880236, -0.999921115821),
            (0.00387600848554, -0.0012028360817, -0.999991764838),
            (0.00133267019224, 0.0177661891334, -0.999841280661),
            (0, -1, 0),
            (0, -1, 0),
            (0, -1, 0),
            (0.000177320233561, 0.0125590880236, -0.999921115821),
            (0.00134609903469, -0.0028688050508, -0.999994978975),
            (0.00387600848554, -0.0012028360817, -0.999991764838),
            (0, -1, 0),
            (0, -1, 0),
            (0, -1, 0),
            (0.00133267019224, 0.0177661891334, -0.999841280661),
            (0.00680896079715, 0.00274751895442, -0.999973044233),
            (0.00333646891837, 0.0249704394532, -0.9996826222),
            (0, -1, 0),
            (0, -1, 0),
            (0, -1, 0),
            (0.00133267019224, 0.0177661891334, -0.999841280661),
            (0.00387600848554, -0.0012028360817, -0.999991764838),
            (0.00680896079715, 0.00274751895442, -0.999973044233),
            (0, -1, 0),
            (0, -1, 0),
            (0, -1, 0),
            (0.00333646891837, 0.0249704394532, -0.9996826222),
            (0.00701386909179, 0.0125689488311, -0.999896408217),
            (0.0016277944077, 0.0301655422333, -0.999543591019),
            (0, -1, 0),
            (0, -1, 0),
            (0, -1, 0),
            (0.00333646891837, 0.0249704394532, -0.9996826222),
            (0.00680896079715, 0.00274751895442, -0.999973044233),
            (0.00701386909179, 0.0125689488311, -0.999896408217),
            (0, -1, 0),
            (0, -1, 0),
            (0, -1, 0),
            (0.982294662046, -0.0876407342937, 0.165578678002),
            (0.985352093283, -0.0326792694175, 0.167371794558),
            (0.984238286008, -0.0602662183881, 0.166261779361),
            (0.982487810883, -0.0874019929789, 0.164555744629),
            (0.982294662046, -0.0876407342937, 0.165578678002),
            (0.984238286008, -0.0602662183881, 0.166261779361),
            (0.00409463065688, -0.00181402671848, -0.999989971603),
            (-0.000269026510406, -0.00406704651812, -0.999991693344),
            (0.0023995246291, -0.00156079165204, -0.999995903097),
            (0.00409463065688, -0.00181402671848, -0.999989971603),
            (4.10757365706e-05, -0.00126119644951, -0.999999203848),
            (-0.000269026510406, -0.00406704651812, -0.999991693344),
            (-1, 0, 0),
            (-1, 0, 0),
            (-1, 0, 0),
            (-1, 0, 0),
            (-1, 0, 0),
            (-1, 0, 0),
            (0.0023995246291, -0.00156079165204, -0.999995903097),
            (-0.00177434719052, -0.00787958379606, -0.999967381394),
            (0.000921186052589, -0.00235196356219, -0.999996809837),
            (0.0023995246291, -0.00156079165204, -0.999995903097),
            (-0.000269026510406, -0.00406704651812, -0.999991693344),
            (-0.00177434719052, -0.00787958379606, -0.999967381394),
            (0.000921186052589, -0.00235196356219, -0.999996809837),
            (5.45429077497e-05, -0.0104890990815, -0.9999449864),
            (0.00134609903469, -0.0028688050508, -0.999994978975),
            (0.000921186052589, -0.00235196356219, -0.999996809837),
            (-0.00177434719052, -0.00787958379606, -0.999967381394),
            (5.45429077497e-05, -0.0104890990815, -0.9999449864),
            (0.00134609903469, -0.0028688050508, -0.999994978975),
            (0.00434315328599, -0.0118931345103, -0.999919841973),
            (0.00387600848554, -0.0012028360817, -0.999991764838),
            (0.00134609903469, -0.0028688050508, -0.999994978975),
            (5.45429077497e-05, -0.0104890990815, -0.9999449864),
            (0.00434315328599, -0.0118931345103, -0.999919841973),
            (0.00387600848554, -0.0012028360817, -0.999991764838),
            (0.00812915394772, -0.013052309046, -0.999881770053),
            (0.00680896079715, 0.00274751895442, -0.999973044233),
            (0.00387600848554, -0.0012028360817, -0.999991764838),
            (0.00434315328599, -0.0118931345103, -0.999919841973),
            (0.00812915394772, -0.013052309046, -0.999881770053),
            (0.00680896079715, 0.00274751895442, -0.999973044233),
            (0.0104521194869, -0.0142675357653, -0.999843583078),
            (0.00701386909179, 0.0125689488311, -0.999896408217),
            (0.00680896079715, 0.00274751895442, -0.999973044233),
            (0.00812915394772, -0.013052309046, -0.999881770053),
            (0.0104521194869, -0.0142675357653, -0.999843583078),
            (0.985352093283, -0.0326792694175, 0.167371794558),
            (0.984801431286, 0.0472426385747, 0.167135496041),
            (0.985625557665, 0.0210795579308, 0.167624318984),
            (0.984238286008, -0.0602662183881, 0.166261779361),
            (0.985352093283, -0.0326792694175, 0.167371794558),
            (0.985625557665, 0.0210795579308, 0.167624318984),
            (4.10757365706e-05, -0.00126119644951, -0.999999203848),
            (-0.0024619003147, -0.00158628320395, -0.999995711367),
            (-0.000269026510406, -0.00406704651812, -0.999991693344),
            (4.10757365706e-05, -0.00126119644951, -0.999999203848),
            (-0.00240505538174, -0.000395947869486, -0.999997029463),
            (-0.0024619003147, -0.00158628320395, -0.999995711367),
            (-1, 0, 0),
            (-1, 0, 0),
            (-1, 0, 0),
            (-1, 0, 0),
            (-1, 0, 0),
            (-1, 0, 0),
            (-0.000269026510406, -0.00406704651812, -0.999991693344),
            (-0.00314863805538, -0.00212377743309, -0.999992787798),
            (-0.00177434719052, -0.00787958379606, -0.999967381394),
            (-0.000269026510406, -0.00406704651812, -0.999991693344),
            (-0.0024619003147, -0.00158628320395, -0.999995711367),
            (-0.00314863805538, -0.00212377743309, -0.999992787798),
            (-0.00177434719052, -0.00787958379606, -0.999967381394),
            (-0.00104691513762, -0.00232128863887, -0.999996757789),
            (5.45429077497e-05, -0.0104890990815, -0.9999449864),
            (-0.00177434719052, -0.00787958379606, -0.999967381394),
            (-0.00314863805538, -0.00212377743309, -0.999992787798),
            (-0.00104691513762, -0.00232128863887, -0.999996757789),
            (5.45429077497e-05, -0.0104890990815, -0.9999449864),
            (0.00237848505414, -0.00407186090826, -0.999988881317),
            (0.00434315328599, -0.0118931345103, -0.999919841973),
            (5.45429077497e-05, -0.0104890990815, -0.9999449864),
            (-0.00104691513762, -0.00232128863887, -0.999996757789),
            (0.00237848505414, -0.00407186090826, -0.999988881317),
            (0.00434315328599, -0.0118931345103, -0.999919841973),
            (0.00472669883645, -0.00813103530143, -0.999955771313),
            (0.00812915394772, -0.013052309046, -0.999881770053),
            (0.00434315328599, -0.0118931345103, -0.999919841973),
            (0.00237848505414, -0.00407186090826, -0.999988881317),
            (0.00472669883645, -0.00813103530143, -0.999955771313),
            (0.00812915394772, -0.013052309046, -0.999881770053),
            (0.00754502023071, -0.0117133655743, -0.999902930157),
            (0.0104521194869, -0.0142675357653, -0.999843583078),
            (0.00812915394772, -0.013052309046, -0.999881770053),
            (0.00472669883645, -0.00813103530143, -0.999955771313),
            (0.00754502023071, -0.0117133655743, -0.999902930157),
            (0.984801431286, 0.0472426385747, 0.167135496041),
            (0.98580210121, 0.0302553987026, 0.165163034904),
            (0.98468113238, 0.0515712074534, 0.16656373584),
            (0.985625557665, 0.0210795579308, 0.167624318984),
            (0.984801431286, 0.0472426385747, 0.167135496041),
            (0.98468113238, 0.0515712074534, 0.16656373584),
            (-0.00240505538174, -0.000395947869486, -0.999997029463),
            (-0.00138912176558, 0.0057615078659, -0.99998243753),
            (-0.0024619003147, -0.00158628320395, -0.999995711367),
            (-0.00240505538174, -0.000395947869486, -0.999997029463),
            (-0.000580310142491, 0.0029665459921, -0.999995431412),
            (-0.00138912176558, 0.0057615078659, -0.99998243753),
            (-1, 0, 0),
            (-1, 0, 0),
            (-1, 0, 0),
            (-1, 0, 0),
            (-1, 0, 0),
            (-1, 0, 0),
            (-0.0024619003147, -0.00158628320395, -0.999995711367),
            (-0.0014383067829, 0.0107759733579, -0.99994090309),
            (-0.00314863805538, -0.00212377743309, -0.999992787798),
            (-0.0024619003147, -0.00158628320395, -0.999995711367),
            (-0.00138912176558, 0.0057615078659, -0.99998243753),
            (-0.0014383067829, 0.0107759733579, -0.99994090309),
            (-0.00314863805538, -0.00212377743309, -0.999992787798),
            (-0.00100357175338, 0.0142234187717, -0.999898338434),
            (-0.00104691513762, -0.00232128863887, -0.999996757789),
            (-0.00314863805538, -0.00212377743309, -0.999992787798),
            (-0.0014383067829, 0.0107759733579, -0.99994090309),
            (-0.00100357175338, 0.0142234187717, -0.999898338434),
            (-0.00104691513762, -0.00232128863887, -0.999996757789),
            (-0.000841605218566, 0.0136327723696, -0.999906715258),
            (0.00237848505414, -0.00407186090826, -0.999988881317),
            (-0.00104691513762, -0.00232128863887, -0.999996757789),
            (-0.00100357175338, 0.0142234187717, -0.999898338434),
            (-0.000841605218566, 0.0136327723696, -0.999906715258),
            (0.00237848505414, -0.00407186090826, -0.999988881317),
            (-0.00115408869066, 0.00912977508773, -0.999957656747),
            (0.00472669883645, -0.00813103530143, -0.999955771313),
            (0.00237848505414, -0.00407186090826, -0.999988881317),
            (-0.000841605218566, 0.0136327723696, -0.999906715258),
            (-0.00115408869066, 0.00912977508773, -0.999957656747),
            (0.00472669883645, -0.00813103530143, -0.999955771313),
            (0.000449868331574, -4.11947760458e-05, -0.999999897961),
            (0.00754502023071, -0.0117133655743, -0.999902930157),
            (0.00472669883645, -0.00813103530143, -0.999955771313),
            (-0.00115408869066, 0.00912977508773, -0.999957656747),
            (0.000449868331574, -4.11947760458e-05, -0.999999897961),
            (0.98580210121, 0.0302553987026, 0.165163034904),
            (0.98486800971, -0.0613968439933, 0.162066131558),
            (0.986072250563, -0.0265850697123, 0.164179020395),
            (0.98468113238, 0.0515712074534, 0.16656373584),
            (0.98580210121, 0.0302553987026, 0.165163034904),
            (0.986072250563, -0.0265850697123, 0.164179020395),
            (-0.000580310142491, 0.0029665459921, -0.999995431412),
            (0.00325394764807, -4.64050671165e-05, -0.999994704822),
            (-0.00138912176558, 0.0057615078659, -0.99998243753),
            (-0.000580310142491, 0.0029665459921, -0.999995431412),
            (0.00305241221591, -0.00154144588016, -0.999994153345),
            (0.00325394764807, -4.64050671165e-05, -0.999994704822),
            (-1, 0, 0),
            (-1, 0, 0),
            (-1, 0, 0),
            (-1, 0, 0),
            (-1, 0, 0),
            (-1, 0, 0),
            (-0.00138912176558, 0.0057615078659, -0.99998243753),
            (0.0030187224664, 0.00252680177946, -0.999992251264),
            (-0.0014383067829, 0.0107759733579, -0.99994090309),
            (-0.00138912176558, 0.0057615078659, -0.99998243753),
            (0.00325394764807, -4.64050671165e-05, -0.999994704822),
            (0.0030187224664, 0.00252680177946, -0.999992251264),
            (-0.0014383067829, 0.0107759733579, -0.99994090309),
            (0.000677721856027, 0.00356235823443, -0.999993425127),
            (-0.00100357175338, 0.0142234187717, -0.999898338434),
            (-0.0014383067829, 0.0107759733579, -0.99994090309),
            (0.0030187224664, 0.00252680177946, -0.999992251264),
            (0.000677721856027, 0.00356235823443, -0.999993425127),
            (-0.00100357175338, 0.0142234187717, -0.999898338434),
            (-0.00280008846535, 0.00196918047498, -0.999994140899),
            (-0.000841605218566, 0.0136327723696, -0.999906715258),
            (-0.00100357175338, 0.0142234187717, -0.999898338434),
            (0.000677721856027, 0.00356235823443, -0.999993425127),
            (-0.00280008846535, 0.00196918047498, -0.999994140899),
            (-0.000841605218566, 0.0136327723696, -0.999906715258),
            (-0.00521154300667, -0.000709168446997, -0.999986168354),
            (-0.00115408869066, 0.00912977508773, -0.999957656747),
            (-0.000841605218566, 0.0136327723696, -0.999906715258),
            (-0.00280008846535, 0.00196918047498, -0.999994140899),
            (-0.00521154300667, -0.000709168446997, -0.999986168354),
            (-0.00115408869066, 0.00912977508773, -0.999957656747),
            (-0.00547848678223, 0.00496712315643, -0.999972656561),
            (0.000449868331574, -4.11947760458e-05, -0.999999897961),
            (-0.00115408869066, 0.00912977508773, -0.999957656747),
            (-0.00521154300667, -0.000709168446997, -0.999986168354),
            (-0.00547848678223, 0.00496712315643, -0.999972656561),
            (0.98486800971, -0.0613968439933, 0.162066131558),
            (0.98703925381, 0.00344846042267, 0.160441950743),
            (0.985810898966, -0.0463517079354, 0.16133316662),
            (0.986072250563, -0.0265850697123, 0.164179020395),
            (0.98486800971, -0.0613968439933, 0.162066131558),
            (0.985810898966, -0.0463517079354, 0.16133316662),
            (0.00305241221591, -0.00154144588016, -0.999994153345),
            (0.00173586341036, -0.00221502917028, -0.999996040204),
            (0.00325394764807, -4.64050671165e-05, -0.999994704822),
            (0.00305241221591, -0.00154144588016, -0.999994153345),
            (0.000297051994717, -0.00022339336612, -0.999999930928),
            (0.00173586341036, -0.00221502917028, -0.999996040204),
            (-1, 0, 0),
            (-1, 0, 0),
            (-1, 0, 0),
            (-1, 0, 0),
            (-1, 0, 0),
            (-1, 0, 0),
            (0.00325394764807, -4.64050671165e-05, -0.999994704822),
            (0.00125189164738, -0.00551519152419, -0.999984007587),
            (0.0030187224664, 0.00252680177946, -0.999992251264),
            (0.00325394764807, -4.64050671165e-05, -0.999994704822),
            (0.00173586341036, -0.00221502917028, -0.999996040204),
            (0.00125189164738, -0.00551519152419, -0.999984007587),
            (0.0030187224664, 0.00252680177946, -0.999992251264),
            (-0.0022041563284, -0.00925113292571, -0.999954778095),
            (0.000677721856027, 0.00356235823443, -0.999993425127),
            (0.0030187224664, 0.00252680177946, -0.999992251264),
            (0.00125189164738, -0.00551519152419, -0.999984007587),
            (-0.0022041563284, -0.00925113292571, -0.999954778095),
            (0.000677721856027, 0.00356235823443, -0.999993425127),
            (-0.00617433852684, -0.0126671387918, -0.99990070564),
            (-0.00280008846535, 0.00196918047498, -0.999994140899),
            (0.000677721856027, 0.00356235823443, -0.999993425127),
            (-0.0022041563284, -0.00925113292571, -0.999954778095),
            (-0.00617433852684, -0.0126671387918, -0.99990070564),
            (-0.00280008846535, 0.00196918047498, -0.999994140899),
            (-0.00748158976088, -0.0145676850936, -0.999865895191),
            (-0.00521154300667, -0.000709168446997, -0.999986168354),
            (-0.00280008846535, 0.00196918047498, -0.999994140899),
            (-0.00617433852684, -0.0126671387918, -0.99990070564),
            (-0.00748158976088, -0.0145676850936, -0.999865895191),
            (-0.00521154300667, -0.000709168446997, -0.999986168354),
            (-0.00799962367673, -0.0189759515894, -0.999787937156),
            (-0.00547848678223, 0.00496712315643, -0.999972656561),
            (-0.00521154300667, -0.000709168446997, -0.999986168354),
            (-0.00748158976088, -0.0145676850936, -0.999865895191),
            (-0.00799962367673, -0.0189759515894, -0.999787937156),
            (0.98703925381, 0.00344846042267, 0.160441950743),
            (0.986238907324, 0.0396082374058, 0.160511698048),
            (0.986014838888, 0.0464155920374, 0.160063519606),
            (0.985810898966, -0.0463517079354, 0.16133316662),
            (0.98703925381, 0.00344846042267, 0.160441950743),
            (0.986014838888, 0.0464155920374, 0.160063519606),
            (0.000297051994717, -0.00022339336612, -0.999999930928),
            (-0.000453170619564, -0.00329376875407, -0.999994472847),
            (0.00173586341036, -0.00221502917028, -0.999996040204),
            (0.000297051994717, -0.00022339336612, -0.999999930928),
            (-0.00129163366047, -0.00145001821766, -0.999998114563),
            (-0.000453170619564, -0.00329376875407, -0.999994472847),
            (-1, 0, 0),
            (-1, 0, 0),
            (-1, 0, 0),
            (-1, 0, 0),
            (-1, 0, 0),
            (-1, 0, 0),
            (0.00173586341036, -0.00221502917028, -0.999996040204),
            (-0.00110768324467, -0.00637930110926, -0.999979038558),
            (0.00125189164738, -0.00551519152419, -0.999984007587),
            (0.00173586341036, -0.00221502917028, -0.999996040204),
            (-0.000453170619564, -0.00329376875407, -0.999994472847),
            (-0.00110768324467, -0.00637930110926, -0.999979038558),
            (0.00125189164738, -0.00551519152419, -0.999984007587),
            (-0.00378972400599, -0.00820419164696, -0.999959163782),
            (-0.0022041563284, -0.00925113292571, -0.999954778095),
            (0.00125189164738, -0.00551519152419, -0.999984007587),
            (-0.00110768324467, -0.00637930110926, -0.999979038558),
            (-0.00378972400599, -0.00820419164696, -0.999959163782),
            (-0.0022041563284, -0.00925113292571, -0.999954778095),
            (-0.00598868376745, -0.00733588406963, -0.99995515923),
            (-0.00617433852684, -0.0126671387918, -0.99990070564),
            (-0.0022041563284, -0.00925113292571, -0.999954778095),
            (-0.00378972400599, -0.00820419164696, -0.999959163782),
            (-0.00598868376745, -0.00733588406963, -0.99995515923),
            (-0.00617433852684, -0.0126671387918, -0.99990070564),
            (-0.0055345413972, -0.00418390956708, -0.999975931586),
            (-0.00748158976088, -0.0145676850936, -0.999865895191),
            (-0.00617433852684, -0.0126671387918, -0.99990070564),
            (-0.00598868376745, -0.00733588406963, -0.99995515923),
            (-0.0055345413972, -0.00418390956708, -0.999975931586),
            (-0.00748158976088, -0.0145676850936, -0.999865895191),
            (-0.0056225649567, -0.00147305634286, -0.999983108291),
            (-0.00799962367673, -0.0189759515894, -0.999787937156),
            (-0.00748158976088, -0.0145676850936, -0.999865895191),
            (-0.0055345413972, -0.00418390956708, -0.999975931586),
            (-0.0056225649567, -0.00147305634286, -0.999983108291),
            (0.986238907324, 0.0396082374058, 0.160511698048),
            (0.98644407155, -0.0192818336141, 0.162961052391),
            (0.986890018877, 0.00691119349264, 0.161246165986),
            (0.986014838888, 0.0464155920374, 0.160063519606),
            (0.986238907324, 0.0396082374058, 0.160511698048),
            (0.986890018877, 0.00691119349264, 0.161246165986),
            (-0.00129163366047, -0.00145001821766, -0.999998114563),
            (-0.00197159958321, 0.00522073755303, -0.999984428226),
            (-0.000453170619564, -0.00329376875407, -0.999994472847),
            (-0.00129163366047, -0.00145001821766, -0.999998114563),
            (-0.000871140191336, 0.00340562145301, -0.99999382141),
            (-0.00197159958321, 0.00522073755303, -0.999984428226),
            (-1, 0, 0),
            (-1, 0, 0),
            (-1, 0, 0),
            (-1, 0, 0),
            (-1, 0, 0),
            (-1, 0, 0),
            (-0.000453170619564, -0.00329376875407, -0.999994472847),
            (-0.00212873756828, 0.00776162849674, -0.999967612275),
            (-0.00110768324467, -0.00637930110926, -0.999979038558),
            (-0.000453170619564, -0.00329376875407, -0.999994472847),
            (-0.00197159958321, 0.00522073755303, -0.999984428226),
            (-0.00212873756828, 0.00776162849674, -0.999967612275),
            (-0.00110768324467, -0.00637930110926, -0.999979038558),
            (-0.00241501506887, 0.0119854466789, -0.999925255592),
            (-0.00378972400599, -0.00820419164696, -0.999959163782),
            (-0.00110768324467, -0.00637930110926, -0.999979038558),
            (-0.00212873756828, 0.00776162849674, -0.999967612275),
            (-0.00241501506887, 0.0119854466789, -0.999925255592),
            (-0.00378972400599, -0.00820419164696, -0.999959163782),
            (-0.00200707299536, 0.0184558810732, -0.999827661206),
            (-0.00598868376745, -0.00733588406963, -0.99995515923),
            (-0.00378972400599, -0.00820419164696, -0.999959163782),
            (-0.00241501506887, 0.0119854466789, -0.999925255592),
            (-0.00200707299536, 0.0184558810732, -0.999827661206),
            (-0.00598868376745, -0.00733588406963, -0.99995515923),
            (-0.000959873359781, 0.0245952086083, -0.999697031283),
            (-0.0055345413972, -0.00418390956708, -0.999975931586),
            (-0.00598868376745, -0.00733588406963, -0.99995515923),
            (-0.00200707299536, 0.0184558810732, -0.999827661206),
            (-0.000959873359781, 0.0245952086083, -0.999697031283),
            (-0.0055345413972, -0.00418390956708, -0.999975931586),
            (-0.000745032247073, 0.0183554910506, -0.999831246199),
            (-0.0056225649567, -0.00147305634286, -0.999983108291),
            (-0.0055345413972, -0.00418390956708, -0.999975931586),
            (-0.000959873359781, 0.0245952086083, -0.999697031283),
            (-0.000745032247073, 0.0183554910506, -0.999831246199),
            (0.98644407155, -0.0192818336141, 0.162961052391),
            (0.985880024886, -0.0198773236527, 0.166269265154),
            (0.985916968538, -0.0325133647853, 0.164044543524),
            (0.986890018877, 0.00691119349264, 0.161246165986),
            (0.98644407155, -0.0192818336141, 0.162961052391),
            (0.985916968538, -0.0325133647853, 0.164044543524),
            (-0.000871140191336, 0.00340562145301, -0.99999382141),
            (0.00166187666315, 0.00678920981788, -0.9999755721),
            (-0.00197159958321, 0.00522073755303, -0.999984428226),
            (-0.000871140191336, 0.00340562145301, -0.99999382141),
            (0.00479607214752, 0, -0.99998849878),
            (0.00166187666315, 0.00678920981788, -0.9999755721),
            (-1, 0, 0),
            (-0.500698040707, 0.865622014526, 0),
            (-0.38531074326, 0.922786882833, 0),
            (-1, 0, 0),
            (-1, 0, 0),
            (-0.500698040707, 0.865622014526, 0),
            (-0.00197159958321, 0.00522073755303, -0.999984428226),
            (0.00161498709883, 0.0165210267483, -0.999862214253),
            (-0.00212873756828, 0.00776162849674, -0.999967612275),
            (-0.00197159958321, 0.00522073755303, -0.999984428226),
            (0.00166187666315, 0.00678920981788, -0.9999755721),
            (0.00161498709883, 0.0165210267483, -0.999862214253),
            (-0.00212873756828, 0.00776162849674, -0.999967612275),
            (0.00248816704904, 0.0274552086505, -0.999619938048),
            (-0.00241501506887, 0.0119854466789, -0.999925255592),
            (-0.00212873756828, 0.00776162849674, -0.999967612275),
            (0.00161498709883, 0.0165210267483, -0.999862214253),
            (0.00248816704904, 0.0274552086505, -0.999619938048),
            (-0.00241501506887, 0.0119854466789, -0.999925255592),
            (0.00374641235479, 0.0403291482326, -0.999179425427),
            (-0.00200707299536, 0.0184558810732, -0.999827661206),
            (-0.00241501506887, 0.0119854466789, -0.999925255592),
            (0.00248816704904, 0.0274552086505, -0.999619938048),
            (0.00374641235479, 0.0403291482326, -0.999179425427),
            (-0.00200707299536, 0.0184558810732, -0.999827661206),
            (0.0038506122632, 0.0522373718812, -0.998627272692),
            (-0.000959873359781, 0.0245952086083, -0.999697031283),
            (-0.00200707299536, 0.0184558810732, -0.999827661206),
            (0.00374641235479, 0.0403291482326, -0.999179425427),
            (0.0038506122632, 0.0522373718812, -0.998627272692),
            (-0.000959873359781, 0.0245952086083, -0.999697031283),
            (0.00318990433512, 0.0581874463394, -0.998300578783),
            (-0.000745032247073, 0.0183554910506, -0.999831246199),
            (-0.000959873359781, 0.0245952086083, -0.999697031283),
            (0.0038506122632, 0.0522373718812, -0.998627272692),
            (0.00318990433512, 0.0581874463394, -0.998300578783),
            (0.985880024886, -0.0198773236527, 0.166269265154),
            (0.985698351048, -0.00720866510008, 0.168365067306),
            (0.985965699415, -0.00677678041604, 0.166810415813),
            (0.985916968538, -0.0325133647853, 0.164044543524),
            (0.985880024886, -0.0198773236527, 0.166269265154),
            (0.985965699415, -0.00677678041604, 0.166810415813),
            (0, 1, 0),
            (-0.38531074326, 0.922786882833, 0),
            (0, 1, 0),
            (-0.38531074326, 0.922786882833, 0),
            (-0.500698040707, 0.865622014526, 0),
            (0, 1, 0),
            (0, 1, 0),
            (0, 1, 0),
            (0, 1, 0),
            (0, 1, 0),
            (0, 1, 0),
            (0, 1, 0),
            (0, 1, 0),
            (0, 1, 0),
            (0, 1, 0),
            (0, 1, 0),
            (0, 1, 0),
            (0, 1, 0),
            (0, 1, 0),
            (0, 1, 0),
            (0, 1, 0),
            (0, 1, 0),
            (0, 1, 0),
            (0, 1, 0),
            (0, 1, 0),
            (0, 1, 0),
            (0, 1, 0),
            (0, 1, 0),
            (0, 1, 0),
            (0, 1, 0),
            (0, 1, 0),
            (0, 1, 0),
            (0, 1, 0),
            (0, 1, 0),
            (0, 1, 0),
            (0, 1, 0),
            (-0.648046748069, -0.761600559557, 0),
            (0, -1, 0),
            (0, -1, 0),
            (-0.648046748069, -0.761600559557, 0),
            (-1, 0, 0),
            (-1, 0, 0),
            (-0.648046748069, -0.761600559557, 0),
            (0, -1, 0),
            (-0.653095006602, -0.757275981629, 0),
            (-0.648046748069, -0.761600559557, 0),
            (-0.653095006602, -0.757275981629, 0),
            (-1, 0, 0),
            (0, -1, 0),
            (0, -1, 0),
            (0, -1, 0),
            (0, -1, 0),
            (0, -1, 0),
            (0, -1, 0),
            (0, -1, 0),
            (0, -1, 0),
            (0, -1, 0),
            (0, -1, 0),
            (0, -1, 0),
            (0, -1, 0),
            (0, -1, 0),
            (0, -1, 0),
            (0, -1, 0),
            (0, -1, 0),
            (0, -1, 0),
            (0, -1, 0),
            (0, -1, 0),
            (0, -1, 0),
            (0, -1, 0),
            (0, -1, 0),
            (0, -1, 0),
            (0, -1, 0),
            (0, -1, 0),
            (0, -1, 0),
            (0, -1, 0),
            (0, -1, 0),
            (0, -1, 0),
            (0, -1, 0),
            (0.982383105529, -0.0866152304375, 0.165593586313),
            (0.985363351662, -0.0323281214733, 0.167373706905),
            (0.984288103796, -0.0594234890212, 0.166270194797),
            (0.982624228333, -0.0858109119475, 0.16457859303),
            (0.982383105529, -0.0866152304375, 0.165593586313),
            (0.984288103796, -0.0594234890212, 0.166270194797),
            (-1, 0, 0),
            (-1, 0, 0),
            (-1, 0, 0),
            (-1, 0, 0),
            (-1, 0, 0),
            (-1, 0, 0),
            (0.985363351662, -0.0323281214733, 0.167373706905),
            (0.984824159669, 0.0467526585637, 0.167139353386),
            (0.985630094608, 0.0208601441171, 0.167625090577),
            (0.984288103796, -0.0594234890212, 0.166270194797),
            (0.985363351662, -0.0323281214733, 0.167373706905),
            (0.985630094608, 0.0208601441171, 0.167625090577),
            (-1, 0, 0),
            (-1, 0, 0),
            (-1, 0, 0),
            (-1, 0, 0),
            (-1, 0, 0),
            (-1, 0, 0),
            (0.984824159669, 0.0467526585637, 0.167139353386),
            (0.985835163005, 0.0291268518895, 0.165168574136),
            (0.984747834689, 0.0502440560037, 0.166575018869),
            (0.985630094608, 0.0208601441171, 0.167625090577),
            (0.984824159669, 0.0467526585637, 0.167139353386),
            (0.984747834689, 0.0502440560037, 0.166575018869),
            (-1, 0, 0),
            (-1, 0, 0),
            (-1, 0, 0),
            (-1, 0, 0),
            (-1, 0, 0),
            (-1, 0, 0),
            (0.985835163005, 0.0291268518895, 0.165168574136),
            (0.98480044713, -0.0625000148968, 0.162055013717),
            (0.98602597005, -0.0282942713027, 0.164171314784),
            (0.984747834689, 0.0502440560037, 0.166575018869),
            (0.985835163005, 0.0291268518895, 0.165168574136),
            (0.98602597005, -0.0282942713027, 0.164171314784),
            (-1, 0, 0),
            (-1, 0, 0),
            (-1, 0, 0),
            (-1, 0, 0),
            (-1, 0, 0),
            (-1, 0, 0),
            (0.98480044713, -0.0625000148968, 0.162055013717),
            (0.987040558994, 0.00304093144703, 0.160442162899),
            (0.985762225374, -0.0474026852633, 0.161325200929),
            (0.98602597005, -0.0282942713027, 0.164171314784),
            (0.98480044713, -0.0625000148968, 0.162055013717),
            (0.985762225374, -0.0474026852633, 0.161325200929),
            (-1, 0, 0),
            (-1, 0, 0),
            (-1, 0, 0),
            (-1, 0, 0),
            (-1, 0, 0),
            (-1, 0, 0),
            (0.987040558994, 0.00304093144703, 0.160442162899),
            (0.986215951957, 0.0401906734195, 0.160507962032),
            (0.986002130083, 0.0466918579983, 0.160061456538),
            (0.985762225374, -0.0474026852633, 0.161325200929),
            (0.987040558994, 0.00304093144703, 0.160442162899),
            (0.986002130083, 0.0466918579983, 0.160061456538),
            (-1, 0, 0),
            (-1, 0, 0),
            (-1, 0, 0),
            (-1, 0, 0),
            (-1, 0, 0),
            (-1, 0, 0),
            (0.986215951957, 0.0401906734195, 0.160507962032),
            (0.986467874749, -0.0179873803882, 0.162964984691),
            (0.986878471577, 0.00843591918319, 0.161244279294),
            (0.986002130083, 0.0466918579983, 0.160061456538),
            (0.986215951957, 0.0401906734195, 0.160507962032),
            (0.986878471577, 0.00843591918319, 0.161244279294),
            (-1, 0, 0),
            (-1, 0, 0),
            (-1, 0, 0),
            (-1, 0, 0),
            (-1, 0, 0),
            (-1, 0, 0),
            (0.986467874749, -0.0179873803882, 0.162964984691),
            (0.985904294139, -0.0185982031278, 0.166273358178),
            (0.985977556684, -0.0305669404052, 0.164054624651),
            (0.986878471577, 0.00843591918319, 0.161244279294),
            (0.986467874749, -0.0179873803882, 0.162964984691),
            (0.985977556684, -0.0305669404052, 0.164054624651),
            (-1, 0, 0),
            (-0.780223292759, 0.625501089876, 0),
            (-0.500698040707, 0.865622014526, 0),
            (-1, 0, 0),
            (-1, 0, 0),
            (-0.780223292759, 0.625501089876, 0),
            (0.985904294139, -0.0185982031278, 0.166273358178),
            (0.985702960523, -0.00652783330571, 0.168365854641),
            (0.985974802251, -0.00524029601903, 0.166811955875),
            (0.985977556684, -0.0305669404052, 0.164054624651),
            (0.985904294139, -0.0185982031278, 0.166273358178),
            (0.985974802251, -0.00524029601903, 0.166811955875),
            (0, 1, 0),
            (-0.500698040707, 0.865622014526, 0),
            (0, 1, 0),
            (-0.500698040707, 0.865622014526, 0),
            (-0.780223292759, 0.625501089876, 0),
            (0, 1, 0),
            (0, 1, 0),
            (0, 1, 0),
            (0, 1, 0),
            (0, 1, 0),
            (0, 1, 0),
            (0, 1, 0),
            (0, 1, 0),
            (0, 1, 0),
            (0, 1, 0),
            (0, 1, 0),
            (0, 1, 0),
            (0, 1, 0),
            (0, 1, 0),
            (0, 1, 0),
            (0, 1, 0),
            (0, 1, 0),
            (0, 1, 0),
            (0, 1, 0),
            (0, 1, 0),
            (0, 1, 0),
            (0, 1, 0),
            (0, 1, 0),
            (0, 1, 0),
            (0, 1, 0),
            (0, 1, 0),
            (0, 1, 0),
            (0, 1, 0),
            (0, 1, 0),
            (0, 1, 0),
            (0, 1, 0),
            (-0.653095006602, -0.757275981629, 0),
            (0, -1, 0),
            (0, -1, 0),
            (-0.653095006602, -0.757275981629, 0),
            (-1, 0, 0),
            (-1, 0, 0),
            (-0.653095006602, -0.757275981629, 0),
            (0, -1, 0),
            (-0.65516133061, -0.755489001159, 0),
            (-0.653095006602, -0.757275981629, 0),
            (-0.65516133061, -0.755489001159, 0),
            (-1, 0, 0),
            (0, -1, 0),
            (0, -1, 0),
            (0, -1, 0),
            (0, -1, 0),
            (0, -1, 0),
            (0, -1, 0),
            (0, -1, 0),
            (0, -1, 0),
            (0, -1, 0),
            (0, -1, 0),
            (0, -1, 0),
            (0, -1, 0),
            (0, -1, 0),
            (0, -1, 0),
            (0, -1, 0),
            (0, -1, 0),
            (0, -1, 0),
            (0, -1, 0),
            (0, -1, 0),
            (0, -1, 0),
            (0, -1, 0),
            (0, -1, 0),
            (0, -1, 0),
            (0, -1, 0),
            (0, -1, 0),
            (0, -1, 0),
            (0, -1, 0),
            (0, -1, 0),
            (0, -1, 0),
            (0, -1, 0),
            (0.982470523532, -0.0855894511729, 0.165608321767),
            (0.98538672224, -0.0315867218732, 0.167377676629),
            (0.984330834617, -0.0586909697063, 0.166277413071),
            (0.982662150868, -0.0853633015566, 0.164584944631),
            (0.982470523532, -0.0855894511729, 0.165608321767),
            (0.984330834617, -0.0586909697063, 0.166277413071),
            (-1, 0, 0),
            (-1, 0, 0),
            (-1, 0, 0),
            (-1, 0, 0),
            (-1, 0, 0),
            (-1, 0, 0),
            (0.98538672224, -0.0315867218732, 0.167377676629),
            (0.984841575328, 0.0463736996554, 0.167142309083),
            (0.985628420435, 0.0209413775787, 0.167624805852),
            (0.984330834617, -0.0586909697063, 0.166277413071),
            (0.98538672224, -0.0315867218732, 0.167377676629),
            (0.985628420435, 0.0209413775787, 0.167624805852),
            (-1, 0, 0),
            (-1, 0, 0),
            (-1, 0, 0),
            (-1, 0, 0),
            (-1, 0, 0),
            (-1, 0, 0),
            (0.984841575328, 0.0463736996554, 0.167142309083),
            (0.985875107837, 0.0277020407782, 0.165175266564),
            (0.984785019218, 0.049488720699, 0.166581308818),
            (0.985628420435, 0.0209413775787, 0.167624805852),
            (0.984841575328, 0.0463736996554, 0.167142309083),
            (0.984785019218, 0.049488720699, 0.166581308818),
            (-1, 0, 0),
            (-1, 0, 0),
            (-1, 0, 0),
            (-1, 0, 0),
            (-1, 0, 0),
            (-1, 0, 0),
            (0.985875107837, 0.0277020407782, 0.165175266564),
            (0.984696601048, -0.0641585121488, 0.162037925201),
            (0.985991632498, -0.0294984269361, 0.164165597652),
            (0.984785019218, 0.049488720699, 0.166581308818),
            (0.985875107837, 0.0277020407782, 0.165175266564),
            (0.985991632498, -0.0294984269361, 0.164165597652),
            (-1, 0, 0),
            (-1, 0, 0),
            (-1, 0, 0),
            (-1, 0, 0),
            (-1, 0, 0),
            (-1, 0, 0),
            (0.984696601048, -0.0641585121488, 0.162037925201),
            (0.987042863416, 0.00213961362319, 0.16044253748),
            (0.985718231768, -0.0483329087333, 0.161318001143),
            (0.985991632498, -0.0294984269361, 0.164165597652),
            (0.984696601048, -0.0641585121488, 0.162037925201),
            (0.985718231768, -0.0483329087333, 0.161318001143),
            (-1, 0, 0),
            (-1, 0, 0),
            (-1, 0, 0),
            (-1, 0, 0),
            (-1, 0, 0),
            (-1, 0, 0),
            (0.987042863416, 0.00213961362319, 0.16044253748),
            (0.986197491575, 0.0406529974588, 0.16050495758),
            (0.986005617104, 0.0466162199314, 0.160062022599),
            (0.985718231768, -0.0483329087333, 0.161318001143),
            (0.987042863416, 0.00213961362319, 0.16044253748),
            (0.986005617104, 0.0466162199314, 0.160062022599),
            (-1, 0, 0),
            (-1, 0, 0),
            (-1, 0, 0),
            (-1, 0, 0),
            (-1, 0, 0),
            (-1, 0, 0),
            (0.986197491575, 0.0406529974588, 0.16050495758),
            (0.986495874851, -0.0163338609447, 0.162969610322),
            (0.986870726146, 0.00931989177164, 0.161243013782),
            (0.986005617104, 0.0466162199314, 0.160062022599),
            (0.986197491575, 0.0406529974588, 0.16050495758),
            (0.986870726146, 0.00931989177164, 0.161243013782),
            (-1, 0, 0),
            (-1, 0, 0),
            (-1, 0, 0),
            (-1, 0, 0),
            (-1, 0, 0),
            (-1, 0, 0),
            (0.986495874851, -0.0163338609447, 0.162969610322),
            (0.985938018366, -0.0166584174572, 0.166279045789),
            (0.986018305553, -0.0291848690395, 0.164061404766),
            (0.986870726146, 0.00931989177164, 0.161243013782),
            (0.986495874851, -0.0163338609447, 0.162969610322),
            (0.986018305553, -0.0291848690395, 0.164061404766),
            (-1, 0, 0),
            (-0.863994717873, 0.503500871388, 0),
            (-0.780223292759, 0.625501089876, 0),
            (-1, 0, 0),
            (-1, 0, 0),
            (-0.863994717873, 0.503500871388, 0),
            (0.985938018366, -0.0166584174572, 0.166279045789),
            (0.985715649396, -0.00410703104688, 0.168368022001),
            (0.98598157742, -0.00370377450649, 0.16681310213),
            (0.986018305553, -0.0291848690395, 0.164061404766),
            (0.985938018366, -0.0166584174572, 0.166279045789),
            (0.98598157742, -0.00370377450649, 0.16681310213),
            (0, 1, 0),
            (-0.780223292759, 0.625501089876, 0),
            (0, 1, 0),
            (-0.780223292759, 0.625501089876, 0),
            (-0.863994717873, 0.503500871388, 0),
            (0, 1, 0),
            (0, 1, 0),
            (0, 1, 0),
            (0, 1, 0),
            (0, 1, 0),
            (0, 1, 0),
            (0, 1, 0),
            (0, 1, 0),
            (0, 1, 0),
            (0, 1, 0),
            (0, 1, 0),
            (0, 1, 0),
            (0, 1, 0),
            (0, 1, 0),
            (0, 1, 0),
            (0, 1, 0),
            (0, 1, 0),
            (0, 1, 0),
            (0, 1, 0),
            (0, 1, 0),
            (0, 1, 0),
            (0, 1, 0),
            (0, 1, 0),
            (0, 1, 0),
            (0, 1, 0),
            (0, 1, 0),
            (0, 1, 0),
            (0, 1, 0),
            (0, 1, 0),
            (0, 1, 0),
            (0, 1, 0),
            (-0.00565786276994, -0.000745256901175, 0.999983716458),
            (-0.00428581078411, -0.00165697597675, 0.999989443073),
            (-0.00378395223608, 0.00586016139586, 0.999975669811),
            (-0.00345632171501, 0.00331770703941, 0.999988523264),
            (-0.00565786276994, -0.000745256901175, 0.999983716458),
            (-0.00378395223608, 0.00586016139586, 0.999975669811),
            (-0.00428581078411, -0.00165697597675, 0.999989443073),
            (-0.000708138130605, -0.00250193500919, 0.999996619425),
            (-0.00138596489579, 0.00880615645713, 0.999960264565),
            (-0.00378395223608, 0.00586016139586, 0.999975669811),
            (-0.00428581078411, -0.00165697597675, 0.999989443073),
            (-0.00138596489579, 0.00880615645713, 0.999960264565),
            (-0.000708138130605, -0.00250193500919, 0.999996619425),
            (0.00357714872891, -0.00480817157978, 0.999982042585),
            (0.00157318806249, 0.00914851004622, 0.999956913993),
            (-0.00138596489579, 0.00880615645713, 0.999960264565),
            (-0.000708138130605, -0.00250193500919, 0.999996619425),
            (0.00157318806249, 0.00914851004622, 0.999956913993),
            (0.00357714872891, -0.00480817157978, 0.999982042585),
            (0.00505420459722, -0.00901296004791, 0.999946609358),
            (0.00264336863513, 0.00677799625373, 0.999973535334),
            (0.00157318806249, 0.00914851004622, 0.999956913993),
            (0.00357714872891, -0.00480817157978, 0.999982042585),
            (0.00264336863513, 0.00677799625373, 0.999973535334),
            (0.00505420459722, -0.00901296004791, 0.999946609358),
            (0.0023450375717, -0.0131647455204, 0.99991059114),
            (0.00107354543712, 0.00364846496294, 0.999992768076),
            (0.00264336863513, 0.00677799625373, 0.999973535334),
            (0.00505420459722, -0.00901296004791, 0.999946609358),
            (0.00107354543712, 0.00364846496294, 0.999992768076),
            (0.0023450375717, -0.0131647455204, 0.99991059114),
            (0.00155039244813, -0.0152248126348, 0.999882893825),
            (-0.000766853666986, -0.00274811781386, 0.999995929884),
            (0.00107354543712, 0.00364846496294, 0.999992768076),
            (0.0023450375717, -0.0131647455204, 0.99991059114),
            (-0.000766853666986, -0.00274811781386, 0.999995929884),
            (-0.00345632171501, 0.00331770703941, 0.999988523264),
            (-0.00378395223608, 0.00586016139586, 0.999975669811),
            (0.00161369067215, 0.00627952288801, 0.999978981576),
            (0.0036900886409, 0.00172456282704, 0.99999170453),
            (-0.00345632171501, 0.00331770703941, 0.999988523264),
            (0.00161369067215, 0.00627952288801, 0.999978981576),
            (-0.00378395223608, 0.00586016139586, 0.999975669811),
            (-0.00138596489579, 0.00880615645713, 0.999960264565),
            (0.00172845323291, 0.0111714960967, 0.999936103021),
            (0.00161369067215, 0.00627952288801, 0.999978981576),
            (-0.00378395223608, 0.00586016139586, 0.999975669811),
            (0.00172845323291, 0.0111714960967, 0.999936103021),
            (-0.00138596489579, 0.00880615645713, 0.999960264565),
            (0.00157318806249, 0.00914851004622, 0.999956913993),
            (0.00139927999293, 0.0123327687428, 0.999922969448),
            (0.00172845323291, 0.0111714960967, 0.999936103021),
            (-0.00138596489579, 0.00880615645713, 0.999960264565),
            (0.00139927999293, 0.0123327687428, 0.999922969448),
            (0.00157318806249, 0.00914851004622, 0.999956913993),
            (0.00264336863513, 0.00677799625373, 0.999973535334),
            (0.000596299144501, 0.0108002132628, 0.999941498199),
            (0.00139927999293, 0.0123327687428, 0.999922969448),
            (0.00157318806249, 0.00914851004622, 0.999956913993),
            (0.000596299144501, 0.0108002132628, 0.999941498199),
            (0.00264336863513, 0.00677799625373, 0.999973535334),
            (0.00107354543712, 0.00364846496294, 0.999992768076),
            (5.15716889584e-05, 0.00975291934756, 0.999952437821),
            (0.000596299144501, 0.0108002132628, 0.999941498199),
            (0.00264336863513, 0.00677799625373, 0.999973535334),
            (5.15716889584e-05, 0.00975291934756, 0.999952437821),
            (0.00107354543712, 0.00364846496294, 0.999992768076),
            (-0.000766853666986, -0.00274811781386, 0.999995929884),
            (-0.00151737025775, 0.0129107308187, 0.999915501739),
            (5.15716889584e-05, 0.00975291934756, 0.999952437821),
            (0.00107354543712, 0.00364846496294, 0.999992768076),
            (-0.00151737025775, 0.0129107308187, 0.999915501739),
            (0.0036900886409, 0.00172456282704, 0.99999170453),
            (0.00161369067215, 0.00627952288801, 0.999978981576),
            (0.00475972474506, 0.000774529524975, 0.999988372495),
            (0.00642288824239, -0.000288009657162, 0.999979331565),
            (0.0036900886409, 0.00172456282704, 0.99999170453),
            (0.00475972474506, 0.000774529524975, 0.999988372495),
            (0.00161369067215, 0.00627952288801, 0.999978981576),
            (0.00172845323291, 0.0111714960967, 0.999936103021),
            (0.00233307859302, 0.000593585073978, 0.999997102196),
            (0.00475972474506, 0.000774529524975, 0.999988372495),
            (0.00161369067215, 0.00627952288801, 0.999978981576),
            (0.00233307859302, 0.000593585073978, 0.999997102196),
            (0.00172845323291, 0.0111714960967, 0.999936103021),
            (0.00139927999293, 0.0123327687428, 0.999922969448),
            (-0.000497629429614, -0.00182511778299, 0.999998210653),
            (0.00233307859302, 0.000593585073978, 0.999997102196),
            (0.00172845323291, 0.0111714960967, 0.999936103021),
            (-0.000497629429614, -0.00182511778299, 0.999998210653),
            (0.00139927999293, 0.0123327687428, 0.999922969448),
            (0.000596299144501, 0.0108002132628, 0.999941498199),
            (-0.00150741508769, -0.0046383178573, 0.999988106783),
            (-0.000497629429614, -0.00182511778299, 0.999998210653),
            (0.00139927999293, 0.0123327687428, 0.999922969448),
            (-0.00150741508769, -0.0046383178573, 0.999988106783),
            (0.000596299144501, 0.0108002132628, 0.999941498199),
            (5.15716889584e-05, 0.00975291934756, 0.999952437821),
            (0.000463354265739, -0.00536037374651, 0.999985525743),
            (-0.00150741508769, -0.0046383178573, 0.999988106783),
            (0.000596299144501, 0.0108002132628, 0.999941498199),
            (0.000463354265739, -0.00536037374651, 0.999985525743),
            (5.15716889584e-05, 0.00975291934756, 0.999952437821),
            (-0.00151737025775, 0.0129107308187, 0.999915501739),
            (0.000769817445328, -0.00253663638313, 0.999996486422),
            (0.000463354265739, -0.00536037374651, 0.999985525743),
            (5.15716889584e-05, 0.00975291934756, 0.999952437821),
            (0.000769817445328, -0.00253663638313, 0.999996486422),
            (0.00642288824239, -0.000288009657162, 0.999979331565),
            (0.00475972474506, 0.000774529524975, 0.999988372495),
            (0.00260322565844, -0.00839473964531, 0.999961375035),
            (0.00235852271829, -0.00412007088752, 0.99998873113),
            (0.00642288824239, -0.000288009657162, 0.999979331565),
            (0.00260322565844, -0.00839473964531, 0.999961375035),
            (0.00475972474506, 0.000774529524975, 0.999988372495),
            (0.00233307859302, 0.000593585073978, 0.999997102196),
            (-0.000937626400627, -0.0148961853325, 0.999888606055),
            (0.00260322565844, -0.00839473964531, 0.999961375035),
            (0.00475972474506, 0.000774529524975, 0.999988372495),
            (-0.000937626400627, -0.0148961853325, 0.999888606055),
            (0.00233307859302, 0.000593585073978, 0.999997102196),
            (-0.000497629429614, -0.00182511778299, 0.999998210653),
            (-0.00388363703056, -0.0204613318976, 0.999783102108),
            (-0.000937626400627, -0.0148961853325, 0.999888606055),
            (0.00233307859302, 0.000593585073978, 0.999997102196),
            (-0.00388363703056, -0.0204613318976, 0.999783102108),
            (-0.000497629429614, -0.00182511778299, 0.999998210653),
            (-0.00150741508769, -0.0046383178573, 0.999988106783),
            (-0.00335671087078, -0.0239556440606, 0.999707386994),
            (-0.00388363703056, -0.0204613318976, 0.999783102108),
            (-0.000497629429614, -0.00182511778299, 0.999998210653),
            (-0.00335671087078, -0.0239556440606, 0.999707386994),
            (-0.00150741508769, -0.0046383178573, 0.999988106783),
            (0.000463354265739, -0.00536037374651, 0.999985525743),
            (0.00102569488058, -0.025081629716, 0.99968488025),
            (-0.00335671087078, -0.0239556440606, 0.999707386994),
            (-0.00150741508769, -0.0046383178573, 0.999988106783),
            (0.00102569488058, -0.025081629716, 0.99968488025),
            (0.000463354265739, -0.00536037374651, 0.999985525743),
            (0.000769817445328, -0.00253663638313, 0.999996486422),
            (0.00397197176911, -0.0201441088524, 0.99978919694),
            (0.00102569488058, -0.025081629716, 0.99968488025),
            (0.000463354265739, -0.00536037374651, 0.999985525743),
            (0.00397197176911, -0.0201441088524, 0.99978919694),
            (0.00235852271829, -0.00412007088752, 0.99998873113),
            (0.00260322565844, -0.00839473964531, 0.999961375035),
            (-0.00382744686143, -0.00209073743178, 0.999990489689),
            (-0.00396342678297, 0.000827249913884, 0.999991803419),
            (0.00235852271829, -0.00412007088752, 0.99998873113),
            (-0.00382744686143, -0.00209073743178, 0.999990489689),
            (0.00260322565844, -0.00839473964531, 0.999961375035),
            (-0.000937626400627, -0.0148961853325, 0.999888606055),
            (-0.00629656664679, -0.0052537166674, 0.99996637529),
            (-0.00382744686143, -0.00209073743178, 0.999990489689),
            (0.00260322565844, -0.00839473964531, 0.999961375035),
            (-0.00629656664679, -0.0052537166674, 0.99996637529),
            (-0.000937626400627, -0.0148961853325, 0.999888606055),
            (-0.00388363703056, -0.0204613318976, 0.999783102108),
            (-0.00726341468559, -0.00620095802919, 0.999954394423),
            (-0.00629656664679, -0.0052537166674, 0.99996637529),
            (-0.000937626400627, -0.0148961853325, 0.999888606055),
            (-0.00726341468559, -0.00620095802919, 0.999954394423),
            (-0.00388363703056, -0.0204613318976, 0.999783102108),
            (-0.00335671087078, -0.0239556440606, 0.999707386994),
            (-0.00503514676933, -0.00585480035661, 0.99997018386),
            (-0.00726341468559, -0.00620095802919, 0.999954394423),
            (-0.00388363703056, -0.0204613318976, 0.999783102108),
            (-0.00503514676933, -0.00585480035661, 0.99997018386),
            (-0.00335671087078, -0.0239556440606, 0.999707386994),
            (0.00102569488058, -0.025081629716, 0.99968488025),
            (-0.000297534341744, -0.00675456102884, 0.999977143428),
            (-0.00503514676933, -0.00585480035661, 0.99997018386),
            (-0.00335671087078, -0.0239556440606, 0.999707386994),
            (-0.000297534341744, -0.00675456102884, 0.999977143428),
            (0.00102569488058, -0.025081629716, 0.99968488025),
            (0.00397197176911, -0.0201441088524, 0.99978919694),
            (0.00422879834447, -0.0181558546672, 0.999826226004),
            (-0.000297534341744, -0.00675456102884, 0.999977143428),
            (0.00102569488058, -0.025081629716, 0.99968488025),
            (0.00422879834447, -0.0181558546672, 0.999826226004),
            (-0.00396342678297, 0.000827249913884, 0.999991803419),
            (-0.00382744686143, -0.00209073743178, 0.999990489689),
            (-0.00284292424388, 0.00221427265541, 0.999993507368),
            (-0.00220012595758, 0.000397295432298, 0.999997500798),
            (-0.00396342678297, 0.000827249913884, 0.999991803419),
            (-0.00284292424388, 0.00221427265541, 0.999993507368),
            (-0.00382744686143, -0.00209073743178, 0.999990489689),
            (-0.00629656664679, -0.0052537166674, 0.99996637529),
            (-0.00330077102524, 0.00699799692791, 0.999970066027),
            (-0.00284292424388, 0.00221427265541, 0.999993507368),
            (-0.00382744686143, -0.00209073743178, 0.999990489689),
            (-0.00330077102524, 0.00699799692791, 0.999970066027),
            (-0.00629656664679, -0.0052537166674, 0.99996637529),
            (-0.00726341468559, -0.00620095802919, 0.999954394423),
            (-0.0029344585325, 0.013761685846, 0.999900997577),
            (-0.00330077102524, 0.00699799692791, 0.999970066027),
            (-0.00629656664679, -0.0052537166674, 0.99996637529),
            (-0.0029344585325, 0.013761685846, 0.999900997577),
            (-0.00726341468559, -0.00620095802919, 0.999954394423),
            (-0.00503514676933, -0.00585480035661, 0.99997018386),
            (-0.00194538200252, 0.0197165743448, 0.999803716829),
            (-0.0029344585325, 0.013761685846, 0.999900997577),
            (-0.00726341468559, -0.00620095802919, 0.999954394423),
            (-0.00194538200252, 0.0197165743448, 0.999803716829),
            (-0.00503514676933, -0.00585480035661, 0.99997018386),
            (-0.000297534341744, -0.00675456102884, 0.999977143428),
            (-0.00117440714346, 0.0216692708438, 0.999764504005),
            (-0.00194538200252, 0.0197165743448, 0.999803716829),
            (-0.00503514676933, -0.00585480035661, 0.99997018386),
            (-0.00117440714346, 0.0216692708438, 0.999764504005),
            (-0.000297534341744, -0.00675456102884, 0.999977143428),
            (0.00422879834447, -0.0181558546672, 0.999826226004),
            (0.00164170569303, 0.0216380216424, 0.999764522686),
            (-0.00117440714346, 0.0216692708438, 0.999764504005),
            (-0.000297534341744, -0.00675456102884, 0.999977143428),
            (0.00164170569303, 0.0216380216424, 0.999764522686),
            (-0.00220012595758, 0.000397295432298, 0.999997500798),
            (-0.00284292424388, 0.00221427265541, 0.999993507368),
            (0.000556764231031, 0.00521360715711, 0.999986254063),
            (0.000423581412031, 0.00224261639091, 0.999997395622),
            (-0.00220012595758, 0.000397295432298, 0.999997500798),
            (0.000556764231031, 0.00521360715711, 0.999986254063),
            (-0.00284292424388, 0.00221427265541, 0.999993507368),
            (-0.00330077102524, 0.00699799692791, 0.999970066027),
            (0.00228219389714, 0.0113592301965, 0.999932877487),
            (0.000556764231031, 0.00521360715711, 0.999986254063),
            (-0.00284292424388, 0.00221427265541, 0.999993507368),
            (0.00228219389714, 0.0113592301965, 0.999932877487),
            (-0.00330077102524, 0.00699799692791, 0.999970066027),
            (-0.0029344585325, 0.013761685846, 0.999900997577),
            (0.00301238040661, 0.0182413535052, 0.999829074686),
            (0.00228219389714, 0.0113592301965, 0.999932877487),
            (-0.00330077102524, 0.00699799692791, 0.999970066027),
            (0.00301238040661, 0.0182413535052, 0.999829074686),
            (-0.0029344585325, 0.013761685846, 0.999900997577),
            (-0.00194538200252, 0.0197165743448, 0.999803716829),
            (0.00128307691948, 0.0230618250892, 0.999733217382),
            (0.00301238040661, 0.0182413535052, 0.999829074686),
            (-0.0029344585325, 0.013761685846, 0.999900997577),
            (0.00128307691948, 0.0230618250892, 0.999733217382),
            (-0.00194538200252, 0.0197165743448, 0.999803716829),
            (-0.00117440714346, 0.0216692708438, 0.999764504005),
            (-0.00273016345148, 0.0237808116785, 0.999713468552),
            (0.00128307691948, 0.0230618250892, 0.999733217382),
            (-0.00194538200252, 0.0197165743448, 0.999803716829),
            (-0.00273016345148, 0.0237808116785, 0.999713468552),
            (-0.00117440714346, 0.0216692708438, 0.999764504005),
            (0.00164170569303, 0.0216380216424, 0.999764522686),
            (-0.00340000985152, 0.0200827017413, 0.999792540992),
            (-0.00273016345148, 0.0237808116785, 0.999713468552),
            (-0.00117440714346, 0.0216692708438, 0.999764504005),
            (-0.00340000985152, 0.0200827017413, 0.999792540992),
            (0.000423581412031, 0.00224261639091, 0.999997395622),
            (0.000556764231031, 0.00521360715711, 0.999986254063),
            (0.00410474310836, -0.00322567075182, 0.999986372973),
            (0.00189628871176, -0.00276794949981, 0.999994371257),
            (0.000423581412031, 0.00224261639091, 0.999997395622),
            (0.00410474310836, -0.00322567075182, 0.999986372973),
            (0.000556764231031, 0.00521360715711, 0.999986254063),
            (0.00228219389714, 0.0113592301965, 0.999932877487),
            (0.00687189838501, -0.00320805316704, 0.99997124229),
            (0.00410474310836, -0.00322567075182, 0.999986372973),
            (0.000556764231031, 0.00521360715711, 0.999986254063),
            (0.00687189838501, -0.00320805316704, 0.99997124229),
            (0.00228219389714, 0.0113592301965, 0.999932877487),
            (0.00301238040661, 0.0182413535052, 0.999829074686),
            (0.0069334442, -0.00308276722738, 0.999971211534),
            (0.00687189838501, -0.00320805316704, 0.99997124229),
            (0.00228219389714, 0.0113592301965, 0.999932877487),
            (0.0069334442, -0.00308276722738, 0.999971211534),
            (0.00301238040661, 0.0182413535052, 0.999829074686),
            (0.00128307691948, 0.0230618250892, 0.999733217382),
            (0.00294407579171, -0.00351490360416, 0.99998948888),
            (0.0069334442, -0.00308276722738, 0.999971211534),
            (0.00301238040661, 0.0182413535052, 0.999829074686),
            (0.00294407579171, -0.00351490360416, 0.99998948888),
            (0.00128307691948, 0.0230618250892, 0.999733217382),
            (-0.00273016345148, 0.0237808116785, 0.999713468552),
            (-0.0035347533042, -0.0037732451423, 0.999986633981),
            (0.00294407579171, -0.00351490360416, 0.99998948888),
            (0.00128307691948, 0.0230618250892, 0.999733217382),
            (-0.0035347533042, -0.0037732451423, 0.999986633981),
            (-0.00273016345148, 0.0237808116785, 0.999713468552),
            (-0.00340000985152, 0.0200827017413, 0.999792540992),
            (-0.00738855571901, 0.00597333468571, 0.99995486324),
            (-0.0035347533042, -0.0037732451423, 0.999986633981),
            (-0.00273016345148, 0.0237808116785, 0.999713468552),
            (-0.00738855571901, 0.00597333468571, 0.99995486324),
            (0.00189628871176, -0.00276794949981, 0.999994371257),
            (0.00410474310836, -0.00322567075182, 0.999986372973),
            (0.000887307802008, -0.00551745319351, 0.999984385076),
            (-0.00285344683189, 0, 0.999995928912),
            (0.00189628871176, -0.00276794949981, 0.999994371257),
            (0.000887307802008, -0.00551745319351, 0.999984385076),
            (0.00410474310836, -0.00322567075182, 0.999986372973),
            (0.00687189838501, -0.00320805316704, 0.99997124229),
            (0.00417411472016, -0.0135783185127, 0.999899097926),
            (0.000887307802008, -0.00551745319351, 0.999984385076),
            (0.00410474310836, -0.00322567075182, 0.999986372973),
            (0.00417411472016, -0.0135783185127, 0.999899097926),
            (0.00687189838501, -0.00320805316704, 0.99997124229),
            (0.0069334442, -0.00308276722738, 0.999971211534),
            (0.00481301367927, -0.0219168633175, 0.999748211302),
            (0.00417411472016, -0.0135783185127, 0.999899097926),
            (0.00687189838501, -0.00320805316704, 0.99997124229),
            (0.00481301367927, -0.0219168633175, 0.999748211302),
            (0.0069334442, -0.00308276722738, 0.999971211534),
            (0.00294407579171, -0.00351490360416, 0.99998948888),
            (0.0015609287192, -0.0302263141443, 0.999541861772),
            (0.00481301367927, -0.0219168633175, 0.999748211302),
            (0.0069334442, -0.00308276722738, 0.999971211534),
            (0.0015609287192, -0.0302263141443, 0.999541861772),
            (0.00294407579171, -0.00351490360416, 0.99998948888),
            (-0.0035347533042, -0.0037732451423, 0.999986633981),
            (-0.00373900695775, -0.0363476166012, 0.999332212327),
            (0.0015609287192, -0.0302263141443, 0.999541861772),
            (0.00294407579171, -0.00351490360416, 0.99998948888),
            (-0.00373900695775, -0.0363476166012, 0.999332212327),
            (-0.0035347533042, -0.0037732451423, 0.999986633981),
            (-0.00738855571901, 0.00597333468571, 0.99995486324),
            (-0.00822708907329, -0.0379982810028, 0.999243937007),
            (-0.00373900695775, -0.0363476166012, 0.999332212327),
            (-0.0035347533042, -0.0037732451423, 0.999986633981),
            (-0.00822708907329, -0.0379982810028, 0.999243937007),
            (0.00245113691807, 0.0158810240806, -0.999870884166),
            (0.00358459945961, 0.0126219405106, -0.999913914927),
            (0.00508261544348, 0.0148124151038, -0.999877372171),
            (0, -1, 0),
            (0, -1, 0),
            (0, -1, 0),
            (0.00245113691807, 0.0158810240806, -0.999870884166),
            (0.000171336867767, 0.0140991106096, -0.99990058792),
            (0.00358459945961, 0.0126219405106, -0.999913914927),
            (-0.983874389521, 0.0770724647121, 0.161403286297),
            (-0.985558693433, 0.049612956049, 0.161903108031),
            (-0.986354344337, 0.0217911430994, 0.16318778597),
            (0, -1, 0),
            (0, -1, 0),
            (0, -1, 0),
            (-0.983874389521, 0.0770724647121, 0.161403286297),
            (-0.983967992083, 0.0772366968085, 0.160752863807),
            (-0.985558693433, 0.049612956049, 0.161903108031),
            (0.00508261544348, 0.0148124151038, -0.999877372171),
            (0.00525325532979, 0.0110352869987, -0.999925310085),
            (0.00502785491228, 0.0154467812315, -0.999868050107),
            (0, -1, 0),
            (0, -1, 0),
            (0, -1, 0),
            (0.00508261544348, 0.0148124151038, -0.999877372171),
            (0.00358459945961, 0.0126219405106, -0.999913914927),
            (0.00525325532979, 0.0110352869987, -0.999925310085),
            (0, -1, 0),
            (0, -1, 0),
            (0, -1, 0),
            (0.00502785491228, 0.0154467812315, -0.999868050107),
            (0.00259673524114, 0.0107910542052, -0.999938403161),
            (0.0023339270149, 0.0156167957778, -0.999875326465),
            (0, -1, 0),
            (0, -1, 0),
            (0, -1, 0),
            (0.00502785491228, 0.0154467812315, -0.999868050107),
            (0.00525325532979, 0.0110352869987, -0.999925310085),
            (0.00259673524114, 0.0107910542052, -0.999938403161),
            (0, -1, 0),
            (0, -1, 0),
            (0, -1, 0),
            (0.0023339270149, 0.0156167957778, -0.999875326465),
            (-0.00173508321384, 0.00986147946766, -0.999949869098),
            (-0.000214822551431, 0.0124179188259, -0.999922871597),
            (0, -1, 0),
            (0, -1, 0),
            (0, -1, 0),
            (0.0023339270149, 0.0156167957778, -0.999875326465),
            (0.00259673524114, 0.0107910542052, -0.999938403161),
            (-0.00173508321384, 0.00986147946766, -0.999949869098),
            (0, -1, 0),
            (0, -1, 0),
            (0, -1, 0),
            (-0.000214822551431, 0.0124179188259, -0.999922871597),
            (-0.00418107464562, 0.00636578730505, -0.999970997263),
            (-0.000668376597938, 0.00554633776252, -0.999984395583),
            (0, -1, 0),
            (0, -1, 0),
            (0, -1, 0),
            (-0.000214822551431, 0.0124179188259, -0.999922871597),
            (-0.00173508321384, 0.00986147946766, -0.999949869098),
            (-0.00418107464562, 0.00636578730505, -0.999970997263),
            (0, -1, 0),
            (0, -1, 0),
            (0, -1, 0),
            (-0.000668376597938, 0.00554633776252, -0.999984395583),
            (-0.00276364262347, 0.0027922556634, -0.999992282764),
            (0.00185715094386, 0, -0.999998275494),
            (0, -1, 0),
            (0.855871848037, -0.517187953976, 0),
            (0.771558669488, -0.636158171793, 0),
            (-0.000668376597938, 0.00554633776252, -0.999984395583),
            (-0.00418107464562, 0.00636578730505, -0.999970997263),
            (-0.00276364262347, 0.0027922556634, -0.999992282764),
            (0, -1, 0),
            (0.771558669488, -0.636158171793, 0),
            (0, -1, 0),
            (0.855871848037, -0.517187953976, 0),
            (1, 0, 0),
            (1, 0, 0),
            (0.771558669488, -0.636158171793, 0),
            (0.855871848037, -0.517187953976, 0),
            (1, 0, 0),
            (0.000171336867767, 0.0140991106096, -0.99990058792),
            (0.000662006084649, -0.00257493967911, -0.999996465711),
            (0.00358459945961, 0.0126219405106, -0.999913914927),
            (0.000171336867767, 0.0140991106096, -0.99990058792),
            (-0.00216636165246, -0.00580596314765, -0.99998079865),
            (0.000662006084649, -0.00257493967911, -0.999996465711),
            (-0.986354344337, 0.0217911430994, 0.16318778597),
            (-0.986329785241, -0.0170916794784, 0.163894567445),
            (-0.98588448489, -0.0283636263469, 0.165006930622),
            (-0.986354344337, 0.0217911430994, 0.16318778597),
            (-0.985558693433, 0.049612956049, 0.161903108031),
            (-0.986329785241, -0.0170916794784, 0.163894567445),
            (0.00358459945961, 0.0126219405106, -0.999913914927),
            (0.00364383142211, -0.00479588187376, -0.99998186084),
            (0.00525325532979, 0.0110352869987, -0.999925310085),
            (0.00358459945961, 0.0126219405106, -0.999913914927),
            (0.000662006084649, -0.00257493967911, -0.999996465711),
            (0.00364383142211, -0.00479588187376, -0.99998186084),
            (0.00525325532979, 0.0110352869987, -0.999925310085),
            (0.0025091203729, -0.00552447683213, -0.999981592066),
            (0.00259673524114, 0.0107910542052, -0.999938403161),
            (0.00525325532979, 0.0110352869987, -0.999925310085),
            (0.00364383142211, -0.00479588187376, -0.99998186084),
            (0.0025091203729, -0.00552447683213, -0.999981592066),
            (0.00259673524114, 0.0107910542052, -0.999938403161),
            (-0.00168940813867, -0.00368916170378, -0.999991767959),
            (-0.00173508321384, 0.00986147946766, -0.999949869098),
            (0.00259673524114, 0.0107910542052, -0.999938403161),
            (0.0025091203729, -0.00552447683213, -0.999981592066),
            (-0.00168940813867, -0.00368916170378, -0.999991767959),
            (-0.00173508321384, 0.00986147946766, -0.999949869098),
            (-0.00540130701593, -0.000640864619412, -0.999985207478),
            (-0.00418107464562, 0.00636578730505, -0.999970997263),
            (-0.00173508321384, 0.00986147946766, -0.999949869098),
            (-0.00168940813867, -0.00368916170378, -0.999991767959),
            (-0.00540130701593, -0.000640864619412, -0.999985207478),
            (-0.00418107464562, 0.00636578730505, -0.999970997263),
            (-0.00705448659175, 0.00116522828683, -0.999974437904),
            (-0.00276364262347, 0.0027922556634, -0.999992282764),
            (-0.00418107464562, 0.00636578730505, -0.999970997263),
            (-0.00540130701593, -0.000640864619412, -0.999985207478),
            (-0.00705448659175, 0.00116522828683, -0.999974437904),
            (1, 0, 0),
            (1, 0, 0),
            (1, 0, 0),
            (1, 0, 0),
            (1, 0, 0),
            (1, 0, 0),
            (-0.00216636165246, -0.00580596314765, -0.99998079865),
            (-0.00116403782009, -0.00646263812125, -0.99997843943),
            (0.000662006084649, -0.00257493967911, -0.999996465711),
            (-0.00216636165246, -0.00580596314765, -0.99998079865),
            (-0.00138981293899, -0.00379769900597, -0.999991822918),
            (-0.00116403782009, -0.00646263812125, -0.99997843943),
            (-0.98588448489, -0.0283636263469, 0.165006930622),
            (-0.985489637832, -0.0380621364644, 0.165412960476),
            (-0.985469435834, -0.0367206235107, 0.165836023967),
            (-0.98588448489, -0.0283636263469, 0.165006930622),
            (-0.986329785241, -0.0170916794784, 0.163894567445),
            (-0.985489637832, -0.0380621364644, 0.165412960476),
            (0.000662006084649, -0.00257493967911, -0.999996465711),
            (0.00144161352285, -0.00905035838609, -0.9999580055),
            (0.00364383142211, -0.00479588187376, -0.99998186084),
            (0.000662006084649, -0.00257493967911, -0.999996465711),
            (-0.00116403782009, -0.00646263812125, -0.99997843943),
            (0.00144161352285, -0.00905035838609, -0.9999580055),
            (0.00364383142211, -0.00479588187376, -0.99998186084),
            (0.00271460533155, -0.0117272617095, -0.999927548501),
            (0.0025091203729, -0.00552447683213, -0.999981592066),
            (0.00364383142211, -0.00479588187376, -0.99998186084),
            (0.00144161352285, -0.00905035838609, -0.9999580055),
            (0.00271460533155, -0.0117272617095, -0.999927548501),
            (0.0025091203729, -0.00552447683213, -0.999981592066),
            (0.00159901053728, -0.0111765157518, -0.999936262299),
            (-0.00168940813867, -0.00368916170378, -0.999991767959),
            (0.0025091203729, -0.00552447683213, -0.999981592066),
            (0.00271460533155, -0.0117272617095, -0.999927548501),
            (0.00159901053728, -0.0111765157518, -0.999936262299),
            (-0.00168940813867, -0.00368916170378, -0.999991767959),
            (-0.000703719373733, -0.00672305421905, -0.999977152399),
            (-0.00540130701593, -0.000640864619412, -0.999985207478),
            (-0.00168940813867, -0.00368916170378, -0.999991767959),
            (0.00159901053728, -0.0111765157518, -0.999936262299),
            (-0.000703719373733, -0.00672305421905, -0.999977152399),
            (-0.00540130701593, -0.000640864619412, -0.999985207478),
            (-0.00357679813255, -0.00265986718205, -0.999990065762),
            (-0.00705448659175, 0.00116522828683, -0.999974437904),
            (-0.00540130701593, -0.000640864619412, -0.999985207478),
            (-0.000703719373733, -0.00672305421905, -0.999977152399),
            (-0.00357679813255, -0.00265986718205, -0.999990065762),
            (1, 0, 0),
            (1, 0, 0),
            (1, 0, 0),
            (1, 0, 0),
            (1, 0, 0),
            (1, 0, 0),
            (-0.00138981293899, -0.00379769900597, -0.999991822918),
            (-0.00161530996564, 0.0133143945451, -0.999910054791),
            (-0.00116403782009, -0.00646263812125, -0.99997843943),
            (-0.00138981293899, -0.00379769900597, -0.999991822918),
            (0.00156398076756, 0.0151711176716, -0.999883688812),
            (-0.00161530996564, 0.0133143945451, -0.999910054791),
            (-0.985469435834, -0.0367206235107, 0.165836023967),
            (-0.98612534242, 0.0058865053747, 0.165898035224),
            (-0.985119557271, 0.0472329308746, 0.165252861167),
            (-0.985469435834, -0.0367206235107, 0.165836023967),
            (-0.985489637832, -0.0380621364644, 0.165412960476),
            (-0.98612534242, 0.0058865053747, 0.165898035224),
            (-0.00116403782009, -0.00646263812125, -0.99997843943),
            (-0.00229776459476, 0.0109328448629, -0.999937594643),
            (0.00144161352285, -0.00905035838609, -0.9999580055),
            (-0.00116403782009, -0.00646263812125, -0.99997843943),
            (-0.00161530996564, 0.0133143945451, -0.999910054791),
            (-0.00229776459476, 0.0109328448629, -0.999937594643),
            (0.00144161352285, -0.00905035838609, -0.9999580055),
            (-0.000724618797833, 0.00526178919113, -0.999985894152),
            (0.00271460533155, -0.0117272617095, -0.999927548501),
            (0.00144161352285, -0.00905035838609, -0.9999580055),
            (-0.00229776459476, 0.0109328448629, -0.999937594643),
            (-0.000724618797833, 0.00526178919113, -0.999985894152),
            (0.00271460533155, -0.0117272617095, -0.999927548501),
            (0.00122920870453, 7.7547038751e-05, -0.999999241516),
            (0.00159901053728, -0.0111765157518, -0.999936262299),
            (0.00271460533155, -0.0117272617095, -0.999927548501),
            (-0.000724618797833, 0.00526178919113, -0.999985894152),
            (0.00122920870453, 7.7547038751e-05, -0.999999241516),
            (0.00159901053728, -0.0111765157518, -0.999936262299),
            (0.00185906306015, -0.00185527713962, -0.99999655091),
            (-0.000703719373733, -0.00672305421905, -0.999977152399),
            (0.00159901053728, -0.0111765157518, -0.999936262299),
            (0.00122920870453, 7.7547038751e-05, -0.999999241516),
            (0.00185906306015, -0.00185527713962, -0.99999655091),
            (-0.000703719373733, -0.00672305421905, -0.999977152399),
            (0.00123742068228, -0.00156425667664, -0.999998010944),
            (-0.00357679813255, -0.00265986718205, -0.999990065762),
            (-0.000703719373733, -0.00672305421905, -0.999977152399),
            (0.00185906306015, -0.00185527713962, -0.99999655091),
            (0.00123742068228, -0.00156425667664, -0.999998010944),
            (1, 0, 0),
            (1, 0, 0),
            (1, 0, 0),
            (1, 0, 0),
            (1, 0, 0),
            (1, 0, 0),
            (0.00156398076756, 0.0151711176716, -0.999883688812),
            (-0.000283356490168, 0.00983382196548, -0.999951606656),
            (-0.00161530996564, 0.0133143945451, -0.999910054791),
            (0.00156398076756, 0.0151711176716, -0.999883688812),
            (0.00471206291952, 0.00359424457812, -0.99998243878),
            (-0.000283356490168, 0.00983382196548, -0.999951606656),
            (-0.985119557271, 0.0472329308746, 0.165252861167),
            (-0.984799701441, 0.0549465310772, 0.16477386554),
            (-0.986185710151, 0.0218534187002, 0.16419553339),
            (-0.985119557271, 0.0472329308746, 0.165252861167),
            (-0.98612534242, 0.0058865053747, 0.165898035224),
            (-0.984799701441, 0.0549465310772, 0.16477386554),
            (-0.00161530996564, 0.0133143945451, -0.999910054791),
            (-0.00518745543762, 0.0111498219103, -0.99992438303),
            (-0.00229776459476, 0.0109328448629, -0.999937594643),
            (-0.00161530996564, 0.0133143945451, -0.999910054791),
            (-0.000283356490168, 0.00983382196548, -0.999951606656),
            (-0.00518745543762, 0.0111498219103, -0.99992438303),
            (-0.00229776459476, 0.0109328448629, -0.999937594643),
            (-0.00580710475823, 0.00897571990693, -0.99994285536),
            (-0.000724618797833, 0.00526178919113, -0.999985894152),
            (-0.00229776459476, 0.0109328448629, -0.999937594643),
            (-0.00518745543762, 0.0111498219103, -0.99992438303),
            (-0.00580710475823, 0.00897571990693, -0.99994285536),
            (-0.000724618797833, 0.00526178919113, -0.999985894152),
            (-0.00298819251896, 0.00494991256377, -0.999983284396),
            (0.00122920870453, 7.7547038751e-05, -0.999999241516),
            (-0.000724618797833, 0.00526178919113, -0.999985894152),
            (-0.00580710475823, 0.00897571990693, -0.99994285536),
            (-0.00298819251896, 0.00494991256377, -0.999983284396),
            (0.00122920870453, 7.7547038751e-05, -0.999999241516),
            (9.25670927984e-05, 0.00180699167514, -0.999998363105),
            (0.00185906306015, -0.00185527713962, -0.99999655091),
            (0.00122920870453, 7.7547038751e-05, -0.999999241516),
            (-0.00298819251896, 0.00494991256377, -0.999983284396),
            (9.25670927984e-05, 0.00180699167514, -0.999998363105),
            (0.00185906306015, -0.00185527713962, -0.99999655091),
            (0.00114708921463, 0.000836727328921, -0.999998992036),
            (0.00123742068228, -0.00156425667664, -0.999998010944),
            (0.00185906306015, -0.00185527713962, -0.99999655091),
            (9.25670927984e-05, 0.00180699167514, -0.999998363105),
            (0.00114708921463, 0.000836727328921, -0.999998992036),
            (1, 0, 0),
            (1, 0, 0),
            (1, 0, 0),
            (1, 0, 0),
            (1, 0, 0),
            (1, 0, 0),
            (0.00471206291952, 0.00359424457812, -0.99998243878),
            (0.00252488098421, -0.0118518761005, -0.999926576309),
            (-0.000283356490168, 0.00983382196548, -0.999951606656),
            (0.00471206291952, 0.00359424457812, -0.99998243878),
            (0.00555210381125, -0.0145995826616, -0.999878005723),
            (0.00252488098421, -0.0118518761005, -0.999926576309),
            (-0.986185710151, 0.0218534187002, 0.16419553339),
            (-0.986000915428, -0.0312770269098, 0.163780164744),
            (-0.985261195566, -0.0509971971401, 0.163277868665),
            (-0.986185710151, 0.0218534187002, 0.16419553339),
            (-0.984799701441, 0.0549465310772, 0.16477386554),
            (-0.986000915428, -0.0312770269098, 0.163780164744),
            (-0.000283356490168, 0.00983382196548, -0.999951606656),
            (-0.00326196824227, -0.00843162961871, -0.999959132758),
            (-0.00518745543762, 0.0111498219103, -0.99992438303),
            (-0.000283356490168, 0.00983382196548, -0.999951606656),
            (0.00252488098421, -0.0118518761005, -0.999926576309),
            (-0.00326196824227, -0.00843162961871, -0.999959132758),
            (-0.00518745543762, 0.0111498219103, -0.99992438303),
            (-0.00577694395945, -0.00457031055925, -0.999972869222),
            (-0.00580710475823, 0.00897571990693, -0.99994285536),
            (-0.00518745543762, 0.0111498219103, -0.99992438303),
            (-0.00326196824227, -0.00843162961871, -0.999959132758),
            (-0.00577694395945, -0.00457031055925, -0.999972869222),
            (-0.00580710475823, 0.00897571990693, -0.99994285536),
            (-0.00400306330475, -0.00216447980655, -0.999989645202),
            (-0.00298819251896, 0.00494991256377, -0.999983284396),
            (-0.00580710475823, 0.00897571990693, -0.99994285536),
            (-0.00577694395945, -0.00457031055925, -0.999972869222),
            (-0.00400306330475, -0.00216447980655, -0.999989645202),
            (-0.00298819251896, 0.00494991256377, -0.999983284396),
            (-0.00027153417023, -0.00106482296834, -0.99999939621),
            (9.25670927984e-05, 0.00180699167514, -0.999998363105),
            (-0.00298819251896, 0.00494991256377, -0.999983284396),
            (-0.00400306330475, -0.00216447980655, -0.999989645202),
            (-0.00027153417023, -0.00106482296834, -0.99999939621),
            (9.25670927984e-05, 0.00180699167514, -0.999998363105),
            (0.00101877930308, -0.00034189912304, -0.999999422597),
            (0.00114708921463, 0.000836727328921, -0.999998992036),
            (9.25670927984e-05, 0.00180699167514, -0.999998363105),
            (-0.00027153417023, -0.00106482296834, -0.99999939621),
            (0.00101877930308, -0.00034189912304, -0.999999422597),
            (1, 0, 0),
            (1, 0, 0),
            (1, 0, 0),
            (1, 0, 0),
            (1, 0, 0),
            (1, 0, 0),
            (0.00555210381125, -0.0145995826616, -0.999878005723),
            (0.00371821761662, -0.0244519916926, -0.99969409069),
            (0.00252488098421, -0.0118518761005, -0.999926576309),
            (0.00555210381125, -0.0145995826616, -0.999878005723),
            (0.00235225867272, -0.0242228589302, -0.99970381613),
            (0.00371821761662, -0.0244519916926, -0.99969409069),
            (-0.985261195566, -0.0509971971401, 0.163277868665),
            (-0.986154138632, -0.0281246470501, 0.163428942011),
            (-0.986373376315, 0.0145008888005, 0.163881929209),
            (-0.985261195566, -0.0509971971401, 0.163277868665),
            (-0.986000915428, -0.0312770269098, 0.163780164744),
            (-0.986154138632, -0.0281246470501, 0.163428942011),
            (0.00252488098421, -0.0118518761005, -0.999926576309),
            (0.00139603957127, -0.0217068752262, -0.999763403332),
            (-0.00326196824227, -0.00843162961871, -0.999959132758),
            (0.00252488098421, -0.0118518761005, -0.999926576309),
            (0.00371821761662, -0.0244519916926, -0.99969409069),
            (0.00139603957127, -0.0217068752262, -0.999763403332),
            (-0.00326196824227, -0.00843162961871, -0.999959132758),
            (-0.00071229320574, -0.0148704756749, -0.999889174655),
            (-0.00577694395945, -0.00457031055925, -0.999972869222),
            (-0.00326196824227, -0.00843162961871, -0.999959132758),
            (0.00139603957127, -0.0217068752262, -0.999763403332),
            (-0.00071229320574, -0.0148704756749, -0.999889174655),
            (-0.00577694395945, -0.00457031055925, -0.999972869222),
            (-0.000633260519957, -0.00766186166861, -0.999970446992),
            (-0.00400306330475, -0.00216447980655, -0.999989645202),
            (-0.00577694395945, -0.00457031055925, -0.999972869222),
            (-0.00071229320574, -0.0148704756749, -0.999889174655),
            (-0.000633260519957, -0.00766186166861, -0.999970446992),
            (-0.00400306330475, -0.00216447980655, -0.999989645202),
            (0.00157110335765, -0.0027419995345, -0.999995006524),
            (-0.00027153417023, -0.00106482296834, -0.99999939621),
            (-0.00400306330475, -0.00216447980655, -0.999989645202),
            (-0.000633260519957, -0.00766186166861, -0.999970446992),
            (0.00157110335765, -0.0027419995345, -0.999995006524),
            (-0.00027153417023, -0.00106482296834, -0.99999939621),
            (0.00237721863473, -0.000640126996212, -0.99999696953),
            (0.00101877930308, -0.00034189912304, -0.999999422597),
            (-0.00027153417023, -0.00106482296834, -0.99999939621),
            (0.00157110335765, -0.0027419995345, -0.999995006524),
            (0.00237721863473, -0.000640126996212, -0.99999696953),
            (1, 0, 0),
            (1, 0, 0),
            (1, 0, 0),
            (1, 0, 0),
            (1, 0, 0),
            (1, 0, 0),
            (0.00235225867272, -0.0242228589302, -0.99970381613),
            (0.00115994047002, 0.00151689755936, -0.999998176778),
            (0.00371821761662, -0.0244519916926, -0.99969409069),
            (0.00235225867272, -0.0242228589302, -0.99970381613),
            (-0.00382551223401, 0.0157787089145, -0.999868190214),
            (0.00115994047002, 0.00151689755936, -0.999998176778),
            (-0.986373376315, 0.0145008888005, 0.163881929209),
            (-0.985369465653, 0.0459155600633, 0.164130367397),
            (-0.985679130524, 0.03432176776, 0.165101992439),
            (-0.986373376315, 0.0145008888005, 0.163881929209),
            (-0.986154138632, -0.0281246470501, 0.163428942011),
            (-0.985369465653, 0.0459155600633, 0.164130367397),
            (0.00371821761662, -0.0244519916926, -0.99969409069),
            (0.00420303585515, -0.00212717924372, -0.999988904737),
            (0.00139603957127, -0.0217068752262, -0.999763403332),
            (0.00371821761662, -0.0244519916926, -0.99969409069),
            (0.00115994047002, 0.00151689755936, -0.999998176778),
            (0.00420303585515, -0.00212717924372, -0.999988904737),
            (0.00139603957127, -0.0217068752262, -0.999763403332),
            (0.00476352425775, -0.00143135142427, -0.999987629958),
            (-0.00071229320574, -0.0148704756749, -0.999889174655),
            (0.00139603957127, -0.0217068752262, -0.999763403332),
            (0.00420303585515, -0.00212717924372, -0.999988904737),
            (0.00476352425775, -0.00143135142427, -0.999987629958),
            (-0.00071229320574, -0.0148704756749, -0.999889174655),
            (0.00393431469308, 0.000646976252962, -0.999992051263),
            (-0.000633260519957, -0.00766186166861, -0.999970446992),
            (-0.00071229320574, -0.0148704756749, -0.999889174655),
            (0.00476352425775, -0.00143135142427, -0.999987629958),
            (0.00393431469308, 0.000646976252962, -0.999992051263),
            (-0.000633260519957, -0.00766186166861, -0.999970446992),
            (0.00350225816373, 0.000547226251614, -0.999993717346),
            (0.00157110335765, -0.0027419995345, -0.999995006524),
            (-0.000633260519957, -0.00766186166861, -0.999970446992),
            (0.00393431469308, 0.000646976252962, -0.999992051263),
            (0.00350225816373, 0.000547226251614, -0.999993717346),
            (0.00157110335765, -0.0027419995345, -0.999995006524),
            (0.00501432724395, -0.00127244043591, -0.999986618619),
            (0.00237721863473, -0.000640126996212, -0.99999696953),
            (0.00157110335765, -0.0027419995345, -0.999995006524),
            (0.00350225816373, 0.000547226251614, -0.999993717346),
            (0.00501432724395, -0.00127244043591, -0.999986618619),
            (1, 0, 0),
            (1, 0, 0),
            (1, 0, 0),
            (1, 0, 0),
            (1, 0, 0),
            (1, 0, 0),
            (-0.00382551223401, 0.0157787089145, -0.999868190214),
            (-0.00414776969271, 0.0347433857319, -0.999387659097),
            (0.00115994047002, 0.00151689755936, -0.999998176778),
            (-0.00382551223401, 0.0157787089145, -0.999868190214),
            (-0.00883798468404, 0.0395630127583, -0.999177991175),
            (-0.00414776969271, 0.0347433857319, -0.999387659097),
            (-0.985679130524, 0.03432176776, 0.165101992439),
            (-0.985962144766, 0.0228223207089, 0.165401906779),
            (-0.985841903565, 0.0226267701631, 0.166143824583),
            (-0.985679130524, 0.03432176776, 0.165101992439),
            (-0.985369465653, 0.0459155600633, 0.164130367397),
            (-0.985962144766, 0.0228223207089, 0.165401906779),
            (0.00115994047002, 0.00151689755936, -0.999998176778),
            (0.00126019665939, 0.027942977794, -0.9996087244),
            (0.00420303585515, -0.00212717924372, -0.999988904737),
            (0.00115994047002, 0.00151689755936, -0.999998176778),
            (-0.00414776969271, 0.0347433857319, -0.999387659097),
            (0.00126019665939, 0.027942977794, -0.9996087244),
            (0.00420303585515, -0.00212717924372, -0.999988904737),
            (0.00400224721583, 0.0227227352903, -0.999733794226),
            (0.00476352425775, -0.00143135142427, -0.999987629958),
            (0.00420303585515, -0.00212717924372, -0.999988904737),
            (0.00126019665939, 0.027942977794, -0.9996087244),
            (0.00400224721583, 0.0227227352903, -0.999733794226),
            (0.00476352425775, -0.00143135142427, -0.999987629958),
            (0.00334443971316, 0.0186993543051, -0.999819558156),
            (0.00393431469308, 0.000646976252962, -0.999992051263),
            (0.00476352425775, -0.00143135142427, -0.999987629958),
            (0.00400224721583, 0.0227227352903, -0.999733794226),
            (0.00334443971316, 0.0186993543051, -0.999819558156),
            (0.00393431469308, 0.000646976252962, -0.999992051263),
            (0.00106985105783, 0.0130464769975, -0.999914318758),
            (0.00350225816373, 0.000547226251614, -0.999993717346),
            (0.00393431469308, 0.000646976252962, -0.999992051263),
            (0.00334443971316, 0.0186993543051, -0.999819558156),
            (0.00106985105783, 0.0130464769975, -0.999914318758),
            (0.00350225816373, 0.000547226251614, -0.999993717346),
            (0.00154232691371, 0.00543170669633, -0.999984058768),
            (0.00501432724395, -0.00127244043591, -0.999986618619),
            (0.00350225816373, 0.000547226251614, -0.999993717346),
            (0.00106985105783, 0.0130464769975, -0.999914318758),
            (0.00154232691371, 0.00543170669633, -0.999984058768),
            (1, 0, 0),
            (0.642527650951, 0.766262499254, 0),
            (0.644282111684, 0.764787918684, 0),
            (1, 0, 0),
            (1, 0, 0),
            (0.644282111684, 0.764787918684, 0),
            (0, 1, 0),
            (0, 1, 0),
            (0, 1, 0),
            (0, 1, 0),
            (0, 1, 0),
            (0, 1, 0),
            (0, 1, 0),
            (0, 1, 0),
            (0, 1, 0),
            (0, 1, 0),
            (0, 1, 0),
            (0, 1, 0),
            (0, 1, 0),
            (0, 1, 0),
            (0, 1, 0),
            (0, 1, 0),
            (0, 1, 0),
            (0, 1, 0),
            (0, 1, 0),
            (0, 1, 0),
            (0, 1, 0),
            (0, 1, 0),
            (0, 1, 0),
            (0, 1, 0),
            (0, 1, 0),
            (0, 1, 0),
            (0, 1, 0),
            (0, 1, 0),
            (0, 1, 0),
            (0, 1, 0),
            (0.642527650951, 0.766262499254, 0),
            (0, 1, 0),
            (0.644282111684, 0.764787918684, 0),
            (0, 1, 0),
            (0, 1, 0),
            (0.644282111684, 0.764787918684, 0),
            (0, -1, 0),
            (0, -1, 0),
            (0, -1, 0),
            (-0.98382349886, 0.0777367169351, 0.161394937752),
            (-0.98550979804, 0.0506006168574, 0.161895075718),
            (-0.986336823597, 0.0225912149156, 0.163184887244),
            (0, -1, 0),
            (0, -1, 0),
            (0, -1, 0),
            (-0.98382349886, 0.0777367169351, 0.161394937752),
            (-0.983888511722, 0.0782693287386, 0.160739878938),
            (-0.98550979804, 0.0506006168574, 0.161895075718),
            (0, -1, 0),
            (0, -1, 0),
            (0, -1, 0),
            (0, -1, 0),
            (0, -1, 0),
            (0, -1, 0),
            (0, -1, 0),
            (0, -1, 0),
            (0, -1, 0),
            (0, -1, 0),
            (0, -1, 0),
            (0, -1, 0),
            (0, -1, 0),
            (0, -1, 0),
            (0, -1, 0),
            (0, -1, 0),
            (0, -1, 0),
            (0, -1, 0),
            (0, -1, 0),
            (0, -1, 0),
            (0, -1, 0),
            (0, -1, 0),
            (0, -1, 0),
            (0, -1, 0),
            (0, -1, 0),
            (0.771558669488, -0.636158171793, 0),
            (0.49872314829, -0.866761340485, 0),
            (0, -1, 0),
            (0.49872314829, -0.866761340485, 0),
            (0, -1, 0),
            (0.771558669488, -0.636158171793, 0),
            (1, 0, 0),
            (1, 0, 0),
            (0.49872314829, -0.866761340485, 0),
            (0.771558669488, -0.636158171793, 0),
            (1, 0, 0),
            (-0.986336823597, 0.0225912149156, 0.163184887244),
            (-0.986347138758, -0.016029579391, 0.163897451012),
            (-0.985901556499, -0.0277469060133, 0.165009787888),
            (-0.986336823597, 0.0225912149156, 0.163184887244),
            (-0.98550979804, 0.0506006168574, 0.161895075718),
            (-0.986347138758, -0.016029579391, 0.163897451012),
            (1, 0, 0),
            (1, 0, 0),
            (1, 0, 0),
            (1, 0, 0),
            (1, 0, 0),
            (1, 0, 0),
            (-0.985901556499, -0.0277469060133, 0.165009787888),
            (-0.985505525388, -0.0376368132952, 0.165415627178),
            (-0.985471413472, -0.036666006115, 0.165836356766),
            (-0.985901556499, -0.0277469060133, 0.165009787888),
            (-0.986347138758, -0.016029579391, 0.163897451012),
            (-0.985505525388, -0.0376368132952, 0.165415627178),
            (1, 0, 0),
            (1, 0, 0),
            (1, 0, 0),
            (1, 0, 0),
            (1, 0, 0),
            (1, 0, 0),
            (-0.985471413472, -0.036666006115, 0.165836356766),
            (-0.986127443938, 0.00551261432318, 0.165898388767),
            (-0.985139352518, 0.0468065219452, 0.165256181801),
            (-0.985471413472, -0.036666006115, 0.165836356766),
            (-0.985505525388, -0.0376368132952, 0.165415627178),
            (-0.986127443938, 0.00551261432318, 0.165898388767),
            (1, 0, 0),
            (1, 0, 0),
            (1, 0, 0),
            (1, 0, 0),
            (1, 0, 0),
            (1, 0, 0),
            (-0.985139352518, 0.0468065219452, 0.165256181801),
            (-0.984838051045, 0.0542353376458, 0.164780282086),
            (-0.986195746573, 0.021382878769, 0.16419720441),
            (-0.985139352518, 0.0468065219452, 0.165256181801),
            (-0.986127443938, 0.00551261432318, 0.165898388767),
            (-0.984838051045, 0.0542353376458, 0.164780282086),
            (1, 0, 0),
            (1, 0, 0),
            (1, 0, 0),
            (1, 0, 0),
            (1, 0, 0),
            (1, 0, 0),
            (-0.986195746573, 0.021382878769, 0.16419720441),
            (-0.985989236636, -0.0316530932016, 0.163778224832),
            (-0.98525718061, -0.0510768336682, 0.163277203305),
            (-0.986195746573, 0.021382878769, 0.16419720441),
            (-0.984838051045, 0.0542353376458, 0.164780282086),
            (-0.985989236636, -0.0316530932016, 0.163778224832),
            (1, 0, 0),
            (1, 0, 0),
            (1, 0, 0),
            (1, 0, 0),
            (1, 0, 0),
            (1, 0, 0),
            (-0.98525718061, -0.0510768336682, 0.163277203305),
            (-0.986163007251, -0.0278033027604, 0.16343041175),
            (-0.986367430227, 0.0149107233082, 0.163880941291),
            (-0.98525718061, -0.0510768336682, 0.163277203305),
            (-0.985989236636, -0.0316530932016, 0.163778224832),
            (-0.986163007251, -0.0278033027604, 0.16343041175),
            (1, 0, 0),
            (1, 0, 0),
            (1, 0, 0),
            (1, 0, 0),
            (1, 0, 0),
            (1, 0, 0),
            (-0.986367430227, 0.0149107233082, 0.163880941291),
            (-0.985333287469, 0.0467066719005, 0.164124341293),
            (-0.985659203723, 0.0349051333955, 0.165098654685),
            (-0.986367430227, 0.0149107233082, 0.163880941291),
            (-0.986163007251, -0.0278033027604, 0.16343041175),
            (-0.985333287469, 0.0467066719005, 0.164124341293),
            (1, 0, 0),
            (1, 0, 0),
            (1, 0, 0),
            (1, 0, 0),
            (1, 0, 0),
            (1, 0, 0),
            (-0.985659203723, 0.0349051333955, 0.165098654685),
            (-0.985945184418, 0.0235636108396, 0.165399061564),
            (-0.985834554863, 0.0229536820572, 0.166142586107),
            (-0.985659203723, 0.0349051333955, 0.165098654685),
            (-0.985333287469, 0.0467066719005, 0.164124341293),
            (-0.985945184418, 0.0235636108396, 0.165399061564),
            (1, 0, 0),
            (0.644282111684, 0.764787918684, 0),
            (0.648902764211, 0.760871344315, 0),
            (1, 0, 0),
            (1, 0, 0),
            (0.648902764211, 0.760871344315, 0),
            (0, 1, 0),
            (0, 1, 0),
            (0, 1, 0),
            (0, 1, 0),
            (0, 1, 0),
            (0, 1, 0),
            (0, 1, 0),
            (0, 1, 0),
            (0, 1, 0),
            (0, 1, 0),
            (0, 1, 0),
            (0, 1, 0),
            (0, 1, 0),
            (0, 1, 0),
            (0, 1, 0),
            (0, 1, 0),
            (0, 1, 0),
            (0, 1, 0),
            (0, 1, 0),
            (0, 1, 0),
            (0, 1, 0),
            (0, 1, 0),
            (0, 1, 0),
            (0, 1, 0),
            (0, 1, 0),
            (0, 1, 0),
            (0, 1, 0),
            (0, 1, 0),
            (0, 1, 0),
            (0, 1, 0),
            (0.644282111684, 0.764787918684, 0),
            (0, 1, 0),
            (0.648902764211, 0.760871344315, 0),
            (0, 1, 0),
            (0, 1, 0),
            (0.648902764211, 0.760871344315, 0),
            (0, -1, 0),
            (0, -1, 0),
            (0, -1, 0),
            (-0.983772176843, 0.0784008656491, 0.161386518443),
            (-0.985479718645, 0.0511987159992, 0.161890134411),
            (-0.986312810835, 0.0236437802466, 0.163180914443),
            (0, -1, 0),
            (0, -1, 0),
            (0, -1, 0),
            (-0.983772176843, 0.0784008656491, 0.161386518443),
            (-0.983865970031, 0.0785597112289, 0.160736196256),
            (-0.985479718645, 0.0511987159992, 0.161890134411),
            (0, -1, 0),
            (0, -1, 0),
            (0, -1, 0),
            (0, -1, 0),
            (0, -1, 0),
            (0, -1, 0),
            (0, -1, 0),
            (0, -1, 0),
            (0, -1, 0),
            (0, -1, 0),
            (0, -1, 0),
            (0, -1, 0),
            (0, -1, 0),
            (0, -1, 0),
            (0, -1, 0),
            (0, -1, 0),
            (0, -1, 0),
            (0, -1, 0),
            (0, -1, 0),
            (0, -1, 0),
            (0, -1, 0),
            (0, -1, 0),
            (0, -1, 0),
            (0, -1, 0),
            (0, -1, 0),
            (0.49872314829, -0.866761340485, 0),
            (0.390958576135, -0.920408274488, 0),
            (0, -1, 0),
            (0.390958576135, -0.920408274488, 0),
            (0, -1, 0),
            (0.49872314829, -0.866761340485, 0),
            (1, 0, 0),
            (1, 0, 0),
            (0.390958576135, -0.920408274488, 0),
            (0.49872314829, -0.866761340485, 0),
            (1, 0, 0),
            (-0.986312810835, 0.0236437802466, 0.163180914443),
            (-0.986359551023, -0.0152245058339, 0.163899513509),
            (-0.985928820681, -0.0267324613376, 0.165014351078),
            (-0.986312810835, 0.0236437802466, 0.163180914443),
            (-0.985479718645, 0.0511987159992, 0.161890134411),
            (-0.986359551023, -0.0152245058339, 0.163899513509),
            (1, 0, 0),
            (1, 0, 0),
            (1, 0, 0),
            (1, 0, 0),
            (1, 0, 0),
            (1, 0, 0),
            (-0.985928820681, -0.0267324613376, 0.165014351078),
            (-0.985522201451, -0.0371851409931, 0.16541842623),
            (-0.98548274206, -0.0363515553356, 0.165838263155),
            (-0.985928820681, -0.0267324613376, 0.165014351078),
            (-0.986359551023, -0.0152245058339, 0.163899513509),
            (-0.985522201451, -0.0371851409931, 0.16541842623),
            (1, 0, 0),
            (1, 0, 0),
            (1, 0, 0),
            (1, 0, 0),
            (1, 0, 0),
            (1, 0, 0),
            (-0.98548274206, -0.0363515553356, 0.165838263155),
            (-0.986128190241, 0.00537357961243, 0.165898514319),
            (-0.985160172201, 0.0463538042008, 0.165259674283),
            (-0.98548274206, -0.0363515553356, 0.165838263155),
            (-0.985522201451, -0.0371851409931, 0.16541842623),
            (-0.986128190241, 0.00537357961243, 0.165898514319),
            (1, 0, 0),
            (1, 0, 0),
            (1, 0, 0),
            (1, 0, 0),
            (1, 0, 0),
            (1, 0, 0),
            (-0.985160172201, 0.0463538042008, 0.165259674283),
            (-0.984864609986, 0.053737269408, 0.164784725852),
            (-0.986210332321, 0.0206799658591, 0.164199632872),
            (-0.985160172201, 0.0463538042008, 0.165259674283),
            (-0.986128190241, 0.00537357961243, 0.165898514319),
            (-0.984864609986, 0.053737269408, 0.164784725852),
            (1, 0, 0),
            (1, 0, 0),
            (1, 0, 0),
            (1, 0, 0),
            (1, 0, 0),
            (1, 0, 0),
            (-0.986210332321, 0.0206799658591, 0.164199632872),
            (-0.985977364176, -0.0320308658386, 0.163776252752),
            (-0.985242459073, -0.0513677758619, 0.163274763646),
            (-0.986210332321, 0.0206799658591, 0.164199632872),
            (-0.984864609986, 0.053737269408, 0.164784725852),
            (-0.985977364176, -0.0320308658386, 0.163776252752),
            (1, 0, 0),
            (1, 0, 0),
            (1, 0, 0),
            (1, 0, 0),
            (1, 0, 0),
            (1, 0, 0),
            (-0.985242459073, -0.0513677758619, 0.163274763646),
            (-0.986165543369, -0.0277107237229, 0.163430832045),
            (-0.986361292471, 0.0153222725404, 0.163879921528),
            (-0.985242459073, -0.0513677758619, 0.163274763646),
            (-0.985977364176, -0.0320308658386, 0.163776252752),
            (-0.986165543369, -0.0277107237229, 0.163430832045),
            (1, 0, 0),
            (1, 0, 0),
            (1, 0, 0),
            (1, 0, 0),
            (1, 0, 0),
            (1, 0, 0),
            (-0.986361292471, 0.0153222725404, 0.163879921528),
            (-0.985309337502, 0.0472230821429, 0.164120352011),
            (-0.985630825786, 0.0357194483999, 0.165093901359),
            (-0.986361292471, 0.0153222725404, 0.163879921528),
            (-0.986165543369, -0.0277107237229, 0.163430832045),
            (-0.985309337502, 0.0472230821429, 0.164120352011),
            (1, 0, 0),
            (1, 0, 0),
            (1, 0, 0),
            (1, 0, 0),
            (1, 0, 0),
            (1, 0, 0),
            (-0.985630825786, 0.0357194483999, 0.165093901359),
            (-0.985927682613, 0.0243048621053, 0.165396125517),
            (-0.985807573397, 0.0241159751057, 0.166138038923),
            (-0.985630825786, 0.0357194483999, 0.165093901359),
            (-0.985309337502, 0.0472230821429, 0.164120352011),
            (-0.985927682613, 0.0243048621053, 0.165396125517),
            (1, 0, 0),
            (0.648902764211, 0.760871344315, 0),
            (0.653254740402, 0.757138193557, 0),
            (1, 0, 0),
            (1, 0, 0),
            (0.653254740402, 0.757138193557, 0),
            (0, 1, 0),
            (0, 1, 0),
            (0, 1, 0),
            (0, 1, 0),
            (0, 1, 0),
            (0, 1, 0),
            (0, 1, 0),
            (0, 1, 0),
            (0, 1, 0),
            (0, 1, 0),
            (0, 1, 0),
            (0, 1, 0),
            (0, 1, 0),
            (0, 1, 0),
            (0, 1, 0),
            (0, 1, 0),
            (0, 1, 0),
            (0, 1, 0),
            (0, 1, 0),
            (0, 1, 0),
            (0, 1, 0),
            (0, 1, 0),
            (0, 1, 0),
            (0, 1, 0),
            (0, 1, 0),
            (0, 1, 0),
            (0, 1, 0),
            (0, 1, 0),
            (0, 1, 0),
            (0, 1, 0),
            (0.648902764211, 0.760871344315, 0),
            (0, 1, 0),
            (0.653254740402, 0.757138193557, 0),
            (0, 1, 0),
            (0, 1, 0),
            (0.653254740402, 0.757138193557, 0),
            (-0.00561404980636, -0.00356274238265, 0.999977894411),
            (-0.00470274108263, 0.000220964438846, 0.999988917639),
            (-0.0022005492511, 0.00405440677248, 0.999989359628),
            (0.000542262264261, 0.00119187375427, 0.999999142694),
            (-0.00561404980636, -0.00356274238265, 0.999977894411),
            (-0.0022005492511, 0.00405440677248, 0.999989359628),
            (-0.00470274108263, 0.000220964438846, 0.999988917639),
            (-0.00014135575248, 0.00104267857956, 0.99999944642),
            (-0.000858611181976, 0.00686179786163, 0.999976088973),
            (-0.0022005492511, 0.00405440677248, 0.999989359628),
            (-0.00470274108263, 0.000220964438846, 0.999988917639),
            (-0.000858611181976, 0.00686179786163, 0.999976088973),
            (-0.00014135575248, 0.00104267857956, 0.99999944642),
            (0.00418342906633, -0.000854694959631, 0.999990884167),
            (0.00196429996546, 0.00532243967831, 0.999983906451),
            (-0.000858611181976, 0.00686179786163, 0.999976088973),
            (-0.00014135575248, 0.00104267857956, 0.99999944642),
            (0.00196429996546, 0.00532243967831, 0.999983906451),
            (0.00418342906633, -0.000854694959631, 0.999990884167),
            (0.00532546335227, -0.0024540963927, 0.999982808278),
            (0.00406660420951, 0.00163733676049, 0.999990390883),
            (0.00196429996546, 0.00532243967831, 0.999983906451),
            (0.00418342906633, -0.000854694959631, 0.999990884167),
            (0.00406660420951, 0.00163733676049, 0.999990390883),
            (0.00532546335227, -0.0024540963927, 0.999982808278),
            (0.00296363492241, -0.00166622274959, 0.999994220268),
            (0.0037459313656, -0.000716666215084, 0.999992727167),
            (0.00406660420951, 0.00163733676049, 0.999990390883),
            (0.00532546335227, -0.0024540963927, 0.999982808278),
            (0.0037459313656, -0.000716666215084, 0.999992727167),
            (0.00296363492241, -0.00166622274959, 0.999994220268),
            (0.000898885295382, 0, 0.999999596003),
            (0.00231391155847, -0.000829362076463, 0.999996978981),
            (0.0037459313656, -0.000716666215084, 0.999992727167),
            (0.00296363492241, -0.00166622274959, 0.999994220268),
            (0.00231391155847, -0.000829362076463, 0.999996978981),
            (0.000542262264261, 0.00119187375427, 0.999999142694),
            (-0.0022005492511, 0.00405440677248, 0.999989359628),
            (0.00329320890556, 0.0185069343702, 0.999823308468),
            (0.00729493108242, 0.0190660993053, 0.999791612206),
            (0.000542262264261, 0.00119187375427, 0.999999142694),
            (0.00329320890556, 0.0185069343702, 0.999823308468),
            (-0.0022005492511, 0.00405440677248, 0.999989359628),
            (-0.000858611181976, 0.00686179786163, 0.999976088973),
            (3.98267336557e-05, 0.0209666106121, 0.999780175665),
            (0.00329320890556, 0.0185069343702, 0.999823308468),
            (-0.0022005492511, 0.00405440677248, 0.999989359628),
            (3.98267336557e-05, 0.0209666106121, 0.999780175665),
            (-0.000858611181976, 0.00686179786163, 0.999976088973),
            (0.00196429996546, 0.00532243967831, 0.999983906451),
            (-0.00157193287345, 0.0187757715448, 0.999822483959),
            (3.98267336557e-05, 0.0209666106121, 0.999780175665),
            (-0.000858611181976, 0.00686179786163, 0.999976088973),
            (-0.00157193287345, 0.0187757715448, 0.999822483959),
            (0.00196429996546, 0.00532243967831, 0.999983906451),
            (0.00406660420951, 0.00163733676049, 0.999990390883),
            (-0.000957251059574, 0.0121995968008, 0.999925123951),
            (-0.00157193287345, 0.0187757715448, 0.999822483959),
            (0.00196429996546, 0.00532243967831, 0.999983906451),
            (-0.000957251059574, 0.0121995968008, 0.999925123951),
            (0.00406660420951, 0.00163733676049, 0.999990390883),
            (0.0037459313656, -0.000716666215084, 0.999992727167),
            (0.000503828223824, 0.00458968112429, 0.999989340435),
            (-0.000957251059574, 0.0121995968008, 0.999925123951),
            (0.00406660420951, 0.00163733676049, 0.999990390883),
            (0.000503828223824, 0.00458968112429, 0.999989340435),
            (0.0037459313656, -0.000716666215084, 0.999992727167),
            (0.00231391155847, -0.000829362076463, 0.999996978981),
            (0.00213170810034, 0.000520132431543, 0.999997592639),
            (0.000503828223824, 0.00458968112429, 0.999989340435),
            (0.0037459313656, -0.000716666215084, 0.999992727167),
            (0.00213170810034, 0.000520132431543, 0.999997592639),
            (0.00729493108242, 0.0190660993053, 0.999791612206),
            (0.00329320890556, 0.0185069343702, 0.999823308468),
            (0.00651986450942, 0.0123345371044, 0.999902670544),
            (0.00915326941255, 0.00710892905933, 0.999932838138),
            (0.00729493108242, 0.0190660993053, 0.999791612206),
            (0.00651986450942, 0.0123345371044, 0.999902670544),
            (0.00329320890556, 0.0185069343702, 0.999823308468),
            (3.98267336557e-05, 0.0209666106121, 0.999780175665),
            (0.000719764711812, 0.01422029943, 0.999898627373),
            (0.00651986450942, 0.0123345371044, 0.999902670544),
            (0.00329320890556, 0.0185069343702, 0.999823308468),
            (0.000719764711812, 0.01422029943, 0.999898627373),
            (3.98267336557e-05, 0.0209666106121, 0.999780175665),
            (-0.00157193287345, 0.0187757715448, 0.999822483959),
            (-0.00501472259565, 0.0144212442926, 0.999883433341),
            (0.000719764711812, 0.01422029943, 0.999898627373),
            (3.98267336557e-05, 0.0209666106121, 0.999780175665),
            (-0.00501472259565, 0.0144212442926, 0.999883433341),
            (-0.00157193287345, 0.0187757715448, 0.999822483959),
            (-0.000957251059574, 0.0121995968008, 0.999925123951),
            (-0.00742028512931, 0.011531032633, 0.999905982908),
            (-0.00501472259565, 0.0144212442926, 0.999883433341),
            (-0.00157193287345, 0.0187757715448, 0.999822483959),
            (-0.00742028512931, 0.011531032633, 0.999905982908),
            (-0.000957251059574, 0.0121995968008, 0.999925123951),
            (0.000503828223824, 0.00458968112429, 0.999989340435),
            (-0.00599548494407, 0.00640955865488, 0.999961485117),
            (-0.00742028512931, 0.011531032633, 0.999905982908),
            (-0.000957251059574, 0.0121995968008, 0.999925123951),
            (-0.00599548494407, 0.00640955865488, 0.999961485117),
            (0.000503828223824, 0.00458968112429, 0.999989340435),
            (0.00213170810034, 0.000520132431543, 0.999997592639),
            (-0.00345200339781, 0.00297353568698, 0.999989620825),
            (-0.00599548494407, 0.00640955865488, 0.999961485117),
            (0.000503828223824, 0.00458968112429, 0.999989340435),
            (-0.00345200339781, 0.00297353568698, 0.999989620825),
            (0.00915326941255, 0.00710892905933, 0.999932838138),
            (0.00651986450942, 0.0123345371044, 0.999902670544),
            (0.00681912234418, -0.0195740711981, 0.999785154574),
            (0.00621159615225, -0.0225368741576, 0.999726715346),
            (0.00915326941255, 0.00710892905933, 0.999932838138),
            (0.00681912234418, -0.0195740711981, 0.999785154574),
            (0.00651986450942, 0.0123345371044, 0.999902670544),
            (0.000719764711812, 0.01422029943, 0.999898627373),
            (0.00295107973103, -0.0184426053891, 0.999825565504),
            (0.00681912234418, -0.0195740711981, 0.999785154574),
            (0.00651986450942, 0.0123345371044, 0.999902670544),
            (0.00295107973103, -0.0184426053891, 0.999825565504),
            (0.000719764711812, 0.01422029943, 0.999898627373),
            (-0.00501472259565, 0.0144212442926, 0.999883433341),
            (-0.00285132204457, -0.0138669774541, 0.999899783428),
            (0.00295107973103, -0.0184426053891, 0.999825565504),
            (0.000719764711812, 0.01422029943, 0.999898627373),
            (-0.00285132204457, -0.0138669774541, 0.999899783428),
            (-0.00501472259565, 0.0144212442926, 0.999883433341),
            (-0.00742028512931, 0.011531032633, 0.999905982908),
            (-0.00678321864667, -0.00787798493344, 0.999945961189),
            (-0.00285132204457, -0.0138669774541, 0.999899783428),
            (-0.00501472259565, 0.0144212442926, 0.999883433341),
            (-0.00678321864667, -0.00787798493344, 0.999945961189),
            (-0.00742028512931, 0.011531032633, 0.999905982908),
            (-0.00599548494407, 0.00640955865488, 0.999961485117),
            (-0.0065211754009, -0.00265554147992, 0.999975210878),
            (-0.00678321864667, -0.00787798493344, 0.999945961189),
            (-0.00742028512931, 0.011531032633, 0.999905982908),
            (-0.0065211754009, -0.00265554147992, 0.999975210878),
            (-0.00599548494407, 0.00640955865488, 0.999961485117),
            (-0.00345200339781, 0.00297353568698, 0.999989620825),
            (-0.00640282881744, 0.000233604404919, 0.999979474395),
            (-0.0065211754009, -0.00265554147992, 0.999975210878),
            (-0.00599548494407, 0.00640955865488, 0.999961485117),
            (-0.00640282881744, 0.000233604404919, 0.999979474395),
            (0.00621159615225, -0.0225368741576, 0.999726715346),
            (0.00681912234418, -0.0195740711981, 0.999785154574),
            (0.00365028348418, -0.0219413625793, 0.999752595415),
            (0.00033772854654, -0.0137691982894, 0.99990514306),
            (0.00621159615225, -0.0225368741576, 0.999726715346),
            (0.00365028348418, -0.0219413625793, 0.999752595415),
            (0.00681912234418, -0.0195740711981, 0.999785154574),
            (0.00295107973103, -0.0184426053891, 0.999825565504),
            (0.00451533550682, -0.0251604006565, 0.999673229603),
            (0.00365028348418, -0.0219413625793, 0.999752595415),
            (0.00681912234418, -0.0195740711981, 0.999785154574),
            (0.00451533550682, -0.0251604006565, 0.999673229603),
            (0.00295107973103, -0.0184426053891, 0.999825565504),
            (-0.00285132204457, -0.0138669774541, 0.999899783428),
            (0.00288742272225, -0.0230124953527, 0.999731007745),
            (0.00451533550682, -0.0251604006565, 0.999673229603),
            (0.00295107973103, -0.0184426053891, 0.999825565504),
            (0.00288742272225, -0.0230124953527, 0.999731007745),
            (-0.00285132204457, -0.0138669774541, 0.999899783428),
            (-0.00678321864667, -0.00787798493344, 0.999945961189),
            (0.000527203298057, -0.0161721478577, 0.999869083276),
            (0.00288742272225, -0.0230124953527, 0.999731007745),
            (-0.00285132204457, -0.0138669774541, 0.999899783428),
            (0.000527203298057, -0.0161721478577, 0.999869083276),
            (-0.00678321864667, -0.00787798493344, 0.999945961189),
            (-0.0065211754009, -0.00265554147992, 0.999975210878),
            (-0.000114198133563, -0.00794468366912, 0.999968433982),
            (0.000527203298057, -0.0161721478577, 0.999869083276),
            (-0.00678321864667, -0.00787798493344, 0.999945961189),
            (-0.000114198133563, -0.00794468366912, 0.999968433982),
            (-0.0065211754009, -0.00265554147992, 0.999975210878),
            (-0.00640282881744, 0.000233604404919, 0.999979474395),
            (-0.00132912111734, -0.00309127261984, 0.999994338719),
            (-0.000114198133563, -0.00794468366912, 0.999968433982),
            (-0.0065211754009, -0.00265554147992, 0.999975210878),
            (-0.00132912111734, -0.00309127261984, 0.999994338719),
            (0.00033772854654, -0.0137691982894, 0.99990514306),
            (0.00365028348418, -0.0219413625793, 0.999752595415),
            (-0.00245711274738, 0.0034585708703, 0.999991000402),
            (-0.00524281676956, 0.0102124066747, 0.99993410764),
            (0.00033772854654, -0.0137691982894, 0.99990514306),
            (-0.00245711274738, 0.0034585708703, 0.999991000402),
            (0.00365028348418, -0.0219413625793, 0.999752595415),
            (0.00451533550682, -0.0251604006565, 0.999673229603),
            (0.00121963792462, -0.00253525077215, 0.999996042486),
            (-0.00245711274738, 0.0034585708703, 0.999991000402),
            (0.00365028348418, -0.0219413625793, 0.999752595415),
            (0.00121963792462, -0.00253525077215, 0.999996042486),
            (0.00451533550682, -0.0251604006565, 0.999673229603),
            (0.00288742272225, -0.0230124953527, 0.999731007745),
            (0.00428125141854, -0.00623600386899, 0.999971391162),
            (0.00121963792462, -0.00253525077215, 0.999996042486),
            (0.00451533550682, -0.0251604006565, 0.999673229603),
            (0.00428125141854, -0.00623600386899, 0.999971391162),
            (0.00288742272225, -0.0230124953527, 0.999731007745),
            (0.000527203298057, -0.0161721478577, 0.999869083276),
            (0.00525006951263, -0.00587153274952, 0.999968980456),
            (0.00428125141854, -0.00623600386899, 0.999971391162),
            (0.00288742272225, -0.0230124953527, 0.999731007745),
            (0.00525006951263, -0.00587153274952, 0.999968980456),
            (0.000527203298057, -0.0161721478577, 0.999869083276),
            (-0.000114198133563, -0.00794468366912, 0.999968433982),
            (0.00461513268616, -0.00312287663901, 0.999984473975),
            (0.00525006951263, -0.00587153274952, 0.999968980456),
            (0.000527203298057, -0.0161721478577, 0.999869083276),
            (0.00461513268616, -0.00312287663901, 0.999984473975),
            (-0.000114198133563, -0.00794468366912, 0.999968433982),
            (-0.00132912111734, -0.00309127261984, 0.999994338719),
            (0.00400990700973, -0.00153906055399, 0.999990775927),
            (0.00461513268616, -0.00312287663901, 0.999984473975),
            (-0.000114198133563, -0.00794468366912, 0.999968433982),
            (0.00400990700973, -0.00153906055399, 0.999990775927),
            (-0.00524281676956, 0.0102124066747, 0.99993410764),
            (-0.00245711274738, 0.0034585708703, 0.999991000402),
            (-0.00732917752641, 0.0252315024443, 0.999654767628),
            (-0.00701845995173, 0.0290836731519, 0.999552340388),
            (-0.00524281676956, 0.0102124066747, 0.99993410764),
            (-0.00732917752641, 0.0252315024443, 0.999654767628),
            (-0.00245711274738, 0.0034585708703, 0.999991000402),
            (0.00121963792462, -0.00253525077215, 0.999996042486),
            (-0.00477412706554, 0.0201616915529, 0.999785333911),
            (-0.00732917752641, 0.0252315024443, 0.999654767628),
            (-0.00245711274738, 0.0034585708703, 0.999991000402),
            (-0.00477412706554, 0.0201616915529, 0.999785333911),
            (0.00121963792462, -0.00253525077215, 0.999996042486),
            (0.00428125141854, -0.00623600386899, 0.999971391162),
            (0.000181707823882, 0.0132583495774, 0.99991208771),
            (-0.00477412706554, 0.0201616915529, 0.999785333911),
            (0.00121963792462, -0.00253525077215, 0.999996042486),
            (0.000181707823882, 0.0132583495774, 0.99991208771),
            (0.00428125141854, -0.00623600386899, 0.999971391162),
            (0.00525006951263, -0.00587153274952, 0.999968980456),
            (0.00393821574542, 0.00720633179326, 0.999966279051),
            (0.000181707823882, 0.0132583495774, 0.99991208771),
            (0.00428125141854, -0.00623600386899, 0.999971391162),
            (0.00393821574542, 0.00720633179326, 0.999966279051),
            (0.00525006951263, -0.00587153274952, 0.999968980456),
            (0.00461513268616, -0.00312287663901, 0.999984473975),
            (0.00427600315095, 0.00287040972459, 0.999986738185),
            (0.00393821574542, 0.00720633179326, 0.999966279051),
            (0.00525006951263, -0.00587153274952, 0.999968980456),
            (0.00427600315095, 0.00287040972459, 0.999986738185),
            (0.00461513268616, -0.00312287663901, 0.999984473975),
            (0.00400990700973, -0.00153906055399, 0.999990775927),
            (0.00490547627204, 0.000251084219062, 0.999987936557),
            (0.00427600315095, 0.00287040972459, 0.999986738185),
            (0.00461513268616, -0.00312287663901, 0.999984473975),
            (0.00490547627204, 0.000251084219062, 0.999987936557),
            (-0.00701845995173, 0.0290836731519, 0.999552340388),
            (-0.00732917752641, 0.0252315024443, 0.999654767628),
            (-0.00747309008895, 0.00667198153479, 0.999949817534),
            (-0.00430440425537, -0.00569421427528, 0.999974523689),
            (-0.00701845995173, 0.0290836731519, 0.999552340388),
            (-0.00747309008895, 0.00667198153479, 0.999949817534),
            (-0.00732917752641, 0.0252315024443, 0.999654767628),
            (-0.00477412706554, 0.0201616915529, 0.999785333911),
            (-0.00837459969496, 0.00932108384357, 0.999921488656),
            (-0.00747309008895, 0.00667198153479, 0.999949817534),
            (-0.00732917752641, 0.0252315024443, 0.999654767628),
            (-0.00837459969496, 0.00932108384357, 0.999921488656),
            (-0.00477412706554, 0.0201616915529, 0.999785333911),
            (0.000181707823882, 0.0132583495774, 0.99991208771),
            (-0.00511138382311, 0.00861085542178, 0.999949862205),
            (-0.00837459969496, 0.00932108384357, 0.999921488656),
            (-0.00477412706554, 0.0201616915529, 0.999785333911),
            (-0.00511138382311, 0.00861085542178, 0.999949862205),
            (0.000181707823882, 0.0132583495774, 0.99991208771),
            (0.00393821574542, 0.00720633179326, 0.999966279051),
            (-0.000936523633505, 0.00596309312423, 0.999981782056),
            (-0.00511138382311, 0.00861085542178, 0.999949862205),
            (0.000181707823882, 0.0132583495774, 0.99991208771),
            (-0.000936523633505, 0.00596309312423, 0.999981782056),
            (0.00393821574542, 0.00720633179326, 0.999966279051),
            (0.00427600315095, 0.00287040972459, 0.999986738185),
            (0.000479318347988, 0.00355067671977, 0.999993581454),
            (-0.000936523633505, 0.00596309312423, 0.999981782056),
            (0.00393821574542, 0.00720633179326, 0.999966279051),
            (0.000479318347988, 0.00355067671977, 0.999993581454),
            (0.00427600315095, 0.00287040972459, 0.999986738185),
            (0.00490547627204, 0.000251084219062, 0.999987936557),
            (0.000426166190427, 0.00249802952183, 0.99999678911),
            (0.000479318347988, 0.00355067671977, 0.999993581454),
            (0.00427600315095, 0.00287040972459, 0.999986738185),
            (0.000426166190427, 0.00249802952183, 0.99999678911),
            (-0.00430440425537, -0.00569421427528, 0.999974523689),
            (-0.00747309008895, 0.00667198153479, 0.999949817534),
            (-0.00340233985367, -0.0247238116501, 0.999688530104),
            (-0.000374134348408, -0.0283743327471, 0.999597297548),
            (-0.00430440425537, -0.00569421427528, 0.999974523689),
            (-0.00340233985367, -0.0247238116501, 0.999688530104),
            (-0.00747309008895, 0.00667198153479, 0.999949817534),
            (-0.00837459969496, 0.00932108384357, 0.999921488656),
            (-0.00599789904744, -0.0182232549806, 0.999815952156),
            (-0.00340233985367, -0.0247238116501, 0.999688530104),
            (-0.00747309008895, 0.00667198153479, 0.999949817534),
            (-0.00599789904744, -0.0182232549806, 0.999815952156),
            (-0.00837459969496, 0.00932108384357, 0.999921488656),
            (-0.00511138382311, 0.00861085542178, 0.999949862205),
            (-0.00486005851412, -0.0122447977075, 0.999913218615),
            (-0.00599789904744, -0.0182232549806, 0.999815952156),
            (-0.00837459969496, 0.00932108384357, 0.999921488656),
            (-0.00486005851412, -0.0122447977075, 0.999913218615),
            (-0.00511138382311, 0.00861085542178, 0.999949862205),
            (-0.000936523633505, 0.00596309312423, 0.999981782056),
            (-0.00143597624206, -0.00836649391015, 0.999963969227),
            (-0.00486005851412, -0.0122447977075, 0.999913218615),
            (-0.00511138382311, 0.00861085542178, 0.999949862205),
            (-0.00143597624206, -0.00836649391015, 0.999963969227),
            (-0.000936523633505, 0.00596309312423, 0.999981782056),
            (0.000479318347988, 0.00355067671977, 0.999993581454),
            (0.000936308270327, -0.00546186304288, 0.999984645572),
            (-0.00143597624206, -0.00836649391015, 0.999963969227),
            (-0.000936523633505, 0.00596309312423, 0.999981782056),
            (0.000936308270327, -0.00546186304288, 0.999984645572),
            (0.000479318347988, 0.00355067671977, 0.999993581454),
            (0.000426166190427, 0.00249802952183, 0.99999678911),
            (0.000224148272688, -0.00226336552443, 0.999997413464),
            (0.000936308270327, -0.00546186304288, 0.999984645572),
            (0.000479318347988, 0.00355067671977, 0.999993581454),
            (0.000224148272688, -0.00226336552443, 0.999997413464)
        ] (
            interpolation = "faceVarying"
        )
        custom string drAnmar:normalContract = "area_weighted_smooth_with_material_seams"
        uniform token subdivisionScheme = "none"
        uniform token orientation = "rightHanded"
        uniform token subsetFamily:materialBind:familyType = "partition"
        custom int[] drAnmar:faceSet:safe_bite_surface = [297, 308, 309, 320, 321, 332, 333, 344, 345, 356, 357, 368, 369, 380, 381, 392, 687, 698, 699, 710, 711, 722, 723, 734, 735, 746, 747, 758, 759, 770, 771, 782]
        custom int[] drAnmar:faceSet:unsafe_edge_surface = [299, 310, 311, 322, 323, 334, 335, 346, 347, 358, 359, 370, 371, 382, 383, 394, 685, 696, 697, 708, 709, 720, 721, 732, 733, 744, 745, 756, 757, 768, 769, 780]
        custom int[] drAnmar:faceSet:contact_roi_surface = [297, 299, 306, 308, 309, 310, 311, 318, 320, 321, 322, 323, 330, 332, 333, 334, 335, 342, 344, 345, 346, 347, 354, 356, 357, 358, 359, 366, 368, 369, 370, 371, 378, 380, 381, 382, 383, 390, 392, 394, 685, 687, 689, 696, 697, 698, 699, 701, 708, 709, 710, 711, 713, 720, 721, 722, 723, 725, 732, 733, 734, 735, 737, 744, 745, 746, 747, 749, 756, 757, 758, 759, 761, 768, 769, 770, 771, 773, 780, 782]
        custom int[] drAnmar:faceSet:wound_surface = [26, 27, 42, 43, 58, 59, 74, 75, 90, 91, 106, 107, 122, 123, 138, 139, 154, 155, 182, 183, 186, 187, 190, 191, 194, 195, 198, 199, 202, 203, 206, 207, 210, 211, 214, 215, 242, 243, 246, 247, 250, 251, 254, 255, 258, 259, 262, 263, 266, 267, 270, 271, 274, 275, 399, 401, 426, 427, 442, 443, 458, 459, 474, 475, 490, 491, 506, 507, 522, 523, 538, 539, 565, 567, 580, 581, 584, 585, 588, 589, 592, 593, 596, 597, 600, 601, 604, 605, 608, 609, 625, 627, 640, 641, 644, 645, 648, 649, 652, 653, 656, 657, 660, 661, 664, 665, 668, 669]

        def GeomSubset "SurfaceFaces" (
            prepend apiSchemas = ["MaterialBindingAPI"]
        )
        {
            uniform token elementType = "face"
            uniform token familyName = "materialBind"
            int[] indices = [288, 289, 290, 291, 292, 293, 294, 295, 296, 297, 298, 299, 300, 301, 302, 303, 304, 305, 306, 307, 308, 309, 310, 311, 312, 313, 314, 315, 316, 317, 318, 319, 320, 321, 322, 323, 324, 325, 326, 327, 328, 329, 330, 331, 332, 333, 334, 335, 336, 337, 338, 339, 340, 341, 342, 343, 344, 345, 346, 347, 348, 349, 350, 351, 352, 353, 354, 355, 356, 357, 358, 359, 360, 361, 362, 363, 364, 365, 366, 367, 368, 369, 370, 371, 372, 373, 374, 375, 376, 377, 378, 379, 380, 381, 382, 383, 384, 385, 386, 387, 388, 389, 390, 391, 392, 393, 394, 395, 684, 685, 686, 687, 688, 689, 690, 691, 692, 693, 694, 695, 696, 697, 698, 699, 700, 701, 702, 703, 704, 705, 706, 707, 708, 709, 710, 711, 712, 713, 714, 715, 716, 717, 718, 719, 720, 721, 722, 723, 724, 725, 726, 727, 728, 729, 730, 731, 732, 733, 734, 735, 736, 737, 738, 739, 740, 741, 742, 743, 744, 745, 746, 747, 748, 749, 750, 751, 752, 753, 754, 755, 756, 757, 758, 759, 760, 761, 762, 763, 764, 765, 766, 767, 768, 769, 770, 771, 772, 773, 774, 775, 776, 777, 778, 779, 780, 781, 782, 783, 784, 785, 786, 787, 788, 789, 790, 791]
            rel material:binding = </DrAnmarNeedleReadyTissue/Materials/Surface>
        }

        def GeomSubset "BulkFaces" (
            prepend apiSchemas = ["MaterialBindingAPI"]
        )
        {
            uniform token elementType = "face"
            uniform token familyName = "materialBind"
            int[] indices = [1, 3, 4, 5, 7, 9, 11, 13, 15, 17, 19, 21, 23, 25, 30, 31, 46, 47, 62, 63, 78, 79, 94, 95, 110, 111, 126, 127, 142, 143, 156, 157, 158, 159, 160, 161, 162, 163, 164, 165, 166, 167, 168, 169, 170, 171, 172, 173, 174, 175, 176, 177, 178, 179, 180, 181, 184, 185, 188, 189, 192, 193, 196, 197, 200, 201, 204, 205, 208, 209, 212, 213, 216, 217, 218, 219, 220, 221, 222, 223, 224, 225, 226, 227, 228, 229, 230, 231, 232, 233, 234, 235, 236, 237, 238, 239, 240, 241, 244, 245, 248, 249, 252, 253, 256, 257, 260, 261, 264, 265, 268, 269, 272, 273, 276, 277, 278, 279, 280, 281, 282, 283, 284, 285, 286, 287, 397, 400, 403, 405, 407, 409, 411, 413, 415, 417, 419, 421, 422, 423, 438, 439, 454, 455, 470, 471, 486, 487, 502, 503, 518, 519, 534, 535, 550, 551, 552, 553, 554, 555, 556, 557, 558, 559, 560, 561, 562, 563, 564, 566, 568, 569, 570, 571, 572, 573, 574, 575, 576, 577, 578, 579, 582, 583, 586, 587, 590, 591, 594, 595, 598, 599, 602, 603, 606, 607, 610, 611, 612, 613, 614, 615, 616, 617, 618, 619, 620, 621, 622, 623, 624, 626, 628, 629, 630, 631, 632, 633, 634, 635, 636, 637, 638, 639, 642, 643, 646, 647, 650, 651, 654, 655, 658, 659, 662, 663, 666, 667, 670, 671, 672, 673, 674, 675, 676, 677, 678, 679, 680, 681, 682, 683]
            rel material:binding = </DrAnmarNeedleReadyTissue/Materials/Bulk>
        }

        def GeomSubset "FasciaFaces" (
            prepend apiSchemas = ["MaterialBindingAPI"]
        )
        {
            uniform token elementType = "face"
            uniform token familyName = "materialBind"
            int[] indices = [0, 2, 6, 8, 10, 12, 14, 16, 18, 20, 22, 24, 28, 29, 32, 33, 34, 35, 36, 37, 38, 39, 40, 41, 44, 45, 48, 49, 50, 51, 52, 53, 54, 55, 56, 57, 60, 61, 64, 65, 66, 67, 68, 69, 70, 71, 72, 73, 76, 77, 80, 81, 82, 83, 84, 85, 86, 87, 88, 89, 92, 93, 96, 97, 98, 99, 100, 101, 102, 103, 104, 105, 108, 109, 112, 113, 114, 115, 116, 117, 118, 119, 120, 121, 124, 125, 128, 129, 130, 131, 132, 133, 134, 135, 136, 137, 140, 141, 144, 145, 146, 147, 148, 149, 150, 151, 152, 153, 396, 398, 402, 404, 406, 408, 410, 412, 414, 416, 418, 420, 424, 425, 428, 429, 430, 431, 432, 433, 434, 435, 436, 437, 440, 441, 444, 445, 446, 447, 448, 449, 450, 451, 452, 453, 456, 457, 460, 461, 462, 463, 464, 465, 466, 467, 468, 469, 472, 473, 476, 477, 478, 479, 480, 481, 482, 483, 484, 485, 488, 489, 492, 493, 494, 495, 496, 497, 498, 499, 500, 501, 504, 505, 508, 509, 510, 511, 512, 513, 514, 515, 516, 517, 520, 521, 524, 525, 526, 527, 528, 529, 530, 531, 532, 533, 536, 537, 540, 541, 542, 543, 544, 545, 546, 547, 548, 549]
            rel material:binding = </DrAnmarNeedleReadyTissue/Materials/Fascia>
        }

        def GeomSubset "WoundSurfaceFaces" (
            prepend apiSchemas = ["MaterialBindingAPI"]
        )
        {
            uniform token elementType = "face"
            uniform token familyName = "materialBind"
            int[] indices = [242, 243, 246, 247, 250, 251, 254, 255, 258, 259, 262, 263, 266, 267, 270, 271, 274, 275, 625, 627, 640, 641, 644, 645, 648, 649, 652, 653, 656, 657, 660, 661, 664, 665, 668, 669]
            rel material:binding = </DrAnmarNeedleReadyTissue/Materials/WoundSurface>
        }

        def GeomSubset "WoundBulkFaces" (
            prepend apiSchemas = ["MaterialBindingAPI"]
        )
        {
            uniform token elementType = "face"
            uniform token familyName = "materialBind"
            int[] indices = [182, 183, 186, 187, 190, 191, 194, 195, 198, 199, 202, 203, 206, 207, 210, 211, 214, 215, 565, 567, 580, 581, 584, 585, 588, 589, 592, 593, 596, 597, 600, 601, 604, 605, 608, 609]
            rel material:binding = </DrAnmarNeedleReadyTissue/Materials/WoundBulk>
        }

        def GeomSubset "WoundFasciaFaces" (
            prepend apiSchemas = ["MaterialBindingAPI"]
        )
        {
            uniform token elementType = "face"
            uniform token familyName = "materialBind"
            int[] indices = [26, 27, 42, 43, 58, 59, 74, 75, 90, 91, 106, 107, 122, 123, 138, 139, 154, 155, 399, 401, 426, 427, 442, 443, 458, 459, 474, 475, 490, 491, 506, 507, 522, 523, 538, 539]
            rel material:binding = </DrAnmarNeedleReadyTissue/Materials/WoundFascia>
        }
    }
}
